METHOD|FULL_PATH|AUTH|CONTROLLER|SOURCE_FILE
GET|/api-docs|public (non-prod or ENABLE_SWAGGER=true)|swaggerUi.setup|src/app.ts
GET|/api-docs/|public (non-prod or ENABLE_SWAGGER=true)|swaggerUi.setup|src/app.ts
POST|/api/payment/callback|customer JWT (Bearer)|paymentCallback|src/modules/payments/payment-api.routes.ts
POST|/api/payment/initiate|customer JWT (Bearer)|initiateStandalonePayment|src/modules/payments/payment-api.routes.ts
GET|/api/payment/status/:orderId|customer JWT (Bearer)|getPaymentStatus|src/modules/payments/payment-api.routes.ts
POST|/api/payment/transaction-status|public|getTransactionStatusPostTxn|src/modules/payments/payment-api.routes.ts
GET|/api/v1/admin/access-logs|admin JWT (Bearer or cookie selorg_admin_token); roles: admin, super_admin; perm: PERMISSIONS.COMPLIANCE_AUDIT_READ|activityLogsController.getAccessLogs|src/modules/admin/activity-logs.routes.ts
GET|/api/v1/admin/analytics/categories|admin JWT (Bearer or cookie selorg_admin_token); roles: admin, super_admin; perm: PERMISSIONS.ANALYTICS_REPORTS_READ; zod|controller.getCategoryAnalytics|src/modules/admin/analytics.routes.ts
POST|/api/v1/admin/analytics/custom-report|admin JWT (Bearer or cookie selorg_admin_token); roles: admin, super_admin; perm: PERMISSIONS.ANALYTICS_REPORTS_READ; zod|controller.createCustomReport|src/modules/admin/analytics.routes.ts
GET|/api/v1/admin/analytics/customers|admin JWT (Bearer or cookie selorg_admin_token); roles: admin, super_admin; perm: PERMISSIONS.ANALYTICS_REPORTS_READ; zod|controller.getCustomerMetrics|src/modules/admin/analytics.routes.ts
GET|/api/v1/admin/analytics/export|admin JWT (Bearer or cookie selorg_admin_token); roles: admin, super_admin; perm: PERMISSIONS.ANALYTICS_REPORTS_READ; zod|controller.exportReport|src/modules/admin/analytics.routes.ts
GET|/api/v1/admin/analytics/financial-summary|admin JWT (Bearer or cookie selorg_admin_token); roles: admin, super_admin; perm: PERMISSIONS.ANALYTICS_REPORTS_READ; zod|controller.getFinancialSummary|src/modules/admin/analytics.routes.ts
GET|/api/v1/admin/analytics/funnel|admin JWT (Bearer or cookie selorg_admin_token); roles: admin, super_admin; perm: PERMISSIONS.ANALYTICS_REPORTS_READ|controller.getConversionFunnel|src/modules/admin/analytics.routes.ts
GET|/api/v1/admin/analytics/growth|admin JWT (Bearer or cookie selorg_admin_token); roles: admin, super_admin; perm: PERMISSIONS.ANALYTICS_REPORTS_READ; zod|controller.getGrowthTrends|src/modules/admin/analytics.routes.ts
GET|/api/v1/admin/analytics/inventory-health|admin JWT (Bearer or cookie selorg_admin_token); roles: admin, super_admin; perm: PERMISSIONS.ANALYTICS_REPORTS_READ|controller.getInventoryHealth|src/modules/admin/analytics.routes.ts
GET|/api/v1/admin/analytics/operational|admin JWT (Bearer or cookie selorg_admin_token); roles: admin, super_admin; perm: PERMISSIONS.ANALYTICS_REPORTS_READ; zod|controller.getOperationalMetrics|src/modules/admin/analytics.routes.ts
GET|/api/v1/admin/analytics/orders-by-hour|admin JWT (Bearer or cookie selorg_admin_token); roles: admin, super_admin; perm: PERMISSIONS.ANALYTICS_REPORTS_READ; zod|controller.getOrdersByHour|src/modules/admin/analytics.routes.ts
GET|/api/v1/admin/analytics/payment-methods|admin JWT (Bearer or cookie selorg_admin_token); roles: admin, super_admin; perm: PERMISSIONS.ANALYTICS_REPORTS_READ; zod|controller.getPaymentMethods|src/modules/admin/analytics.routes.ts
GET|/api/v1/admin/analytics/peak-hours|admin JWT (Bearer or cookie selorg_admin_token); roles: admin, super_admin; perm: PERMISSIONS.ANALYTICS_REPORTS_READ; zod|controller.getPeakHours|src/modules/admin/analytics.routes.ts
GET|/api/v1/admin/analytics/picker-drilldown/:pickerId|admin JWT (Bearer or cookie selorg_admin_token); roles: admin, super_admin; perm: PERMISSIONS.ANALYTICS_REPORTS_READ; zod|controller.getPickerDrilldown|src/modules/admin/analytics.routes.ts
GET|/api/v1/admin/analytics/pickers|admin JWT (Bearer or cookie selorg_admin_token); roles: admin, super_admin; perm: PERMISSIONS.ANALYTICS_REPORTS_READ|controller.getPickerAnalytics|src/modules/admin/analytics.routes.ts
GET|/api/v1/admin/analytics/products|admin JWT (Bearer or cookie selorg_admin_token); roles: admin, super_admin; perm: PERMISSIONS.ANALYTICS_REPORTS_READ; zod|controller.getProductPerformance|src/modules/admin/analytics.routes.ts
GET|/api/v1/admin/analytics/realtime|admin JWT (Bearer or cookie selorg_admin_token); roles: admin, super_admin; perm: PERMISSIONS.ANALYTICS_REPORTS_READ; zod|controller.getRealtimeMetrics|src/modules/admin/analytics.routes.ts
GET|/api/v1/admin/analytics/regional|admin JWT (Bearer or cookie selorg_admin_token); roles: admin, super_admin; perm: PERMISSIONS.ANALYTICS_REPORTS_READ; zod|controller.getRegionalPerformance|src/modules/admin/analytics.routes.ts
GET|/api/v1/admin/analytics/revenue|admin JWT (Bearer or cookie selorg_admin_token); roles: admin, super_admin; perm: PERMISSIONS.ANALYTICS_REPORTS_READ; zod|controller.getRevenueBreakdown|src/modules/admin/analytics.routes.ts
GET|/api/v1/admin/analytics/rider-performance|admin JWT (Bearer or cookie selorg_admin_token); roles: admin, super_admin; perm: PERMISSIONS.ANALYTICS_REPORTS_READ|controller.getRiderPerformance|src/modules/admin/analytics.routes.ts
GET|/api/v1/admin/analytics/timeseries|admin JWT (Bearer or cookie selorg_admin_token); roles: admin, super_admin; perm: PERMISSIONS.ANALYTICS_REPORTS_READ; zod|controller.getTimeSeriesData|src/modules/admin/analytics.routes.ts
GET|/api/v1/admin/app-settings|admin JWT (Bearer or cookie selorg_admin_token); roles: admin, super_admin; perm: PERMISSIONS.ADMIN_CONFIG_READ|getAppSettings|src/modules/admin/app-settings.routes.ts
PUT|/api/v1/admin/app-settings|admin JWT (Bearer or cookie selorg_admin_token); roles: admin, super_admin; perm: PERMISSIONS.ADMIN_CONFIG_WRITE|updateAppSettings|src/modules/admin/app-settings.routes.ts
GET|/api/v1/admin/applications|admin JWT (Bearer or cookie selorg_admin_token); roles: admin, super_admin|(handler)|src/modules/admin/admin.routes.ts
PATCH|/api/v1/admin/applications/:id|admin JWT (Bearer or cookie selorg_admin_token); roles: admin, super_admin|(handler)|src/modules/admin/admin.routes.ts
PUT|/api/v1/admin/applications/:id|admin JWT (Bearer or cookie selorg_admin_token); roles: admin, super_admin|(handler)|src/modules/admin/admin.routes.ts
GET|/api/v1/admin/applications/:id/health|admin JWT (Bearer or cookie selorg_admin_token); roles: admin, super_admin|(handler)|src/modules/admin/admin.routes.ts
POST|/api/v1/admin/applications/:id/test|admin JWT (Bearer or cookie selorg_admin_token); roles: admin, super_admin|(handler)|src/modules/admin/admin.routes.ts
POST|/api/v1/admin/applications/:id/test-connection|admin JWT (Bearer or cookie selorg_admin_token); roles: admin, super_admin|(handler)|src/modules/admin/admin.routes.ts
GET|/api/v1/admin/audit/logs|admin JWT (Bearer or cookie selorg_admin_token); roles: admin, super_admin; perm: PERMISSIONS.COMPLIANCE_AUDIT_READ|activityLogsController.listAuditLogs|src/modules/admin/activity-logs.routes.ts
GET|/api/v1/admin/audit/logs/:id|admin JWT (Bearer or cookie selorg_admin_token); roles: admin, super_admin; perm: PERMISSIONS.COMPLIANCE_AUDIT_READ|activityLogsController.getAuditLog|src/modules/admin/activity-logs.routes.ts
GET|/api/v1/admin/audit/logs/stats|admin JWT (Bearer or cookie selorg_admin_token); roles: admin, super_admin; perm: PERMISSIONS.COMPLIANCE_AUDIT_READ|activityLogsController.getAuditLogStats|src/modules/admin/activity-logs.routes.ts
POST|/api/v1/admin/auth/login|public; zod|authController.login|src/modules/admin/admin.routes.ts
POST|/api/v1/admin/auth/logout|public|authController.logout|src/modules/admin/admin.routes.ts
POST|/api/v1/admin/cache/clear|admin JWT (Bearer or cookie selorg_admin_token); roles: admin, super_admin; perm: PERMISSIONS.ADMIN_CONFIG_WRITE|(handler)|src/modules/admin/admin.routes.ts
GET|/api/v1/admin/cache/stats|admin JWT (Bearer or cookie selorg_admin_token); roles: admin, super_admin; perm: PERMISSIONS.ADMIN_CONFIG_READ|(handler)|src/modules/admin/admin.routes.ts
GET|/api/v1/admin/cities|admin JWT (Bearer or cookie selorg_admin_token); roles: admin, super_admin|masterDataController.listCities|src/modules/admin/master-data.routes.ts
POST|/api/v1/admin/cities|admin JWT (Bearer or cookie selorg_admin_token); roles: admin, super_admin|masterDataController.createCity|src/modules/admin/master-data.routes.ts
DELETE|/api/v1/admin/cities/:id|admin JWT (Bearer or cookie selorg_admin_token); roles: admin, super_admin|masterDataController.deleteCity|src/modules/admin/master-data.routes.ts
GET|/api/v1/admin/cities/:id|admin JWT (Bearer or cookie selorg_admin_token); roles: admin, super_admin|masterDataController.getCity|src/modules/admin/master-data.routes.ts
PUT|/api/v1/admin/cities/:id|admin JWT (Bearer or cookie selorg_admin_token); roles: admin, super_admin|masterDataController.updateCity|src/modules/admin/master-data.routes.ts
GET|/api/v1/admin/compliance/audits|admin JWT (Bearer or cookie selorg_admin_token); roles: admin, super_admin|controller.listAudits|src/modules/admin/compliance.routes.ts
POST|/api/v1/admin/compliance/audits|admin JWT (Bearer or cookie selorg_admin_token); roles: admin, super_admin; zod|controller.createAudit|src/modules/admin/compliance.routes.ts
PATCH|/api/v1/admin/compliance/audits/:auditId/findings/:findingId|admin JWT (Bearer or cookie selorg_admin_token); roles: admin, super_admin; zod|controller.updateFindingStatus|src/modules/admin/compliance.routes.ts
GET|/api/v1/admin/compliance/certifications|admin JWT (Bearer or cookie selorg_admin_token); roles: admin, super_admin|controller.listCertifications|src/modules/admin/compliance.routes.ts
GET|/api/v1/admin/compliance/documents|admin JWT (Bearer or cookie selorg_admin_token); roles: admin, super_admin|controller.listDocuments|src/modules/admin/compliance.routes.ts
POST|/api/v1/admin/compliance/documents|admin JWT (Bearer or cookie selorg_admin_token); roles: admin, super_admin|controller.uploadDocument|src/modules/admin/compliance.routes.ts
DELETE|/api/v1/admin/compliance/documents/:id|admin JWT (Bearer or cookie selorg_admin_token); roles: admin, super_admin|controller.deleteDocument|src/modules/admin/compliance.routes.ts
PATCH|/api/v1/admin/compliance/documents/:id|admin JWT (Bearer or cookie selorg_admin_token); roles: admin, super_admin|controller.updateDocument|src/modules/admin/compliance.routes.ts
GET|/api/v1/admin/compliance/metrics|admin JWT (Bearer or cookie selorg_admin_token); roles: admin, super_admin|controller.getMetrics|src/modules/admin/compliance.routes.ts
GET|/api/v1/admin/compliance/policies|admin JWT (Bearer or cookie selorg_admin_token); roles: admin, super_admin|controller.listPolicies|src/modules/admin/compliance.routes.ts
POST|/api/v1/admin/compliance/policies/:id/acknowledge|admin JWT (Bearer or cookie selorg_admin_token); roles: admin, super_admin|controller.acknowledgePolicy|src/modules/admin/compliance.routes.ts
POST|/api/v1/admin/compliance/reports/generate|admin JWT (Bearer or cookie selorg_admin_token); roles: admin, super_admin|controller.generateReport|src/modules/admin/compliance.routes.ts
GET|/api/v1/admin/compliance/violations|admin JWT (Bearer or cookie selorg_admin_token); roles: admin, super_admin|controller.listViolations|src/modules/admin/compliance.routes.ts
GET|/api/v1/admin/customers|admin JWT (Bearer or cookie selorg_admin_token); roles: admin, super_admin|customersCtrl.listCustomers|src/modules/admin/admin.routes.ts
POST|/api/v1/admin/customers|admin JWT (Bearer or cookie selorg_admin_token); roles: admin, super_admin|customersCtrl.createCustomer|src/modules/admin/admin.routes.ts
GET|/api/v1/admin/customers/:id|admin JWT (Bearer or cookie selorg_admin_token); roles: admin, super_admin|customersCtrl.getCustomerById|src/modules/admin/admin.routes.ts
PATCH|/api/v1/admin/customers/:id|admin JWT (Bearer or cookie selorg_admin_token); roles: admin, super_admin|customersCtrl.updateCustomer|src/modules/admin/admin.routes.ts
GET|/api/v1/admin/customers/:id/addresses|admin JWT (Bearer or cookie selorg_admin_token); roles: admin, super_admin|customersCtrl.getCustomerAddresses|src/modules/admin/admin.routes.ts
GET|/api/v1/admin/customers/:id/orders|admin JWT (Bearer or cookie selorg_admin_token); roles: admin, super_admin|customersCtrl.getCustomerOrders|src/modules/admin/admin.routes.ts
GET|/api/v1/admin/customers/:id/password-info|admin JWT (Bearer or cookie selorg_admin_token); roles: admin, super_admin|customersCtrl.getCustomerPasswordInfo|src/modules/admin/admin.routes.ts
GET|/api/v1/admin/customers/:id/payment-methods|admin JWT (Bearer or cookie selorg_admin_token); roles: admin, super_admin|customersCtrl.getCustomerPaymentMethods|src/modules/admin/admin.routes.ts
GET|/api/v1/admin/customers/:id/refunds|admin JWT (Bearer or cookie selorg_admin_token); roles: admin, super_admin|customersCtrl.getCustomerRefunds|src/modules/admin/admin.routes.ts
PUT|/api/v1/admin/customers/:id/reset-password|admin JWT (Bearer or cookie selorg_admin_token); roles: admin, super_admin|customersCtrl.resetCustomerPassword|src/modules/admin/admin.routes.ts
GET|/api/v1/admin/customers/:id/risk|admin JWT (Bearer or cookie selorg_admin_token); roles: admin, super_admin|customersCtrl.getCustomerRisk|src/modules/admin/admin.routes.ts
PUT|/api/v1/admin/customers/:id/set-password|admin JWT (Bearer or cookie selorg_admin_token); roles: admin, super_admin|customersCtrl.setCustomerPassword|src/modules/admin/admin.routes.ts
GET|/api/v1/admin/customers/:id/tickets|admin JWT (Bearer or cookie selorg_admin_token); roles: admin, super_admin|customersCtrl.getCustomerTickets|src/modules/admin/admin.routes.ts
GET|/api/v1/admin/customers/:id/wallet|admin JWT (Bearer or cookie selorg_admin_token); roles: admin, super_admin|customersCtrl.getCustomerWallet|src/modules/admin/admin.routes.ts
POST|/api/v1/admin/customers/:id/wallet/credit|admin JWT (Bearer or cookie selorg_admin_token); roles: admin, super_admin|customersCtrl.creditCustomerWallet|src/modules/admin/admin.routes.ts
GET|/api/v1/admin/customers/stats|admin JWT (Bearer or cookie selorg_admin_token); roles: admin, super_admin|customersCtrl.getCustomerStats|src/modules/admin/admin.routes.ts
GET|/api/v1/admin/darkstore-users|admin JWT (Bearer or cookie selorg_admin_token); roles: admin, super_admin|storeWarehouseController.listDarkStoreUsers|src/modules/admin/store-warehouse.routes.ts
POST|/api/v1/admin/darkstore-users|admin JWT (Bearer or cookie selorg_admin_token); roles: admin, super_admin|storeWarehouseController.createDarkStoreUser|src/modules/admin/store-warehouse.routes.ts
DELETE|/api/v1/admin/darkstore-users/:id|admin JWT (Bearer or cookie selorg_admin_token); roles: admin, super_admin|storeWarehouseController.deleteDarkStoreUser|src/modules/admin/store-warehouse.routes.ts
PUT|/api/v1/admin/darkstore-users/:id|admin JWT (Bearer or cookie selorg_admin_token); roles: admin, super_admin|storeWarehouseController.updateDarkStoreUser|src/modules/admin/store-warehouse.routes.ts
GET|/api/v1/admin/darkstores|admin JWT (Bearer or cookie selorg_admin_token); roles: admin, super_admin|listStoresAdmin|src/modules/store/store.routes.ts
POST|/api/v1/admin/darkstores|admin JWT (Bearer or cookie selorg_admin_token); roles: admin, super_admin|createStoreAdmin|src/modules/store/store.routes.ts
DELETE|/api/v1/admin/darkstores/:id|admin JWT (Bearer or cookie selorg_admin_token); roles: admin, super_admin|deleteStoreAdmin|src/modules/store/store.routes.ts
PUT|/api/v1/admin/darkstores/:id|admin JWT (Bearer or cookie selorg_admin_token); roles: admin, super_admin|updateStoreAdmin|src/modules/store/store.routes.ts
GET|/api/v1/admin/darkstores/:storeId/inventory|admin JWT (Bearer or cookie selorg_admin_token); roles: admin, super_admin|getStoreInventoryHistoryAdmin|src/modules/store/store.routes.ts
PUT|/api/v1/admin/darkstores/:storeId/inventory|admin JWT (Bearer or cookie selorg_admin_token); roles: admin, super_admin|updateStoreInventoryAdmin|src/modules/store/store.routes.ts
POST|/api/v1/admin/darkstores/:storeId/inventory/sync|admin JWT (Bearer or cookie selorg_admin_token); roles: admin, super_admin|syncStoreInventoryAdmin|src/modules/store/store.routes.ts
POST|/api/v1/admin/darkstores/:storeId/replenish|admin JWT (Bearer or cookie selorg_admin_token); roles: admin, super_admin|triggerStoreReplenishmentAdmin|src/modules/store/store.routes.ts
GET|/api/v1/admin/finance/accounting/accounts|admin JWT (Bearer or cookie selorg_admin_token)|ctrl.getAccounts|src/modules/finance/finance.routes.ts
POST|/api/v1/admin/finance/accounting/journal|admin JWT (Bearer or cookie selorg_admin_token)|ctrl.createJournalEntry|src/modules/finance/finance.routes.ts
GET|/api/v1/admin/finance/accounting/journal/:id|admin JWT (Bearer or cookie selorg_admin_token)|ctrl.getJournalDetails|src/modules/finance/finance.routes.ts
GET|/api/v1/admin/finance/accounting/ledger|admin JWT (Bearer or cookie selorg_admin_token)|ctrl.getLedgerEntries|src/modules/finance/finance.routes.ts
GET|/api/v1/admin/finance/accounting/summary|admin JWT (Bearer or cookie selorg_admin_token)|ctrl.getAccountingSummary|src/modules/finance/finance.routes.ts
POST|/api/v1/admin/finance/accounting/sync|admin JWT (Bearer or cookie selorg_admin_token)|ctrl.syncLedger|src/modules/finance/finance.routes.ts
GET|/api/v1/admin/finance/alerts|admin JWT (Bearer or cookie selorg_admin_token)|ctrl.getAlerts|src/modules/finance/finance.routes.ts
GET|/api/v1/admin/finance/alerts/:id|admin JWT (Bearer or cookie selorg_admin_token)|ctrl.getAlertDetails|src/modules/finance/finance.routes.ts
POST|/api/v1/admin/finance/alerts/:id/action|admin JWT (Bearer or cookie selorg_admin_token)|ctrl.performAlertAction|src/modules/finance/finance.routes.ts
POST|/api/v1/admin/finance/alerts/clear-resolved|admin JWT (Bearer or cookie selorg_admin_token)|ctrl.clearResolvedAlerts|src/modules/finance/finance.routes.ts
DELETE|/api/v1/admin/finance/alerts/resolved|admin JWT (Bearer or cookie selorg_admin_token)|ctrl.clearResolvedAlerts|src/modules/finance/finance.routes.ts
POST|/api/v1/admin/finance/alerts/resolved/clear|admin JWT (Bearer or cookie selorg_admin_token)|ctrl.clearResolvedAlerts|src/modules/finance/finance.routes.ts
GET|/api/v1/admin/finance/analytics/cash-flow|admin JWT (Bearer or cookie selorg_admin_token)|ctrl.getCashFlow|src/modules/finance/finance.routes.ts
GET|/api/v1/admin/finance/analytics/expense-breakdown|admin JWT (Bearer or cookie selorg_admin_token)|ctrl.getExpenseBreakdown|src/modules/finance/finance.routes.ts
POST|/api/v1/admin/finance/analytics/export|admin JWT (Bearer or cookie selorg_admin_token)|ctrl.exportAnalyticsReport|src/modules/finance/finance.routes.ts
GET|/api/v1/admin/finance/analytics/revenue-growth|admin JWT (Bearer or cookie selorg_admin_token)|ctrl.getRevenueGrowth|src/modules/finance/finance.routes.ts
GET|/api/v1/admin/finance/approvals|admin JWT (Bearer or cookie selorg_admin_token)|ctrl.getApprovalTasks|src/modules/finance/finance.routes.ts
GET|/api/v1/admin/finance/approvals/:id|admin JWT (Bearer or cookie selorg_admin_token)|ctrl.getTaskDetails|src/modules/finance/finance.routes.ts
POST|/api/v1/admin/finance/approvals/:id/decision|admin JWT (Bearer or cookie selorg_admin_token)|ctrl.submitTaskDecision|src/modules/finance/finance.routes.ts
GET|/api/v1/admin/finance/approvals/summary|admin JWT (Bearer or cookie selorg_admin_token)|ctrl.getApprovalSummary|src/modules/finance/finance.routes.ts
GET|/api/v1/admin/finance/approvals/tasks|admin JWT (Bearer or cookie selorg_admin_token)|ctrl.getApprovalTasks|src/modules/finance/finance.routes.ts
GET|/api/v1/admin/finance/approvals/tasks/:id|admin JWT (Bearer or cookie selorg_admin_token)|ctrl.getTaskDetails|src/modules/finance/finance.routes.ts
POST|/api/v1/admin/finance/approvals/tasks/:id/decision|admin JWT (Bearer or cookie selorg_admin_token)|ctrl.submitTaskDecision|src/modules/finance/finance.routes.ts
GET|/api/v1/admin/finance/config/commission-slabs|admin JWT (Bearer or cookie selorg_admin_token)|ctrl.getCommissionSlabs|src/modules/finance/finance.routes.ts
POST|/api/v1/admin/finance/config/commission-slabs|admin JWT (Bearer or cookie selorg_admin_token)|ctrl.createCommissionSlab|src/modules/finance/finance.routes.ts
PUT|/api/v1/admin/finance/config/commission-slabs/:slabId|admin JWT (Bearer or cookie selorg_admin_token)|ctrl.updateCommissionSlab|src/modules/finance/finance.routes.ts
GET|/api/v1/admin/finance/config/financial-limits|admin JWT (Bearer or cookie selorg_admin_token)|ctrl.getFinancialLimits|src/modules/finance/finance.routes.ts
PUT|/api/v1/admin/finance/config/financial-limits/:limitId|admin JWT (Bearer or cookie selorg_admin_token)|ctrl.updateFinancialLimit|src/modules/finance/finance.routes.ts
GET|/api/v1/admin/finance/config/financial-year|admin JWT (Bearer or cookie selorg_admin_token)|ctrl.getFinancialYear|src/modules/finance/finance.routes.ts
PUT|/api/v1/admin/finance/config/financial-year|admin JWT (Bearer or cookie selorg_admin_token)|ctrl.updateFinancialYear|src/modules/finance/finance.routes.ts
GET|/api/v1/admin/finance/config/invoice-settings|admin JWT (Bearer or cookie selorg_admin_token)|ctrl.getInvoiceSettings|src/modules/finance/finance.routes.ts
PUT|/api/v1/admin/finance/config/invoice-settings|admin JWT (Bearer or cookie selorg_admin_token)|ctrl.updateInvoiceSettings|src/modules/finance/finance.routes.ts
GET|/api/v1/admin/finance/config/payment-terms|admin JWT (Bearer or cookie selorg_admin_token)|ctrl.getPaymentTerms|src/modules/finance/finance.routes.ts
PUT|/api/v1/admin/finance/config/payment-terms/:termId|admin JWT (Bearer or cookie selorg_admin_token)|ctrl.updatePaymentTerm|src/modules/finance/finance.routes.ts
GET|/api/v1/admin/finance/config/payout-schedules|admin JWT (Bearer or cookie selorg_admin_token)|ctrl.getPayoutSchedules|src/modules/finance/finance.routes.ts
POST|/api/v1/admin/finance/config/payout-schedules|admin JWT (Bearer or cookie selorg_admin_token)|ctrl.createPayoutSchedule|src/modules/finance/finance.routes.ts
PUT|/api/v1/admin/finance/config/payout-schedules/:scheduleId|admin JWT (Bearer or cookie selorg_admin_token)|ctrl.updatePayoutSchedule|src/modules/finance/finance.routes.ts
GET|/api/v1/admin/finance/config/reconciliation-rules|admin JWT (Bearer or cookie selorg_admin_token)|ctrl.getReconciliationRules|src/modules/finance/finance.routes.ts
PUT|/api/v1/admin/finance/config/reconciliation-rules/:ruleId|admin JWT (Bearer or cookie selorg_admin_token)|ctrl.updateReconciliationRule|src/modules/finance/finance.routes.ts
GET|/api/v1/admin/finance/config/refund-policies|admin JWT (Bearer or cookie selorg_admin_token)|ctrl.getRefundPolicies|src/modules/finance/finance.routes.ts
PUT|/api/v1/admin/finance/config/refund-policies/:policyId|admin JWT (Bearer or cookie selorg_admin_token)|ctrl.updateRefundPolicy|src/modules/finance/finance.routes.ts
GET|/api/v1/admin/finance/config/tax-rules|admin JWT (Bearer or cookie selorg_admin_token)|ctrl.getTaxRules|src/modules/finance/finance.routes.ts
POST|/api/v1/admin/finance/config/tax-rules|admin JWT (Bearer or cookie selorg_admin_token)|ctrl.createTaxRule|src/modules/finance/finance.routes.ts
PUT|/api/v1/admin/finance/config/tax-rules/:ruleId|admin JWT (Bearer or cookie selorg_admin_token)|ctrl.updateTaxRule|src/modules/finance/finance.routes.ts
GET|/api/v1/admin/finance/customer-payments|admin JWT (Bearer or cookie selorg_admin_token)|ctrl.getCustomerPayments|src/modules/finance/finance.routes.ts
GET|/api/v1/admin/finance/customer-payments/:id|admin JWT (Bearer or cookie selorg_admin_token)|ctrl.getCustomerPaymentDetails|src/modules/finance/finance.routes.ts
POST|/api/v1/admin/finance/customer-payments/:id/retry|admin JWT (Bearer or cookie selorg_admin_token)|ctrl.retryCustomerPayment|src/modules/finance/finance.routes.ts
GET|/api/v1/admin/finance/dashboard/daily-metrics|admin JWT (Bearer or cookie selorg_admin_token)|ctrl.getDailyMetrics|src/modules/finance/finance.routes.ts
POST|/api/v1/admin/finance/dashboard/export|admin JWT (Bearer or cookie selorg_admin_token)|ctrl.exportFinanceReport|src/modules/finance/finance.routes.ts
GET|/api/v1/admin/finance/dashboard/gateway-status|admin JWT (Bearer or cookie selorg_admin_token)|ctrl.getGatewayStatus|src/modules/finance/finance.routes.ts
GET|/api/v1/admin/finance/dashboard/hourly-trends|admin JWT (Bearer or cookie selorg_admin_token)|ctrl.getHourlyTrends|src/modules/finance/finance.routes.ts
GET|/api/v1/admin/finance/dashboard/live-transactions|admin JWT (Bearer or cookie selorg_admin_token)|ctrl.getLiveTransactions|src/modules/finance/finance.routes.ts
GET|/api/v1/admin/finance/dashboard/payment-method-split|admin JWT (Bearer or cookie selorg_admin_token)|ctrl.getPaymentMethodSplit|src/modules/finance/finance.routes.ts
GET|/api/v1/admin/finance/dashboard/summary|admin JWT (Bearer or cookie selorg_admin_token)|ctrl.getFinanceSummary|src/modules/finance/finance.routes.ts
GET|/api/v1/admin/finance/dashboard/wallet-liability|admin JWT (Bearer or cookie selorg_admin_token)|ctrl.getWalletLiability|src/modules/finance/finance.routes.ts
GET|/api/v1/admin/finance/invoices|admin JWT (Bearer or cookie selorg_admin_token)|ctrl.getInvoices|src/modules/finance/finance.routes.ts
POST|/api/v1/admin/finance/invoices|admin JWT (Bearer or cookie selorg_admin_token)|ctrl.createInvoice|src/modules/finance/finance.routes.ts
GET|/api/v1/admin/finance/invoices/:id|admin JWT (Bearer or cookie selorg_admin_token)|ctrl.getInvoiceDetails|src/modules/finance/finance.routes.ts
POST|/api/v1/admin/finance/invoices/:id/mark-paid|admin JWT (Bearer or cookie selorg_admin_token)|ctrl.markInvoicePaid|src/modules/finance/finance.routes.ts
POST|/api/v1/admin/finance/invoices/:id/reminder|admin JWT (Bearer or cookie selorg_admin_token)|ctrl.sendReminder|src/modules/finance/finance.routes.ts
POST|/api/v1/admin/finance/invoices/:id/send|admin JWT (Bearer or cookie selorg_admin_token)|ctrl.sendInvoice|src/modules/finance/finance.routes.ts
POST|/api/v1/admin/finance/invoices/:id/send-reminder|admin JWT (Bearer or cookie selorg_admin_token)|ctrl.sendReminder|src/modules/finance/finance.routes.ts
PATCH|/api/v1/admin/finance/invoices/:id/status|admin JWT (Bearer or cookie selorg_admin_token)|ctrl.updateInvoiceStatus|src/modules/finance/finance.routes.ts
GET|/api/v1/admin/finance/invoices/summary|admin JWT (Bearer or cookie selorg_admin_token)|ctrl.getInvoiceSummary|src/modules/finance/finance.routes.ts
GET|/api/v1/admin/finance/picker-attendance|admin JWT (Bearer or cookie selorg_admin_token)|ctrl.getPickerAttendance|src/modules/finance/finance.routes.ts
GET|/api/v1/admin/finance/picker-earnings/:pickerId/breakdown|admin JWT (Bearer or cookie selorg_admin_token)|ctrl.getPickerEarningsBreakdown|src/modules/finance/finance.routes.ts
GET|/api/v1/admin/finance/picker-earnings/:pickerId/wallet|admin JWT (Bearer or cookie selorg_admin_token)|ctrl.getPickerWalletBalance|src/modules/finance/finance.routes.ts
GET|/api/v1/admin/finance/picker-transactions|admin JWT (Bearer or cookie selorg_admin_token)|ctrl.listAllPickerTransactions|src/modules/finance/finance.routes.ts
GET|/api/v1/admin/finance/picker-withdrawals|admin JWT (Bearer or cookie selorg_admin_token)|ctrl.list|src/modules/finance/finance.routes.ts
GET|/api/v1/admin/finance/picker-withdrawals/:id|admin JWT (Bearer or cookie selorg_admin_token)|ctrl.getDetails|src/modules/finance/finance.routes.ts
PATCH|/api/v1/admin/finance/picker-withdrawals/:id|admin JWT (Bearer or cookie selorg_admin_token)|ctrl.updateAction|src/modules/finance/finance.routes.ts
GET|/api/v1/admin/finance/picker-withdrawals/:pickerId/earnings-breakdown|admin JWT (Bearer or cookie selorg_admin_token)|ctrl.getPickerEarningsBreakdown|src/modules/finance/finance.routes.ts
GET|/api/v1/admin/finance/picker-withdrawals/:pickerId/wallet-balance|admin JWT (Bearer or cookie selorg_admin_token)|ctrl.getPickerWalletBalance|src/modules/finance/finance.routes.ts
GET|/api/v1/admin/finance/reconciliation/exceptions|admin JWT (Bearer or cookie selorg_admin_token)|ctrl.getExceptions|src/modules/finance/finance.routes.ts
POST|/api/v1/admin/finance/reconciliation/exceptions/:id/investigate|admin JWT (Bearer or cookie selorg_admin_token)|ctrl.investigateException|src/modules/finance/finance.routes.ts
POST|/api/v1/admin/finance/reconciliation/exceptions/:id/resolve|admin JWT (Bearer or cookie selorg_admin_token)|ctrl.resolveException|src/modules/finance/finance.routes.ts
GET|/api/v1/admin/finance/reconciliation/gateways|admin JWT (Bearer or cookie selorg_admin_token)|ctrl.getAvailableGateways|src/modules/finance/finance.routes.ts
GET|/api/v1/admin/finance/reconciliation/gateways/:id|admin JWT (Bearer or cookie selorg_admin_token)|ctrl.getGatewayDetails|src/modules/finance/finance.routes.ts
POST|/api/v1/admin/finance/reconciliation/run|admin JWT (Bearer or cookie selorg_admin_token)|ctrl.runReconciliation|src/modules/finance/finance.routes.ts
GET|/api/v1/admin/finance/reconciliation/runs/:id|admin JWT (Bearer or cookie selorg_admin_token)|ctrl.getRunStatus|src/modules/finance/finance.routes.ts
GET|/api/v1/admin/finance/reconciliation/summary|admin JWT (Bearer or cookie selorg_admin_token)|ctrl.getReconSummary|src/modules/finance/finance.routes.ts
GET|/api/v1/admin/finance/refunds/:id|admin JWT (Bearer or cookie selorg_admin_token)|ctrl.getRefundDetails|src/modules/finance/finance.routes.ts
POST|/api/v1/admin/finance/refunds/:id/approve|admin JWT (Bearer or cookie selorg_admin_token)|ctrl.approveRefund|src/modules/finance/finance.routes.ts
POST|/api/v1/admin/finance/refunds/:id/complete|admin JWT (Bearer or cookie selorg_admin_token)|ctrl.markCompleted|src/modules/finance/finance.routes.ts
POST|/api/v1/admin/finance/refunds/:id/mark-completed|admin JWT (Bearer or cookie selorg_admin_token)|ctrl.markCompleted|src/modules/finance/finance.routes.ts
POST|/api/v1/admin/finance/refunds/:id/reject|admin JWT (Bearer or cookie selorg_admin_token)|ctrl.rejectRefund|src/modules/finance/finance.routes.ts
GET|/api/v1/admin/finance/refunds/chargebacks|admin JWT (Bearer or cookie selorg_admin_token)|ctrl.getChargebacks|src/modules/finance/finance.routes.ts
GET|/api/v1/admin/finance/refunds/queue|admin JWT (Bearer or cookie selorg_admin_token)|ctrl.getRefundQueue|src/modules/finance/finance.routes.ts
GET|/api/v1/admin/finance/refunds/summary|admin JWT (Bearer or cookie selorg_admin_token)|ctrl.getRefundsSummary|src/modules/finance/finance.routes.ts
GET|/api/v1/admin/finance/refunds/wallet-transactions|admin JWT (Bearer or cookie selorg_admin_token)|ctrl.getWalletTransactions|src/modules/finance/finance.routes.ts
GET|/api/v1/admin/finance/rider-cash/:riderId|admin JWT (Bearer or cookie selorg_admin_token)|ctrl.getRiderPaymentDetails|src/modules/finance/finance.routes.ts
GET|/api/v1/admin/finance/rider-cash/cod-reconciliation|admin JWT (Bearer or cookie selorg_admin_token)|ctrl.getCodReconciliation|src/modules/finance/finance.routes.ts
GET|/api/v1/admin/finance/rider-cash/payouts|admin JWT (Bearer or cookie selorg_admin_token)|ctrl.getRiderPayouts|src/modules/finance/finance.routes.ts
GET|/api/v1/admin/finance/rider-cash/riders/:riderId/payment-details|admin JWT (Bearer or cookie selorg_admin_token)|ctrl.getRiderPaymentDetails|src/modules/finance/finance.routes.ts
GET|/api/v1/admin/finance/rider-cash/summary|admin JWT (Bearer or cookie selorg_admin_token)|ctrl.getRiderCashSummary|src/modules/finance/finance.routes.ts
GET|/api/v1/admin/finance/vendor-payments/invoices|admin JWT (Bearer or cookie selorg_admin_token)|ctrl.getVendorInvoices|src/modules/finance/finance.routes.ts
POST|/api/v1/admin/finance/vendor-payments/invoices|admin JWT (Bearer or cookie selorg_admin_token)|ctrl.uploadVendorInvoice|src/modules/finance/finance.routes.ts
GET|/api/v1/admin/finance/vendor-payments/invoices/:id|admin JWT (Bearer or cookie selorg_admin_token)|ctrl.getVendorInvoiceDetails|src/modules/finance/finance.routes.ts
POST|/api/v1/admin/finance/vendor-payments/invoices/:id/approve|admin JWT (Bearer or cookie selorg_admin_token)|ctrl.approveVendorInvoice|src/modules/finance/finance.routes.ts
POST|/api/v1/admin/finance/vendor-payments/invoices/:id/mark-paid|admin JWT (Bearer or cookie selorg_admin_token)|ctrl.markVendorInvoicePaid|src/modules/finance/finance.routes.ts
POST|/api/v1/admin/finance/vendor-payments/invoices/:id/reject|admin JWT (Bearer or cookie selorg_admin_token)|ctrl.rejectVendorInvoice|src/modules/finance/finance.routes.ts
POST|/api/v1/admin/finance/vendor-payments/invoices/bulk-approve|admin JWT (Bearer or cookie selorg_admin_token)|ctrl.bulkApproveVendorInvoices|src/modules/finance/finance.routes.ts
GET|/api/v1/admin/finance/vendor-payments/payments|admin JWT (Bearer or cookie selorg_admin_token)|ctrl.listPayments|src/modules/finance/finance.routes.ts
POST|/api/v1/admin/finance/vendor-payments/payments|admin JWT (Bearer or cookie selorg_admin_token)|ctrl.createVendorPayment|src/modules/finance/finance.routes.ts
GET|/api/v1/admin/finance/vendor-payments/payments/:paymentId|admin JWT (Bearer or cookie selorg_admin_token)|ctrl.getPayment|src/modules/finance/finance.routes.ts
POST|/api/v1/admin/finance/vendor-payments/payments/:paymentId/advance|admin JWT (Bearer or cookie selorg_admin_token)|ctrl.advanceWorkflowStep|src/modules/finance/finance.routes.ts
POST|/api/v1/admin/finance/vendor-payments/payments/:paymentId/cancel|admin JWT (Bearer or cookie selorg_admin_token)|ctrl.cancelVendorPayment|src/modules/finance/finance.routes.ts
POST|/api/v1/admin/finance/vendor-payments/payments/:paymentId/invoices/:invoiceId/workflow/advance|admin JWT (Bearer or cookie selorg_admin_token)|ctrl.advanceWorkflowStep|src/modules/finance/finance.routes.ts
GET|/api/v1/admin/finance/vendor-payments/summary|admin JWT (Bearer or cookie selorg_admin_token)|ctrl.getVendorPaymentsSummary|src/modules/finance/finance.routes.ts
GET|/api/v1/admin/finance/vendor-payments/vendors|admin JWT (Bearer or cookie selorg_admin_token)|ctrl.getVendors|src/modules/finance/finance.routes.ts
GET|/api/v1/admin/finance/wallet-transactions|admin JWT (Bearer or cookie selorg_admin_token)|ctrl.getWalletTransactions|src/modules/finance/finance.routes.ts
GET|/api/v1/admin/fraud/alerts|admin JWT (Bearer or cookie selorg_admin_token); roles: admin, super_admin; zod|controller.listAlerts|src/modules/admin/fraud.routes.ts
GET|/api/v1/admin/fraud/alerts/:id|admin JWT (Bearer or cookie selorg_admin_token); roles: admin, super_admin|controller.getAlert|src/modules/admin/fraud.routes.ts
PATCH|/api/v1/admin/fraud/alerts/:id|admin JWT (Bearer or cookie selorg_admin_token); roles: admin, super_admin|controller.updateAlert|src/modules/admin/fraud.routes.ts
GET|/api/v1/admin/fraud/blocked|admin JWT (Bearer or cookie selorg_admin_token); roles: admin, super_admin|controller.listBlockedEntities|src/modules/admin/fraud.routes.ts
POST|/api/v1/admin/fraud/blocked|admin JWT (Bearer or cookie selorg_admin_token); roles: admin, super_admin; zod|controller.createBlockedEntity|src/modules/admin/fraud.routes.ts
DELETE|/api/v1/admin/fraud/blocked/:id|admin JWT (Bearer or cookie selorg_admin_token); roles: admin, super_admin|controller.unblockEntity|src/modules/admin/fraud.routes.ts
GET|/api/v1/admin/fraud/chargebacks|admin JWT (Bearer or cookie selorg_admin_token); roles: admin, super_admin|controller.listChargebacks|src/modules/admin/fraud.routes.ts
PATCH|/api/v1/admin/fraud/chargebacks/:id|admin JWT (Bearer or cookie selorg_admin_token); roles: admin, super_admin; zod|controller.updateChargeback|src/modules/admin/fraud.routes.ts
GET|/api/v1/admin/fraud/investigations|admin JWT (Bearer or cookie selorg_admin_token); roles: admin, super_admin|controller.listInvestigations|src/modules/admin/fraud.routes.ts
GET|/api/v1/admin/fraud/metrics|admin JWT (Bearer or cookie selorg_admin_token); roles: admin, super_admin|controller.getMetrics|src/modules/admin/fraud.routes.ts
GET|/api/v1/admin/fraud/patterns|admin JWT (Bearer or cookie selorg_admin_token); roles: admin, super_admin|controller.listFraudPatterns|src/modules/admin/fraud.routes.ts
GET|/api/v1/admin/fraud/risk-profiles|admin JWT (Bearer or cookie selorg_admin_token); roles: admin, super_admin|controller.listRiskProfiles|src/modules/admin/fraud.routes.ts
GET|/api/v1/admin/fraud/rules|admin JWT (Bearer or cookie selorg_admin_token); roles: admin, super_admin|controller.listFraudRules|src/modules/admin/fraud.routes.ts
PATCH|/api/v1/admin/fraud/rules/:id/toggle|admin JWT (Bearer or cookie selorg_admin_token); roles: admin, super_admin|controller.toggleFraudRule|src/modules/admin/fraud.routes.ts
GET|/api/v1/admin/integrations|admin JWT (Bearer or cookie selorg_admin_token); roles: admin, super_admin|integrationController.list|src/modules/admin/integration.routes.ts
PATCH|/api/v1/admin/integrations/:id|admin JWT (Bearer or cookie selorg_admin_token); roles: admin, super_admin; zod|integrationController.toggle|src/modules/admin/integration.routes.ts
PUT|/api/v1/admin/integrations/:id|admin JWT (Bearer or cookie selorg_admin_token); roles: admin, super_admin; zod|integrationController.update|src/modules/admin/integration.routes.ts
POST|/api/v1/admin/integrations/:id/test|admin JWT (Bearer or cookie selorg_admin_token); roles: admin, super_admin|integrationController.test|src/modules/admin/integration.routes.ts
GET|/api/v1/admin/integrations/api-keys|admin JWT (Bearer or cookie selorg_admin_token); roles: admin, super_admin|integrationController.listApiKeys|src/modules/admin/integration.routes.ts
POST|/api/v1/admin/integrations/api-keys|admin JWT (Bearer or cookie selorg_admin_token); roles: admin, super_admin; zod|integrationController.createApiKey|src/modules/admin/integration.routes.ts
DELETE|/api/v1/admin/integrations/api-keys/:keyId|admin JWT (Bearer or cookie selorg_admin_token); roles: admin, super_admin|integrationController.revokeApiKey|src/modules/admin/integration.routes.ts
GET|/api/v1/admin/integrations/health|admin JWT (Bearer or cookie selorg_admin_token); roles: admin, super_admin|integrationController.health|src/modules/admin/integration.routes.ts
GET|/api/v1/admin/integrations/logs|admin JWT (Bearer or cookie selorg_admin_token); roles: admin, super_admin|integrationController.listLogs|src/modules/admin/integration.routes.ts
GET|/api/v1/admin/integrations/stats|admin JWT (Bearer or cookie selorg_admin_token); roles: admin, super_admin|integrationController.stats|src/modules/admin/integration.routes.ts
GET|/api/v1/admin/integrations/webhooks|admin JWT (Bearer or cookie selorg_admin_token); roles: admin, super_admin|integrationController.listWebhooks|src/modules/admin/integration.routes.ts
POST|/api/v1/admin/integrations/webhooks|admin JWT (Bearer or cookie selorg_admin_token); roles: admin, super_admin; zod|integrationController.createWebhook|src/modules/admin/integration.routes.ts
POST|/api/v1/admin/integrations/webhooks/:webhookId/retry|admin JWT (Bearer or cookie selorg_admin_token); roles: admin, super_admin|integrationController.retryWebhook|src/modules/admin/integration.routes.ts
GET|/api/v1/admin/mastersheet/active|admin JWT (Bearer or cookie selorg_admin_token)|ctrl.getActiveVersion|src/modules/mastersheet/mastersheet.routes.ts
POST|/api/v1/admin/mastersheet/finalize|admin JWT (Bearer or cookie selorg_admin_token)|ctrl.finalizeImport|src/modules/mastersheet/mastersheet.routes.ts
GET|/api/v1/admin/mastersheet/history|admin JWT (Bearer or cookie selorg_admin_token)|ctrl.getHistory|src/modules/mastersheet/mastersheet.routes.ts
POST|/api/v1/admin/mastersheet/history|admin JWT (Bearer or cookie selorg_admin_token)|ctrl.saveHistory|src/modules/mastersheet/mastersheet.routes.ts
POST|/api/v1/admin/mastersheet/prepare|admin JWT (Bearer or cookie selorg_admin_token)|ctrl.prepareUpload|src/modules/mastersheet/mastersheet.routes.ts
POST|/api/v1/admin/mastersheet/process/:sheet|admin JWT (Bearer or cookie selorg_admin_token)|ctrl.processSheetByJob|src/modules/mastersheet/mastersheet.routes.ts
GET|/api/v1/admin/mastersheet/template|admin JWT (Bearer or cookie selorg_admin_token)|ctrl.downloadAllTemplate|src/modules/mastersheet/mastersheet.routes.ts
GET|/api/v1/admin/notifications/analytics|admin JWT (Bearer or cookie selorg_admin_token); roles: admin, super_admin|controller.getAnalytics|src/modules/admin/notification-campaign.routes.ts
GET|/api/v1/admin/notifications/automation|admin JWT (Bearer or cookie selorg_admin_token); roles: admin, super_admin|controller.listAutomation|src/modules/admin/notification-campaign.routes.ts
POST|/api/v1/admin/notifications/automation|admin JWT (Bearer or cookie selorg_admin_token); roles: admin, super_admin; zod|controller.createAutomation|src/modules/admin/notification-campaign.routes.ts
PUT|/api/v1/admin/notifications/automation/:id|admin JWT (Bearer or cookie selorg_admin_token); roles: admin, super_admin; zod|controller.updateAutomation|src/modules/admin/notification-campaign.routes.ts
GET|/api/v1/admin/notifications/campaigns|admin JWT (Bearer or cookie selorg_admin_token); roles: admin, super_admin|controller.listCampaigns|src/modules/admin/notification-campaign.routes.ts
POST|/api/v1/admin/notifications/campaigns|admin JWT (Bearer or cookie selorg_admin_token); roles: admin, super_admin; zod|controller.createCampaign|src/modules/admin/notification-campaign.routes.ts
GET|/api/v1/admin/notifications/campaigns/:id|admin JWT (Bearer or cookie selorg_admin_token); roles: admin, super_admin|controller.getCampaignById|src/modules/admin/notification-campaign.routes.ts
PUT|/api/v1/admin/notifications/campaigns/:id|admin JWT (Bearer or cookie selorg_admin_token); roles: admin, super_admin; zod|controller.updateCampaignStatus|src/modules/admin/notification-campaign.routes.ts
GET|/api/v1/admin/notifications/channels|admin JWT (Bearer or cookie selorg_admin_token); roles: admin, super_admin|controller.getChannels|src/modules/admin/notification-campaign.routes.ts
GET|/api/v1/admin/notifications/history|admin JWT (Bearer or cookie selorg_admin_token); roles: admin, super_admin|controller.listHistory|src/modules/admin/notification-campaign.routes.ts
POST|/api/v1/admin/notifications/history/:id/retry|admin JWT (Bearer or cookie selorg_admin_token); roles: admin, super_admin|controller.retryHistory|src/modules/admin/notification-campaign.routes.ts
POST|/api/v1/admin/notifications/history/retry-failed|admin JWT (Bearer or cookie selorg_admin_token); roles: admin, super_admin; zod|controller.retryFailedBatch|src/modules/admin/notification-campaign.routes.ts
GET|/api/v1/admin/notifications/scheduled|admin JWT (Bearer or cookie selorg_admin_token); roles: admin, super_admin|controller.listScheduled|src/modules/admin/notification-campaign.routes.ts
GET|/api/v1/admin/notifications/templates|admin JWT (Bearer or cookie selorg_admin_token); roles: admin, super_admin|controller.listTemplates|src/modules/admin/notification-campaign.routes.ts
POST|/api/v1/admin/notifications/templates|admin JWT (Bearer or cookie selorg_admin_token); roles: admin, super_admin; zod|controller.createTemplate|src/modules/admin/notification-campaign.routes.ts
DELETE|/api/v1/admin/notifications/templates/:id|admin JWT (Bearer or cookie selorg_admin_token); roles: admin, super_admin|controller.deleteTemplate|src/modules/admin/notification-campaign.routes.ts
PUT|/api/v1/admin/notifications/templates/:id|admin JWT (Bearer or cookie selorg_admin_token); roles: admin, super_admin; zod|controller.updateTemplate|src/modules/admin/notification-campaign.routes.ts
GET|/api/v1/admin/notifications/timeseries|admin JWT (Bearer or cookie selorg_admin_token); roles: admin, super_admin|controller.getTimeSeries|src/modules/admin/notification-campaign.routes.ts
GET|/api/v1/admin/orders|admin JWT (Bearer or cookie selorg_admin_token)|orderController.adminList|src/modules/orders/order.routes.ts
GET|/api/v1/admin/orders|admin JWT (Bearer or cookie selorg_admin_token); roles: admin, super_admin|adminOrdersCtrl.listAdminOrders|src/modules/admin/admin.routes.ts
POST|/api/v1/admin/orders|admin JWT (Bearer or cookie selorg_admin_token); roles: admin, super_admin|adminOrdersCtrl.placeOrderOnBehalf|src/modules/admin/admin.routes.ts
GET|/api/v1/admin/orders/:id|admin JWT (Bearer or cookie selorg_admin_token)|orderController.adminGetDetail|src/modules/orders/order.routes.ts
GET|/api/v1/admin/orders/:id|admin JWT (Bearer or cookie selorg_admin_token); roles: admin, super_admin|adminOrdersCtrl.getAdminOrder|src/modules/admin/admin.routes.ts
GET|/api/v1/admin/orders/:id/logs|admin JWT (Bearer or cookie selorg_admin_token)|orderController.adminGetLogs|src/modules/orders/order.routes.ts
GET|/api/v1/admin/orders/:id/logs|admin JWT (Bearer or cookie selorg_admin_token); roles: admin, super_admin|adminOrdersCtrl.getAdminOrderLogs|src/modules/admin/admin.routes.ts
PUT|/api/v1/admin/orders/:id/update-status|admin JWT (Bearer or cookie selorg_admin_token); zod|orderController.updateStatus|src/modules/orders/order.routes.ts
GET|/api/v1/admin/permissions|admin JWT (Bearer or cookie selorg_admin_token); roles: admin, super_admin; perm: PERMISSIONS.ADMIN_ROLES_READ|permissionsController.getPermissions|src/modules/admin/admin.routes.ts
POST|/api/v1/admin/permissions|admin JWT (Bearer or cookie selorg_admin_token); roles: admin, super_admin; perm: PERMISSIONS.ADMIN_ROLES_WRITE; zod|permissionsController.createPermission|src/modules/admin/admin.routes.ts
DELETE|/api/v1/admin/permissions/:id|admin JWT (Bearer or cookie selorg_admin_token); roles: admin, super_admin; perm: PERMISSIONS.ADMIN_ROLES_WRITE|permissionsController.deletePermission|src/modules/admin/admin.routes.ts
GET|/api/v1/admin/permissions/:id|admin JWT (Bearer or cookie selorg_admin_token); roles: admin, super_admin; perm: PERMISSIONS.ADMIN_ROLES_READ|permissionsController.getPermissionById|src/modules/admin/admin.routes.ts
PUT|/api/v1/admin/permissions/:id|admin JWT (Bearer or cookie selorg_admin_token); roles: admin, super_admin; perm: PERMISSIONS.ADMIN_ROLES_WRITE; zod|permissionsController.updatePermission|src/modules/admin/admin.routes.ts
GET|/api/v1/admin/permissions/matrix|admin JWT (Bearer or cookie selorg_admin_token); roles: admin, super_admin; perm: PERMISSIONS.ADMIN_ROLES_READ|permissionsController.getPermissionsMatrix|src/modules/admin/admin.routes.ts
GET|/api/v1/admin/picker-action-logs|admin JWT (Bearer or cookie selorg_admin_token); roles: admin, super_admin|pickerActionLogsCtrl.listPickerActionLogs|src/modules/admin/admin.routes.ts
GET|/api/v1/admin/picker-config|admin JWT (Bearer or cookie selorg_admin_token); roles: admin, super_admin|pickerConfigCtrl.getPickerConfig|src/modules/admin/admin.routes.ts
PUT|/api/v1/admin/picker-config|admin JWT (Bearer or cookie selorg_admin_token); roles: admin, super_admin|pickerConfigCtrl.updatePickerConfig|src/modules/admin/admin.routes.ts
GET|/api/v1/admin/picker/agencies|admin JWT (Bearer or cookie selorg_admin_token); roles: admin, super_admin|pickerOpsCtrl.listAgencies|src/modules/admin/admin.routes.ts
GET|/api/v1/admin/picker/agencies|admin JWT (Bearer or cookie selorg_admin_token)|ctrl.adminListAgencies|src/modules/picker/picker.routes.ts
POST|/api/v1/admin/picker/agencies|admin JWT (Bearer or cookie selorg_admin_token); roles: admin, super_admin|pickerOpsCtrl.createAgency|src/modules/admin/admin.routes.ts
POST|/api/v1/admin/picker/agencies|admin JWT (Bearer or cookie selorg_admin_token)|ctrl.adminCreateAgency|src/modules/picker/picker.routes.ts
POST|/api/v1/admin/picker/agencies/:agencyId/activate|admin JWT (Bearer or cookie selorg_admin_token); roles: admin, super_admin|pickerOpsCtrl.activateAgency|src/modules/admin/admin.routes.ts
POST|/api/v1/admin/picker/agencies/:agencyId/activate|admin JWT (Bearer or cookie selorg_admin_token)|ctrl.adminActivateAgency|src/modules/picker/picker.routes.ts
POST|/api/v1/admin/picker/agencies/:agencyId/deactivate|admin JWT (Bearer or cookie selorg_admin_token); roles: admin, super_admin|pickerOpsCtrl.deactivateAgency|src/modules/admin/admin.routes.ts
POST|/api/v1/admin/picker/agencies/:agencyId/deactivate|admin JWT (Bearer or cookie selorg_admin_token)|ctrl.adminDeactivateAgency|src/modules/picker/picker.routes.ts
GET|/api/v1/admin/picker/approvals|admin JWT (Bearer or cookie selorg_admin_token); roles: admin, super_admin|pickerOpsCtrl.listPickerApprovals|src/modules/admin/admin.routes.ts
GET|/api/v1/admin/picker/approvals|admin JWT (Bearer or cookie selorg_admin_token)|ctrl.adminListPickers|src/modules/picker/picker.routes.ts
GET|/api/v1/admin/picker/attendance|admin JWT (Bearer or cookie selorg_admin_token); roles: admin, super_admin|pickerOpsCtrl.listAttendance|src/modules/admin/admin.routes.ts
GET|/api/v1/admin/picker/attendance|admin JWT (Bearer or cookie selorg_admin_token)|ctrl.adminGetAttendanceByMonth|src/modules/picker/picker.routes.ts
GET|/api/v1/admin/picker/attendance/export|admin JWT (Bearer or cookie selorg_admin_token); roles: admin, super_admin|pickerOpsCtrl.exportAttendance|src/modules/admin/admin.routes.ts
GET|/api/v1/admin/picker/attendance/export|admin JWT (Bearer or cookie selorg_admin_token)|ctrl.adminExportAttendance|src/modules/picker/picker.routes.ts
GET|/api/v1/admin/picker/attendance/live|admin JWT (Bearer or cookie selorg_admin_token)|ctrl.adminLiveAttendance|src/modules/picker/picker.routes.ts
GET|/api/v1/admin/picker/devices|admin JWT (Bearer or cookie selorg_admin_token)|ctrl.adminListDevices|src/modules/picker/picker.routes.ts
DELETE|/api/v1/admin/picker/devices/:deviceId/unassign|admin JWT (Bearer or cookie selorg_admin_token)|ctrl.adminUnassignDevice|src/modules/picker/picker.routes.ts
POST|/api/v1/admin/picker/devices/assign|admin JWT (Bearer or cookie selorg_admin_token)|ctrl.adminAssignDevice|src/modules/picker/picker.routes.ts
PUT|/api/v1/admin/picker/documents/:documentId/review|admin JWT (Bearer or cookie selorg_admin_token)|ctrl.adminReviewDocument|src/modules/picker/picker.routes.ts
GET|/api/v1/admin/picker/ot-requests|admin JWT (Bearer or cookie selorg_admin_token); roles: admin, super_admin|pickerOpsCtrl.listOtRequests|src/modules/admin/admin.routes.ts
GET|/api/v1/admin/picker/ot-requests|admin JWT (Bearer or cookie selorg_admin_token)|ctrl.adminListOtRequests|src/modules/picker/picker.routes.ts
POST|/api/v1/admin/picker/ot-requests/:requestId/decision|admin JWT (Bearer or cookie selorg_admin_token); roles: admin, super_admin|pickerOpsCtrl.decideOtRequest|src/modules/admin/admin.routes.ts
POST|/api/v1/admin/picker/ot-requests/:requestId/decision|admin JWT (Bearer or cookie selorg_admin_token)|ctrl.adminDecideOtRequest|src/modules/picker/picker.routes.ts
GET|/api/v1/admin/picker/payout-verifications|admin JWT (Bearer or cookie selorg_admin_token)|ctrl.adminListPayoutVerifications|src/modules/picker/picker.routes.ts
GET|/api/v1/admin/picker/pickers|admin JWT (Bearer or cookie selorg_admin_token); roles: admin, super_admin|pickerOpsCtrl.listPickers|src/modules/admin/admin.routes.ts
GET|/api/v1/admin/picker/pickers|admin JWT (Bearer or cookie selorg_admin_token)|ctrl.adminListPickers|src/modules/picker/picker.routes.ts
GET|/api/v1/admin/picker/pickers/:id|admin JWT (Bearer or cookie selorg_admin_token); roles: admin, super_admin|pickerOpsCtrl.getPickerById|src/modules/admin/admin.routes.ts
GET|/api/v1/admin/picker/pickers/:id|admin JWT (Bearer or cookie selorg_admin_token)|ctrl.adminGetPickerById|src/modules/picker/picker.routes.ts
GET|/api/v1/admin/picker/pickers/:id/action-logs|admin JWT (Bearer or cookie selorg_admin_token); roles: admin, super_admin|pickerOpsCtrl.getPickerActionLogs|src/modules/admin/admin.routes.ts
GET|/api/v1/admin/picker/pickers/:id/action-logs|admin JWT (Bearer or cookie selorg_admin_token)|ctrl.adminGetPickerActionLogs|src/modules/picker/picker.routes.ts
PATCH|/api/v1/admin/picker/pickers/:id/bank/:accountId/review|admin JWT (Bearer or cookie selorg_admin_token); roles: admin, super_admin|pickerOpsCtrl.reviewPickerBankAccount|src/modules/admin/admin.routes.ts
PATCH|/api/v1/admin/picker/pickers/:id/bank/:accountId/review|admin JWT (Bearer or cookie selorg_admin_token)|ctrl.adminReviewBankAccount|src/modules/picker/picker.routes.ts
PATCH|/api/v1/admin/picker/pickers/:id/documents/review|admin JWT (Bearer or cookie selorg_admin_token); roles: admin, super_admin|pickerOpsCtrl.reviewPickerDocument|src/modules/admin/admin.routes.ts
PATCH|/api/v1/admin/picker/pickers/:id/documents/review|admin JWT (Bearer or cookie selorg_admin_token)|ctrl.adminReviewDocument|src/modules/picker/picker.routes.ts
GET|/api/v1/admin/picker/pickers/:id/face-verification|admin JWT (Bearer or cookie selorg_admin_token); roles: admin, super_admin|pickerOpsCtrl.getPickerFaceVerification|src/modules/admin/admin.routes.ts
GET|/api/v1/admin/picker/pickers/:id/face-verification|admin JWT (Bearer or cookie selorg_admin_token)|ctrl.adminGetFaceVerification|src/modules/picker/picker.routes.ts
PATCH|/api/v1/admin/picker/pickers/:id/face-verification/override|admin JWT (Bearer or cookie selorg_admin_token); roles: admin, super_admin|pickerOpsCtrl.overridePickerFaceVerification|src/modules/admin/admin.routes.ts
PATCH|/api/v1/admin/picker/pickers/:id/face-verification/override|admin JWT (Bearer or cookie selorg_admin_token)|ctrl.adminOverrideFaceVerification|src/modules/picker/picker.routes.ts
DELETE|/api/v1/admin/picker/pickers/:id/link-hhd|admin JWT (Bearer or cookie selorg_admin_token); roles: admin, super_admin|pickerOpsCtrl.unlinkPickerHhd|src/modules/admin/admin.routes.ts
DELETE|/api/v1/admin/picker/pickers/:id/link-hhd|admin JWT (Bearer or cookie selorg_admin_token)|ctrl.adminUnlinkHHD|src/modules/picker/picker.routes.ts
POST|/api/v1/admin/picker/pickers/:id/link-hhd|admin JWT (Bearer or cookie selorg_admin_token); roles: admin, super_admin|pickerOpsCtrl.linkPickerHhd|src/modules/admin/admin.routes.ts
POST|/api/v1/admin/picker/pickers/:id/link-hhd|admin JWT (Bearer or cookie selorg_admin_token)|ctrl.adminLinkHHD|src/modules/picker/picker.routes.ts
PATCH|/api/v1/admin/picker/pickers/:id/status|admin JWT (Bearer or cookie selorg_admin_token); roles: admin, super_admin|pickerOpsCtrl.updatePickerStatus|src/modules/admin/admin.routes.ts
PATCH|/api/v1/admin/picker/pickers/:id/status|admin JWT (Bearer or cookie selorg_admin_token)|ctrl.adminUpdatePickerStatus|src/modules/picker/picker.routes.ts
GET|/api/v1/admin/picker/pickers/:id/training-progress|admin JWT (Bearer or cookie selorg_admin_token); roles: admin, super_admin|pickerOpsCtrl.getPickerTrainingProgress|src/modules/admin/admin.routes.ts
GET|/api/v1/admin/picker/pickers/:id/training-progress|admin JWT (Bearer or cookie selorg_admin_token)|ctrl.adminGetPickerTrainingProgress|src/modules/picker/picker.routes.ts
PATCH|/api/v1/admin/picker/pickers/:id/upi/review|admin JWT (Bearer or cookie selorg_admin_token)|ctrl.adminReviewUpiPayout|src/modules/picker/picker.routes.ts
PUT|/api/v1/admin/picker/pickers/:pickerId/approve|admin JWT (Bearer or cookie selorg_admin_token)|ctrl.adminApprovePicker|src/modules/picker/picker.routes.ts
PATCH|/api/v1/admin/picker/pickers/:pickerId/assignment|admin JWT (Bearer or cookie selorg_admin_token); roles: admin, super_admin|pickerOpsCtrl.updatePickerAssignment|src/modules/admin/admin.routes.ts
PATCH|/api/v1/admin/picker/pickers/:pickerId/assignment|admin JWT (Bearer or cookie selorg_admin_token)|ctrl.adminUpdateAssignment|src/modules/picker/picker.routes.ts
POST|/api/v1/admin/picker/pickers/:pickerId/push|admin JWT (Bearer or cookie selorg_admin_token); roles: admin, super_admin|pickerOpsCtrl.pushPickerNotification|src/modules/admin/admin.routes.ts
POST|/api/v1/admin/picker/pickers/:pickerId/push|admin JWT (Bearer or cookie selorg_admin_token)|ctrl.adminSendPickerPush|src/modules/picker/picker.routes.ts
PUT|/api/v1/admin/picker/pickers/:pickerId/reject|admin JWT (Bearer or cookie selorg_admin_token)|ctrl.adminRejectPicker|src/modules/picker/picker.routes.ts
GET|/api/v1/admin/picker/shift-change-requests|admin JWT (Bearer or cookie selorg_admin_token); roles: admin, super_admin|pickerOpsCtrl.listShiftChangeRequests|src/modules/admin/admin.routes.ts
GET|/api/v1/admin/picker/shift-change-requests|admin JWT (Bearer or cookie selorg_admin_token)|ctrl.adminListShiftChangeRequests|src/modules/picker/picker.routes.ts
POST|/api/v1/admin/picker/shift-change-requests/:requestId/decision|admin JWT (Bearer or cookie selorg_admin_token); roles: admin, super_admin|pickerOpsCtrl.decideShiftChangeRequest|src/modules/admin/admin.routes.ts
POST|/api/v1/admin/picker/shift-change-requests/:requestId/decision|admin JWT (Bearer or cookie selorg_admin_token)|ctrl.adminDecideShiftChangeRequest|src/modules/picker/picker.routes.ts
POST|/api/v1/admin/picker/shifts/:shiftId/reassign|admin JWT (Bearer or cookie selorg_admin_token)|ctrl.adminReassignPickerShift|src/modules/picker/picker.routes.ts
GET|/api/v1/admin/picker/stores/:storeId/shift-slots|admin JWT (Bearer or cookie selorg_admin_token); roles: admin, super_admin|pickerOpsCtrl.listStoreShiftSlots|src/modules/admin/admin.routes.ts
GET|/api/v1/admin/picker/stores/:storeId/shift-slots|admin JWT (Bearer or cookie selorg_admin_token)|ctrl.adminListStoreShiftSlots|src/modules/picker/picker.routes.ts
POST|/api/v1/admin/picker/stores/:storeId/shift-slots|admin JWT (Bearer or cookie selorg_admin_token); roles: admin, super_admin|pickerOpsCtrl.createStoreShiftSlot|src/modules/admin/admin.routes.ts
POST|/api/v1/admin/picker/stores/:storeId/shift-slots|admin JWT (Bearer or cookie selorg_admin_token)|ctrl.adminCreateStoreShiftSlot|src/modules/picker/picker.routes.ts
GET|/api/v1/admin/picker/withdrawals|admin JWT (Bearer or cookie selorg_admin_token)|ctrl.adminListWithdrawals|src/modules/picker/picker.routes.ts
PUT|/api/v1/admin/picker/withdrawals/:requestId/process|admin JWT (Bearer or cookie selorg_admin_token)|ctrl.adminProcessWithdrawal|src/modules/picker/picker.routes.ts
GET|/api/v1/admin/pickers|admin JWT (Bearer or cookie selorg_admin_token); roles: admin, super_admin|pickerOpsCtrl.listPickers|src/modules/admin/admin.routes.ts
GET|/api/v1/admin/pickers/:id|admin JWT (Bearer or cookie selorg_admin_token); roles: admin, super_admin|pickerOpsCtrl.getPickerById|src/modules/admin/admin.routes.ts
PATCH|/api/v1/admin/pickers/:id|admin JWT (Bearer or cookie selorg_admin_token); roles: admin, super_admin|pickerOpsCtrl.updatePickerStatus|src/modules/admin/admin.routes.ts
GET|/api/v1/admin/pickers/:id/action-logs|admin JWT (Bearer or cookie selorg_admin_token); roles: admin, super_admin|pickerOpsCtrl.getPickerActionLogs|src/modules/admin/admin.routes.ts
PATCH|/api/v1/admin/pickers/:id/bank/:accountId/review|admin JWT (Bearer or cookie selorg_admin_token); roles: admin, super_admin|pickerOpsCtrl.reviewPickerBankAccount|src/modules/admin/admin.routes.ts
PATCH|/api/v1/admin/pickers/:id/documents/review|admin JWT (Bearer or cookie selorg_admin_token); roles: admin, super_admin|pickerOpsCtrl.reviewPickerDocument|src/modules/admin/admin.routes.ts
GET|/api/v1/admin/pickers/:id/face-verification|admin JWT (Bearer or cookie selorg_admin_token); roles: admin, super_admin|pickerOpsCtrl.getPickerFaceVerification|src/modules/admin/admin.routes.ts
PATCH|/api/v1/admin/pickers/:id/face-verification/override|admin JWT (Bearer or cookie selorg_admin_token); roles: admin, super_admin|pickerOpsCtrl.overridePickerFaceVerification|src/modules/admin/admin.routes.ts
DELETE|/api/v1/admin/pickers/:id/link-hhd|admin JWT (Bearer or cookie selorg_admin_token); roles: admin, super_admin|pickerOpsCtrl.unlinkPickerHhd|src/modules/admin/admin.routes.ts
POST|/api/v1/admin/pickers/:id/link-hhd|admin JWT (Bearer or cookie selorg_admin_token); roles: admin, super_admin|pickerOpsCtrl.linkPickerHhd|src/modules/admin/admin.routes.ts
GET|/api/v1/admin/pickers/:id/training-progress|admin JWT (Bearer or cookie selorg_admin_token); roles: admin, super_admin|pickerOpsCtrl.getPickerTrainingProgress|src/modules/admin/admin.routes.ts
GET|/api/v1/admin/platform-config|admin JWT (Bearer or cookie selorg_admin_token); roles: admin, super_admin; perm: PERMISSIONS.ADMIN_CONFIG_READ|platformConfigController.list|src/modules/admin/platform-config.routes.ts
DELETE|/api/v1/admin/platform-config/:key|admin JWT (Bearer or cookie selorg_admin_token); roles: admin, super_admin; perm: PERMISSIONS.ADMIN_CONFIG_WRITE|platformConfigController.remove|src/modules/admin/platform-config.routes.ts
GET|/api/v1/admin/platform-config/:key|admin JWT (Bearer or cookie selorg_admin_token); roles: admin, super_admin; perm: PERMISSIONS.ADMIN_CONFIG_READ|platformConfigController.getOne|src/modules/admin/platform-config.routes.ts
PUT|/api/v1/admin/platform-config/:key|admin JWT (Bearer or cookie selorg_admin_token); roles: admin, super_admin; perm: PERMISSIONS.ADMIN_CONFIG_WRITE|platformConfigController.upsert|src/modules/admin/platform-config.routes.ts
GET|/api/v1/admin/products|admin JWT (Bearer or cookie selorg_admin_token)|adminProductsController.listProducts|src/modules/products/products.admin.routes.ts
POST|/api/v1/admin/products|admin JWT (Bearer or cookie selorg_admin_token)|adminProductsController.createProduct|src/modules/products/products.admin.routes.ts
DELETE|/api/v1/admin/products/:id|admin JWT (Bearer or cookie selorg_admin_token)|adminProductsController.deleteProduct|src/modules/products/products.admin.routes.ts
GET|/api/v1/admin/products/:id|admin JWT (Bearer or cookie selorg_admin_token)|adminProductsController.getProduct|src/modules/products/products.admin.routes.ts
PUT|/api/v1/admin/products/:id|admin JWT (Bearer or cookie selorg_admin_token)|adminProductsController.updateProduct|src/modules/products/products.admin.routes.ts
POST|/api/v1/admin/products/bulk-upload|admin JWT (Bearer or cookie selorg_admin_token)|adminProductsController.bulkUpload|src/modules/products/products.admin.routes.ts
GET|/api/v1/admin/products/bulk-upload/template|admin JWT (Bearer or cookie selorg_admin_token)|adminProductsController.downloadTemplate|src/modules/products/products.admin.routes.ts
POST|/api/v1/admin/products/upload-image|admin JWT (Bearer or cookie selorg_admin_token)|adminProductsController.uploadProductImage|src/modules/products/products.admin.routes.ts
GET|/api/v1/admin/riders|admin JWT (Bearer or cookie selorg_admin_token); roles: admin, super_admin|riderCtrl.listRiders|src/modules/admin/admin.routes.ts
GET|/api/v1/admin/riders/:id|admin JWT (Bearer or cookie selorg_admin_token); roles: admin, super_admin|riderCtrl.getRiderById|src/modules/admin/admin.routes.ts
PATCH|/api/v1/admin/riders/:id/status|admin JWT (Bearer or cookie selorg_admin_token); roles: admin, super_admin|riderCtrl.updateRiderStatus|src/modules/admin/admin.routes.ts
GET|/api/v1/admin/roles|admin JWT (Bearer or cookie selorg_admin_token); roles: admin, super_admin; perm: PERMISSIONS.ADMIN_ROLES_READ|rolesController.getRoles|src/modules/admin/admin.routes.ts
POST|/api/v1/admin/roles|admin JWT (Bearer or cookie selorg_admin_token); roles: admin, super_admin; perm: PERMISSIONS.ADMIN_ROLES_WRITE; zod|rolesController.createRole|src/modules/admin/admin.routes.ts
DELETE|/api/v1/admin/roles/:id|admin JWT (Bearer or cookie selorg_admin_token); roles: admin, super_admin; perm: PERMISSIONS.ADMIN_ROLES_WRITE|rolesController.deleteRole|src/modules/admin/admin.routes.ts
GET|/api/v1/admin/roles/:id|admin JWT (Bearer or cookie selorg_admin_token); roles: admin, super_admin; perm: PERMISSIONS.ADMIN_ROLES_READ|rolesController.getRoleById|src/modules/admin/admin.routes.ts
PUT|/api/v1/admin/roles/:id|admin JWT (Bearer or cookie selorg_admin_token); roles: admin, super_admin; perm: PERMISSIONS.ADMIN_ROLES_WRITE; zod|rolesController.updateRole|src/modules/admin/admin.routes.ts
GET|/api/v1/admin/roles/:id/export|admin JWT (Bearer or cookie selorg_admin_token); roles: admin, super_admin; perm: PERMISSIONS.ADMIN_ROLES_READ|rolesController.exportRoleConfig|src/modules/admin/admin.routes.ts
PUT|/api/v1/admin/roles/:id/matrix|admin JWT (Bearer or cookie selorg_admin_token); roles: admin, super_admin; perm: PERMISSIONS.ADMIN_ROLES_WRITE; zod|rolesController.updateRoleMatrix|src/modules/admin/admin.routes.ts
POST|/api/v1/admin/roles/from-template|admin JWT (Bearer or cookie selorg_admin_token); roles: admin, super_admin; perm: PERMISSIONS.ADMIN_ROLES_WRITE; zod|rolesController.createRoleFromTemplate|src/modules/admin/admin.routes.ts
POST|/api/v1/admin/roles/import|admin JWT (Bearer or cookie selorg_admin_token); roles: admin, super_admin; perm: PERMISSIONS.ADMIN_ROLES_WRITE; zod|rolesController.importRoleConfig|src/modules/admin/admin.routes.ts
GET|/api/v1/admin/roles/templates|admin JWT (Bearer or cookie selorg_admin_token); roles: admin, super_admin; perm: PERMISSIONS.ADMIN_ROLES_READ|rolesController.getRoleTemplates|src/modules/admin/admin.routes.ts
GET|/api/v1/admin/sessions|admin JWT (Bearer or cookie selorg_admin_token); roles: admin, super_admin; perm: PERMISSIONS.COMPLIANCE_AUDIT_READ|activityLogsController.getSessions|src/modules/admin/activity-logs.routes.ts
DELETE|/api/v1/admin/sessions/:id|admin JWT (Bearer or cookie selorg_admin_token); roles: admin, super_admin; perm: PERMISSIONS.COMPLIANCE_AUDIT_READ|activityLogsController.revokeSession|src/modules/admin/activity-logs.routes.ts
GET|/api/v1/admin/sku-units|admin JWT (Bearer or cookie selorg_admin_token); roles: admin, super_admin|masterDataController.listSkuUnits|src/modules/admin/master-data.routes.ts
POST|/api/v1/admin/sku-units|admin JWT (Bearer or cookie selorg_admin_token); roles: admin, super_admin|masterDataController.createSkuUnit|src/modules/admin/master-data.routes.ts
DELETE|/api/v1/admin/sku-units/:id|admin JWT (Bearer or cookie selorg_admin_token); roles: admin, super_admin|masterDataController.deleteSkuUnit|src/modules/admin/master-data.routes.ts
GET|/api/v1/admin/sku-units/:id|admin JWT (Bearer or cookie selorg_admin_token); roles: admin, super_admin|masterDataController.getSkuUnit|src/modules/admin/master-data.routes.ts
PUT|/api/v1/admin/sku-units/:id|admin JWT (Bearer or cookie selorg_admin_token); roles: admin, super_admin|masterDataController.updateSkuUnit|src/modules/admin/master-data.routes.ts
GET|/api/v1/admin/staff|admin JWT (Bearer or cookie selorg_admin_token); roles: admin, super_admin|storeWarehouseController.listStaff|src/modules/admin/store-warehouse.routes.ts
GET|/api/v1/admin/staff|admin JWT (Bearer or cookie selorg_admin_token)|staffController.listRiders|src/modules/staff/staff.routes.ts
POST|/api/v1/admin/staff|admin JWT (Bearer or cookie selorg_admin_token); roles: admin, super_admin|storeWarehouseController.createStaff|src/modules/admin/store-warehouse.routes.ts
DELETE|/api/v1/admin/staff/:id|admin JWT (Bearer or cookie selorg_admin_token); roles: admin, super_admin|storeWarehouseController.deleteStaff|src/modules/admin/store-warehouse.routes.ts
GET|/api/v1/admin/staff/:id|admin JWT (Bearer or cookie selorg_admin_token); roles: admin, super_admin|storeWarehouseController.getStaff|src/modules/admin/store-warehouse.routes.ts
PUT|/api/v1/admin/staff/:id|admin JWT (Bearer or cookie selorg_admin_token); roles: admin, super_admin|storeWarehouseController.updateStaff|src/modules/admin/store-warehouse.routes.ts
GET|/api/v1/admin/staff/shifts|admin JWT (Bearer or cookie selorg_admin_token)|staffController.listShifts|src/modules/staff/staff.routes.ts
POST|/api/v1/admin/staff/shifts|admin JWT (Bearer or cookie selorg_admin_token)|staffController.createShift|src/modules/staff/staff.routes.ts
GET|/api/v1/admin/staff/shifts/:id|admin JWT (Bearer or cookie selorg_admin_token)|staffController.getShiftById|src/modules/staff/staff.routes.ts
PUT|/api/v1/admin/staff/shifts/:id|admin JWT (Bearer or cookie selorg_admin_token)|staffController.updateShift|src/modules/staff/staff.routes.ts
GET|/api/v1/admin/staff/summary|admin JWT (Bearer or cookie selorg_admin_token)|staffController.getSummary|src/modules/staff/staff.routes.ts
GET|/api/v1/admin/store-warehouse/bins|admin JWT (Bearer or cookie selorg_admin_token); roles: admin, super_admin|(handler)|src/modules/admin/store-warehouse-sub.routes.ts
GET|/api/v1/admin/store-warehouse/bins/:id|admin JWT (Bearer or cookie selorg_admin_token); roles: admin, super_admin|(handler)|src/modules/admin/store-warehouse-sub.routes.ts
GET|/api/v1/admin/store-warehouse/delivery-zones|admin JWT (Bearer or cookie selorg_admin_token); roles: admin, super_admin|(handler)|src/modules/admin/store-warehouse-sub.routes.ts
GET|/api/v1/admin/store-warehouse/grns|admin JWT (Bearer or cookie selorg_admin_token); roles: admin, super_admin|(handler)|src/modules/admin/store-warehouse-sub.routes.ts
GET|/api/v1/admin/store-warehouse/grns/:id|admin JWT (Bearer or cookie selorg_admin_token); roles: admin, super_admin|(handler)|src/modules/admin/store-warehouse-sub.routes.ts
GET|/api/v1/admin/store-warehouse/inventories|admin JWT (Bearer or cookie selorg_admin_token); roles: admin, super_admin|(handler)|src/modules/admin/store-warehouse-sub.routes.ts
POST|/api/v1/admin/store-warehouse/inventories|admin JWT (Bearer or cookie selorg_admin_token); roles: admin, super_admin|(handler)|src/modules/admin/store-warehouse-sub.routes.ts
DELETE|/api/v1/admin/store-warehouse/inventories/:id|admin JWT (Bearer or cookie selorg_admin_token); roles: admin, super_admin|(handler)|src/modules/admin/store-warehouse-sub.routes.ts
GET|/api/v1/admin/store-warehouse/inventories/:id|admin JWT (Bearer or cookie selorg_admin_token); roles: admin, super_admin|(handler)|src/modules/admin/store-warehouse-sub.routes.ts
PUT|/api/v1/admin/store-warehouse/inventories/:id|admin JWT (Bearer or cookie selorg_admin_token); roles: admin, super_admin|(handler)|src/modules/admin/store-warehouse-sub.routes.ts
GET|/api/v1/admin/store-warehouse/putaway|admin JWT (Bearer or cookie selorg_admin_token); roles: admin, super_admin|(handler)|src/modules/admin/store-warehouse-sub.routes.ts
GET|/api/v1/admin/store-warehouse/stock-movements|admin JWT (Bearer or cookie selorg_admin_token); roles: admin, super_admin|(handler)|src/modules/admin/store-warehouse-sub.routes.ts
GET|/api/v1/admin/store-warehouse/warehouse-inventory|admin JWT (Bearer or cookie selorg_admin_token); roles: admin, super_admin|(handler)|src/modules/admin/store-warehouse-sub.routes.ts
POST|/api/v1/admin/store-warehouse/warehouse-inventory|admin JWT (Bearer or cookie selorg_admin_token); roles: admin, super_admin|(handler)|src/modules/admin/store-warehouse-sub.routes.ts
DELETE|/api/v1/admin/store-warehouse/warehouse-inventory/:id|admin JWT (Bearer or cookie selorg_admin_token); roles: admin, super_admin|(handler)|src/modules/admin/store-warehouse-sub.routes.ts
PUT|/api/v1/admin/store-warehouse/warehouse-inventory/:id|admin JWT (Bearer or cookie selorg_admin_token); roles: admin, super_admin|(handler)|src/modules/admin/store-warehouse-sub.routes.ts
GET|/api/v1/admin/stores|admin JWT (Bearer or cookie selorg_admin_token); roles: admin, super_admin|storeWarehouseController.listStores|src/modules/admin/store-warehouse.routes.ts
POST|/api/v1/admin/stores|admin JWT (Bearer or cookie selorg_admin_token); roles: admin, super_admin|storeWarehouseController.createStore|src/modules/admin/store-warehouse.routes.ts
DELETE|/api/v1/admin/stores/:id|admin JWT (Bearer or cookie selorg_admin_token); roles: admin, super_admin|storeWarehouseController.deleteStore|src/modules/admin/store-warehouse.routes.ts
GET|/api/v1/admin/stores/:id|admin JWT (Bearer or cookie selorg_admin_token); roles: admin, super_admin|storeWarehouseController.getStore|src/modules/admin/store-warehouse.routes.ts
PUT|/api/v1/admin/stores/:id|admin JWT (Bearer or cookie selorg_admin_token); roles: admin, super_admin|storeWarehouseController.updateStore|src/modules/admin/store-warehouse.routes.ts
GET|/api/v1/admin/stores/performance|admin JWT (Bearer or cookie selorg_admin_token); roles: admin, super_admin|storeWarehouseController.getStorePerformance|src/modules/admin/store-warehouse.routes.ts
GET|/api/v1/admin/stores/stats|admin JWT (Bearer or cookie selorg_admin_token); roles: admin, super_admin|storeWarehouseController.getStoreStats|src/modules/admin/store-warehouse.routes.ts
GET|/api/v1/admin/support-chat/conversations|admin JWT (Bearer or cookie selorg_admin_token)|controller.adminListConversations|src/modules/support-chat/support-chat.routes.ts
GET|/api/v1/admin/support-chat/conversations/:id|admin JWT (Bearer or cookie selorg_admin_token)|controller.adminGetConversation|src/modules/support-chat/support-chat.routes.ts
GET|/api/v1/admin/support-chat/conversations/:id/context|admin JWT (Bearer or cookie selorg_admin_token)|controller.adminGetConversationContext|src/modules/support-chat/support-chat.routes.ts
POST|/api/v1/admin/support-chat/conversations/:id/messages|admin JWT (Bearer or cookie selorg_admin_token)|controller.adminSendMessage|src/modules/support-chat/support-chat.routes.ts
POST|/api/v1/admin/support-chat/conversations/:id/read|admin JWT (Bearer or cookie selorg_admin_token)|controller.adminMarkRead|src/modules/support-chat/support-chat.routes.ts
PATCH|/api/v1/admin/support-chat/conversations/:id/status|admin JWT (Bearer or cookie selorg_admin_token)|controller.adminUpdateStatus|src/modules/support-chat/support-chat.routes.ts
GET|/api/v1/admin/support/agents|admin JWT (Bearer or cookie selorg_admin_token); roles: admin, super_admin|supportCtrl.listAgents|src/modules/admin/admin.routes.ts
GET|/api/v1/admin/support/canned-responses|admin JWT (Bearer or cookie selorg_admin_token); roles: admin, super_admin|supportCtrl.listCannedResponses|src/modules/admin/admin.routes.ts
GET|/api/v1/admin/support/categories|admin JWT (Bearer or cookie selorg_admin_token); roles: admin, super_admin|supportCtrl.listCategories|src/modules/admin/admin.routes.ts
GET|/api/v1/admin/support/faqs|admin JWT (Bearer or cookie selorg_admin_token); roles: admin, super_admin|supportCtrl.listFaqs|src/modules/admin/admin.routes.ts
POST|/api/v1/admin/support/faqs|admin JWT (Bearer or cookie selorg_admin_token); roles: admin, super_admin|supportCtrl.createFaq|src/modules/admin/admin.routes.ts
DELETE|/api/v1/admin/support/faqs/:id|admin JWT (Bearer or cookie selorg_admin_token); roles: admin, super_admin|supportCtrl.deleteFaq|src/modules/admin/admin.routes.ts
PATCH|/api/v1/admin/support/faqs/:id|admin JWT (Bearer or cookie selorg_admin_token); roles: admin, super_admin|supportCtrl.updateFaq|src/modules/admin/admin.routes.ts
GET|/api/v1/admin/support/feedback|admin JWT (Bearer or cookie selorg_admin_token); roles: admin, super_admin|supportCtrl.listFeedback|src/modules/admin/admin.routes.ts
GET|/api/v1/admin/support/live-chats|admin JWT (Bearer or cookie selorg_admin_token); roles: admin, super_admin|supportCtrl.listLiveChats|src/modules/admin/admin.routes.ts
POST|/api/v1/admin/support/live-chats/:id/accept|admin JWT (Bearer or cookie selorg_admin_token); roles: admin, super_admin|supportCtrl.acceptLiveChat|src/modules/admin/admin.routes.ts
POST|/api/v1/admin/support/live-chats/:id/messages|admin JWT (Bearer or cookie selorg_admin_token); roles: admin, super_admin|supportCtrl.sendLiveChatMessage|src/modules/admin/admin.routes.ts
GET|/api/v1/admin/support/sla-metrics|admin JWT (Bearer or cookie selorg_admin_token); roles: admin, super_admin|supportCtrl.getSlaMetrics|src/modules/admin/admin.routes.ts
GET|/api/v1/admin/support/tickets|admin JWT (Bearer or cookie selorg_admin_token); roles: admin, super_admin|supportCtrl.listTickets|src/modules/admin/admin.routes.ts
POST|/api/v1/admin/support/tickets|admin JWT (Bearer or cookie selorg_admin_token); roles: admin, super_admin|supportCtrl.createTicket|src/modules/admin/admin.routes.ts
GET|/api/v1/admin/support/tickets/:id|admin JWT (Bearer or cookie selorg_admin_token); roles: admin, super_admin|supportCtrl.getTicketById|src/modules/admin/admin.routes.ts
PATCH|/api/v1/admin/support/tickets/:id|admin JWT (Bearer or cookie selorg_admin_token); roles: admin, super_admin|supportCtrl.updateTicket|src/modules/admin/admin.routes.ts
POST|/api/v1/admin/support/tickets/:id/assign|admin JWT (Bearer or cookie selorg_admin_token); roles: admin, super_admin|supportCtrl.assignTicket|src/modules/admin/admin.routes.ts
POST|/api/v1/admin/support/tickets/:id/close|admin JWT (Bearer or cookie selorg_admin_token); roles: admin, super_admin|supportCtrl.closeTicket|src/modules/admin/admin.routes.ts
POST|/api/v1/admin/support/tickets/:id/escalate|admin JWT (Bearer or cookie selorg_admin_token); roles: admin, super_admin|supportCtrl.escalateTicket|src/modules/admin/admin.routes.ts
POST|/api/v1/admin/support/tickets/:id/notes|admin JWT (Bearer or cookie selorg_admin_token); roles: admin, super_admin|supportCtrl.addTicketNote|src/modules/admin/admin.routes.ts
POST|/api/v1/admin/support/tickets/:id/redelivery|admin JWT (Bearer or cookie selorg_admin_token); roles: admin, super_admin|supportCtrl.redeliveryTicket|src/modules/admin/admin.routes.ts
POST|/api/v1/admin/support/tickets/:id/refund|admin JWT (Bearer or cookie selorg_admin_token); roles: admin, super_admin|supportCtrl.refundTicket|src/modules/admin/admin.routes.ts
GET|/api/v1/admin/system/advanced|admin JWT (Bearer or cookie selorg_admin_token); roles: admin, super_admin|controller.getAdvanced|src/modules/admin/system-config.routes.ts
PUT|/api/v1/admin/system/advanced|admin JWT (Bearer or cookie selorg_admin_token); roles: admin, super_admin|controller.updateAdvanced|src/modules/admin/system-config.routes.ts
GET|/api/v1/admin/system/api-endpoints|admin JWT (Bearer or cookie selorg_admin_token); roles: admin, super_admin; perm: PERMISSIONS.ADMIN_CONFIG_READ|(handler)|src/modules/admin/admin.routes.ts
GET|/api/v1/admin/system/api-keys|admin JWT (Bearer or cookie selorg_admin_token); roles: admin, super_admin|controller.listApiKeys|src/modules/admin/system-config.routes.ts
POST|/api/v1/admin/system/api-keys|admin JWT (Bearer or cookie selorg_admin_token); roles: admin, super_admin; zod|controller.createApiKey|src/modules/admin/system-config.routes.ts
POST|/api/v1/admin/system/api-keys/:id/revoke|admin JWT (Bearer or cookie selorg_admin_token); roles: admin, super_admin|controller.revokeApiKey|src/modules/admin/system-config.routes.ts
POST|/api/v1/admin/system/api-keys/:id/rotate|admin JWT (Bearer or cookie selorg_admin_token); roles: admin, super_admin|controller.rotateApiKey|src/modules/admin/system-config.routes.ts
POST|/api/v1/admin/system/cache/clear|admin JWT (Bearer or cookie selorg_admin_token); roles: admin, super_admin; perm: PERMISSIONS.ADMIN_CONFIG_WRITE|(handler)|src/modules/admin/admin.routes.ts
GET|/api/v1/admin/system/cache/stats|admin JWT (Bearer or cookie selorg_admin_token); roles: admin, super_admin; perm: PERMISSIONS.ADMIN_CONFIG_READ|(handler)|src/modules/admin/admin.routes.ts
GET|/api/v1/admin/system/cron-jobs|admin JWT (Bearer or cookie selorg_admin_token); roles: admin, super_admin|controller.listCronJobs|src/modules/admin/system-config.routes.ts
PUT|/api/v1/admin/system/cron-jobs/:jobId|admin JWT (Bearer or cookie selorg_admin_token); roles: admin, super_admin|controller.toggleCronJob|src/modules/admin/system-config.routes.ts
POST|/api/v1/admin/system/cron-jobs/:jobId/trigger|admin JWT (Bearer or cookie selorg_admin_token); roles: admin, super_admin|controller.triggerCronJob|src/modules/admin/system-config.routes.ts
GET|/api/v1/admin/system/delivery|admin JWT (Bearer or cookie selorg_admin_token); roles: admin, super_admin|controller.getDelivery|src/modules/admin/system-config.routes.ts
PUT|/api/v1/admin/system/delivery|admin JWT (Bearer or cookie selorg_admin_token); roles: admin, super_admin|controller.updateDelivery|src/modules/admin/system-config.routes.ts
GET|/api/v1/admin/system/env-variables|admin JWT (Bearer or cookie selorg_admin_token); roles: admin, super_admin|controller.listEnvVariables|src/modules/admin/system-config.routes.ts
PUT|/api/v1/admin/system/env-variables/:key|admin JWT (Bearer or cookie selorg_admin_token); roles: admin, super_admin|controller.updateEnvVariable|src/modules/admin/system-config.routes.ts
GET|/api/v1/admin/system/feature-flags|admin JWT (Bearer or cookie selorg_admin_token); roles: admin, super_admin|controller.listFeatureFlags|src/modules/admin/system-config.routes.ts
PUT|/api/v1/admin/system/feature-flags/:id/toggle|admin JWT (Bearer or cookie selorg_admin_token); roles: admin, super_admin|controller.toggleFeatureFlag|src/modules/admin/system-config.routes.ts
GET|/api/v1/admin/system/general|admin JWT (Bearer or cookie selorg_admin_token); roles: admin, super_admin|controller.getGeneral|src/modules/admin/system-config.routes.ts
PUT|/api/v1/admin/system/general|admin JWT (Bearer or cookie selorg_admin_token); roles: admin, super_admin|controller.updateGeneral|src/modules/admin/system-config.routes.ts
GET|/api/v1/admin/system/instances|admin JWT (Bearer or cookie selorg_admin_token); roles: admin, super_admin; perm: PERMISSIONS.ADMIN_CONFIG_READ|(handler)|src/modules/admin/admin.routes.ts
POST|/api/v1/admin/system/instances/:id/restart|admin JWT (Bearer or cookie selorg_admin_token); roles: admin, super_admin; perm: PERMISSIONS.ADMIN_CONFIG_WRITE|(handler)|src/modules/admin/admin.routes.ts
GET|/api/v1/admin/system/integrations|admin JWT (Bearer or cookie selorg_admin_token); roles: admin, super_admin|controller.listIntegrations|src/modules/admin/system-config.routes.ts
PUT|/api/v1/admin/system/integrations/:id|admin JWT (Bearer or cookie selorg_admin_token); roles: admin, super_admin|controller.updateIntegration|src/modules/admin/system-config.routes.ts
POST|/api/v1/admin/system/integrations/:id/test|admin JWT (Bearer or cookie selorg_admin_token); roles: admin, super_admin|controller.testIntegration|src/modules/admin/system-config.routes.ts
GET|/api/v1/admin/system/logs|admin JWT (Bearer or cookie selorg_admin_token); roles: admin, super_admin; perm: PERMISSIONS.ADMIN_CONFIG_READ|(handler)|src/modules/admin/admin.routes.ts
GET|/api/v1/admin/system/maintenance|admin JWT (Bearer or cookie selorg_admin_token); roles: admin, super_admin|controller.getMaintenanceMode|src/modules/admin/system-config.routes.ts
POST|/api/v1/admin/system/maintenance|admin JWT (Bearer or cookie selorg_admin_token); roles: admin, super_admin; zod|controller.toggleMaintenanceMode|src/modules/admin/system-config.routes.ts
GET|/api/v1/admin/system/migrations|admin JWT (Bearer or cookie selorg_admin_token); roles: admin, super_admin; perm: PERMISSIONS.ADMIN_CONFIG_READ|(handler)|src/modules/admin/admin.routes.ts
GET|/api/v1/admin/system/notifications|admin JWT (Bearer or cookie selorg_admin_token); roles: admin, super_admin|controller.getNotifications|src/modules/admin/system-config.routes.ts
PUT|/api/v1/admin/system/notifications|admin JWT (Bearer or cookie selorg_admin_token); roles: admin, super_admin|controller.updateNotifications|src/modules/admin/system-config.routes.ts
GET|/api/v1/admin/system/payment-gateways|admin JWT (Bearer or cookie selorg_admin_token); roles: admin, super_admin|controller.listPaymentGateways|src/modules/admin/system-config.routes.ts
PUT|/api/v1/admin/system/payment-gateways/:id|admin JWT (Bearer or cookie selorg_admin_token); roles: admin, super_admin|controller.updatePaymentGateway|src/modules/admin/system-config.routes.ts
GET|/api/v1/admin/system/performance|admin JWT (Bearer or cookie selorg_admin_token); roles: admin, super_admin; perm: PERMISSIONS.ADMIN_CONFIG_READ|(handler)|src/modules/admin/admin.routes.ts
GET|/api/v1/admin/system/server-status|admin JWT (Bearer or cookie selorg_admin_token); roles: admin, super_admin; perm: PERMISSIONS.ADMIN_CONFIG_READ|(handler)|src/modules/admin/admin.routes.ts
GET|/api/v1/admin/system/tax-settings|admin JWT (Bearer or cookie selorg_admin_token); roles: admin, super_admin|controller.getTax|src/modules/admin/system-config.routes.ts
PUT|/api/v1/admin/system/tax-settings|admin JWT (Bearer or cookie selorg_admin_token); roles: admin, super_admin|controller.updateTax|src/modules/admin/system-config.routes.ts
GET|/api/v1/admin/training-videos|admin JWT (Bearer or cookie selorg_admin_token); roles: admin, super_admin|trainingVideosCtrl.listTrainingVideos|src/modules/admin/admin.routes.ts
POST|/api/v1/admin/training-videos|admin JWT (Bearer or cookie selorg_admin_token); roles: admin, super_admin|trainingVideosCtrl.createTrainingVideo|src/modules/admin/admin.routes.ts
DELETE|/api/v1/admin/training-videos/:id|admin JWT (Bearer or cookie selorg_admin_token); roles: admin, super_admin|trainingVideosCtrl.deleteTrainingVideo|src/modules/admin/admin.routes.ts
GET|/api/v1/admin/training-videos/:id|admin JWT (Bearer or cookie selorg_admin_token); roles: admin, super_admin|trainingVideosCtrl.getTrainingVideoById|src/modules/admin/admin.routes.ts
PUT|/api/v1/admin/training-videos/:id|admin JWT (Bearer or cookie selorg_admin_token); roles: admin, super_admin|trainingVideosCtrl.updateTrainingVideo|src/modules/admin/admin.routes.ts
GET|/api/v1/admin/training-videos/picker-progress|admin JWT (Bearer or cookie selorg_admin_token); roles: admin, super_admin|trainingVideosCtrl.getPickerProgress|src/modules/admin/admin.routes.ts
GET|/api/v1/admin/users|admin JWT (Bearer or cookie selorg_admin_token); roles: admin, super_admin; perm: PERMISSIONS.ADMIN_USERS_READ|usersController.getUsers|src/modules/admin/admin.routes.ts
POST|/api/v1/admin/users|admin JWT (Bearer or cookie selorg_admin_token); roles: admin, super_admin; perm: PERMISSIONS.ADMIN_USERS_WRITE; zod|usersController.createUser|src/modules/admin/admin.routes.ts
DELETE|/api/v1/admin/users/:id|admin JWT (Bearer or cookie selorg_admin_token); roles: admin, super_admin; perm: PERMISSIONS.ADMIN_USERS_WRITE|usersController.deleteUser|src/modules/admin/admin.routes.ts
GET|/api/v1/admin/users/:id|admin JWT (Bearer or cookie selorg_admin_token); roles: admin, super_admin; perm: PERMISSIONS.ADMIN_USERS_READ|usersController.getUserById|src/modules/admin/admin.routes.ts
PUT|/api/v1/admin/users/:id|admin JWT (Bearer or cookie selorg_admin_token); roles: admin, super_admin; perm: PERMISSIONS.ADMIN_USERS_WRITE; zod|usersController.updateUser|src/modules/admin/admin.routes.ts
PUT|/api/v1/admin/users/:id/reset-password|admin JWT (Bearer or cookie selorg_admin_token); roles: admin, super_admin; perm: PERMISSIONS.ADMIN_USERS_WRITE; zod|usersController.resetPassword|src/modules/admin/admin.routes.ts
PUT|/api/v1/admin/users/:id/role|admin JWT (Bearer or cookie selorg_admin_token); roles: admin, super_admin; perm: PERMISSIONS.ADMIN_ROLES_WRITE; zod|usersController.assignRole|src/modules/admin/admin.routes.ts
POST|/api/v1/admin/users/bulk|admin JWT (Bearer or cookie selorg_admin_token); roles: admin, super_admin; perm: PERMISSIONS.ADMIN_USERS_WRITE; zod|usersController.bulkUserAction|src/modules/admin/admin.routes.ts
GET|/api/v1/admin/users/managers|admin JWT (Bearer or cookie selorg_admin_token); roles: admin, super_admin; perm: PERMISSIONS.ADMIN_USERS_READ|masterDataController.listManagers|src/modules/admin/admin.routes.ts
GET|/api/v1/admin/users/me|admin JWT (Bearer or cookie selorg_admin_token); roles: admin, super_admin|usersController.getCurrentUserProfile|src/modules/admin/admin.routes.ts
POST|/api/v1/admin/users/verification/send-otp|admin JWT (Bearer or cookie selorg_admin_token); roles: admin, super_admin; perm: PERMISSIONS.ADMIN_USERS_WRITE; zod|(handler)|src/modules/admin/admin.routes.ts
POST|/api/v1/admin/users/verification/verify-otp|admin JWT (Bearer or cookie selorg_admin_token); roles: admin, super_admin; perm: PERMISSIONS.ADMIN_USERS_WRITE; zod|(handler)|src/modules/admin/admin.routes.ts
GET|/api/v1/admin/vehicle-types|admin JWT (Bearer or cookie selorg_admin_token); roles: admin, super_admin|masterDataController.listVehicleTypes|src/modules/admin/master-data.routes.ts
POST|/api/v1/admin/vehicle-types|admin JWT (Bearer or cookie selorg_admin_token); roles: admin, super_admin|masterDataController.createVehicleType|src/modules/admin/master-data.routes.ts
DELETE|/api/v1/admin/vehicle-types/:id|admin JWT (Bearer or cookie selorg_admin_token); roles: admin, super_admin|masterDataController.deleteVehicleType|src/modules/admin/master-data.routes.ts
GET|/api/v1/admin/vehicle-types/:id|admin JWT (Bearer or cookie selorg_admin_token); roles: admin, super_admin|masterDataController.getVehicleType|src/modules/admin/master-data.routes.ts
PUT|/api/v1/admin/vehicle-types/:id|admin JWT (Bearer or cookie selorg_admin_token); roles: admin, super_admin|masterDataController.updateVehicleType|src/modules/admin/master-data.routes.ts
GET|/api/v1/admin/vendor/approvals|admin JWT (Bearer or cookie selorg_admin_token)|ctrl.listProcurementApprovals|src/modules/vendor/vendor.routes.ts
POST|/api/v1/admin/vendor/approvals/:approvalId/approve|admin JWT (Bearer or cookie selorg_admin_token)|ctrl.approveProcurement|src/modules/vendor/vendor.routes.ts
POST|/api/v1/admin/vendor/approvals/:approvalId/reject|admin JWT (Bearer or cookie selorg_admin_token)|ctrl.rejectProcurement|src/modules/vendor/vendor.routes.ts
GET|/api/v1/admin/vendor/approvals/summary|admin JWT (Bearer or cookie selorg_admin_token)|ctrl.getProcurementApprovalsSummary|src/modules/vendor/vendor.routes.ts
GET|/api/v1/admin/vendor/approvals/tasks|admin JWT (Bearer or cookie selorg_admin_token)|ctrl.listProcurementApprovalTasks|src/modules/vendor/vendor.routes.ts
GET|/api/v1/admin/vendor/approvals/tasks/:id|admin JWT (Bearer or cookie selorg_admin_token)|ctrl.getProcurementApprovalTaskById|src/modules/vendor/vendor.routes.ts
POST|/api/v1/admin/vendor/approvals/tasks/:id/decision|admin JWT (Bearer or cookie selorg_admin_token)|ctrl.submitProcurementDecision|src/modules/vendor/vendor.routes.ts
GET|/api/v1/admin/vendor/certificates|admin JWT (Bearer or cookie selorg_admin_token)|ctrl.listCertificates|src/modules/vendor/vendor.routes.ts
POST|/api/v1/admin/vendor/certificates|admin JWT (Bearer or cookie selorg_admin_token)|ctrl.createCertificate|src/modules/vendor/vendor.routes.ts
DELETE|/api/v1/admin/vendor/certificates/:certificateId|admin JWT (Bearer or cookie selorg_admin_token)|ctrl.deleteCertificate|src/modules/vendor/vendor.routes.ts
GET|/api/v1/admin/vendor/certificates/:certificateId|admin JWT (Bearer or cookie selorg_admin_token)|ctrl.getCertificateById|src/modules/vendor/vendor.routes.ts
PATCH|/api/v1/admin/vendor/certificates/:certificateId|admin JWT (Bearer or cookie selorg_admin_token)|ctrl.patchCertificate|src/modules/vendor/vendor.routes.ts
GET|/api/v1/admin/vendor/dashboard/summary|admin JWT (Bearer or cookie selorg_admin_token)|ctrl.getDashboardSummary|src/modules/vendor/vendor.routes.ts
POST|/api/v1/admin/vendor/inbound/bulk-import|admin JWT (Bearer or cookie selorg_admin_token)|ctrl.createBulkImportJob|src/modules/vendor/vendor.routes.ts
GET|/api/v1/admin/vendor/inbound/bulk-import/:jobId|admin JWT (Bearer or cookie selorg_admin_token)|ctrl.getBulkImportJobStatus|src/modules/vendor/vendor.routes.ts
GET|/api/v1/admin/vendor/inbound/exceptions|admin JWT (Bearer or cookie selorg_admin_token)|ctrl.listInboundExceptions|src/modules/vendor/vendor.routes.ts
POST|/api/v1/admin/vendor/inbound/exceptions|admin JWT (Bearer or cookie selorg_admin_token)|ctrl.createInboundException|src/modules/vendor/vendor.routes.ts
POST|/api/v1/admin/vendor/inbound/exceptions/:exceptionId/resolve|admin JWT (Bearer or cookie selorg_admin_token)|ctrl.resolveInboundException|src/modules/vendor/vendor.routes.ts
GET|/api/v1/admin/vendor/inbound/grn|admin JWT (Bearer or cookie selorg_admin_token)|ctrl.listGRNs|src/modules/vendor/vendor.routes.ts
POST|/api/v1/admin/vendor/inbound/grn|admin JWT (Bearer or cookie selorg_admin_token)|ctrl.createGRN|src/modules/vendor/vendor.routes.ts
GET|/api/v1/admin/vendor/inbound/grn/:grnId|admin JWT (Bearer or cookie selorg_admin_token)|ctrl.getGRNById|src/modules/vendor/vendor.routes.ts
PUT|/api/v1/admin/vendor/inbound/grn/:grnId|admin JWT (Bearer or cookie selorg_admin_token)|ctrl.updateGRN|src/modules/vendor/vendor.routes.ts
GET|/api/v1/admin/vendor/inbound/grns|admin JWT (Bearer or cookie selorg_admin_token)|ctrl.listGRNs|src/modules/vendor/vendor.routes.ts
POST|/api/v1/admin/vendor/inbound/grns|admin JWT (Bearer or cookie selorg_admin_token)|ctrl.createGRN|src/modules/vendor/vendor.routes.ts
GET|/api/v1/admin/vendor/inbound/grns/:grnId|admin JWT (Bearer or cookie selorg_admin_token)|ctrl.getGRNById|src/modules/vendor/vendor.routes.ts
PUT|/api/v1/admin/vendor/inbound/grns/:grnId|admin JWT (Bearer or cookie selorg_admin_token)|ctrl.updateGRN|src/modules/vendor/vendor.routes.ts
POST|/api/v1/admin/vendor/inbound/grns/:grnId/approve|admin JWT (Bearer or cookie selorg_admin_token)|ctrl.approveGRN|src/modules/vendor/vendor.routes.ts
POST|/api/v1/admin/vendor/inbound/grns/:grnId/archive|admin JWT (Bearer or cookie selorg_admin_token)|ctrl.archiveGRN|src/modules/vendor/vendor.routes.ts
POST|/api/v1/admin/vendor/inbound/grns/:grnId/reject|admin JWT (Bearer or cookie selorg_admin_token)|ctrl.rejectGRN|src/modules/vendor/vendor.routes.ts
PATCH|/api/v1/admin/vendor/inbound/grns/:grnId/status|admin JWT (Bearer or cookie selorg_admin_token)|ctrl.patchGRNStatus|src/modules/vendor/vendor.routes.ts
GET|/api/v1/admin/vendor/inbound/overview|admin JWT (Bearer or cookie selorg_admin_token)|ctrl.getInboundOverview|src/modules/vendor/vendor.routes.ts
GET|/api/v1/admin/vendor/inbound/report|admin JWT (Bearer or cookie selorg_admin_token)|ctrl.getInboundReport|src/modules/vendor/vendor.routes.ts
GET|/api/v1/admin/vendor/inbound/rtvs|admin JWT (Bearer or cookie selorg_admin_token)|ctrl.listRTVs|src/modules/vendor/vendor.routes.ts
POST|/api/v1/admin/vendor/inbound/rtvs|admin JWT (Bearer or cookie selorg_admin_token)|ctrl.createRTV|src/modules/vendor/vendor.routes.ts
PATCH|/api/v1/admin/vendor/inbound/rtvs/:rtvId/status|admin JWT (Bearer or cookie selorg_admin_token)|ctrl.patchRTVStatus|src/modules/vendor/vendor.routes.ts
GET|/api/v1/admin/vendor/inbound/shipments|admin JWT (Bearer or cookie selorg_admin_token)|ctrl.listShipments|src/modules/vendor/vendor.routes.ts
POST|/api/v1/admin/vendor/inbound/shipments|admin JWT (Bearer or cookie selorg_admin_token)|ctrl.createShipment|src/modules/vendor/vendor.routes.ts
PATCH|/api/v1/admin/vendor/inbound/shipments/:shipmentId/status|admin JWT (Bearer or cookie selorg_admin_token)|ctrl.patchShipmentStatus|src/modules/vendor/vendor.routes.ts
GET|/api/v1/admin/vendor/inventory|admin JWT (Bearer or cookie selorg_admin_token)|ctrl.listVendorInventory|src/modules/vendor/vendor.routes.ts
GET|/api/v1/admin/vendor/inventory/:vendorId|admin JWT (Bearer or cookie selorg_admin_token)|ctrl.getVendorInventorySummary|src/modules/vendor/vendor.routes.ts
GET|/api/v1/admin/vendor/inventory/:vendorId/aging-alerts|admin JWT (Bearer or cookie selorg_admin_token)|ctrl.listVendorAgingAlerts|src/modules/vendor/vendor.routes.ts
POST|/api/v1/admin/vendor/inventory/:vendorId/aging-alerts/:alertId/ack|admin JWT (Bearer or cookie selorg_admin_token)|ctrl.ackVendorAgingAlert|src/modules/vendor/vendor.routes.ts
GET|/api/v1/admin/vendor/inventory/:vendorId/aging-inventory|admin JWT (Bearer or cookie selorg_admin_token)|ctrl.getVendorAgingInventory|src/modules/vendor/vendor.routes.ts
POST|/api/v1/admin/vendor/inventory/:vendorId/aging-inventory/:itemId/liquidate|admin JWT (Bearer or cookie selorg_admin_token)|ctrl.liquidateAgingItem|src/modules/vendor/vendor.routes.ts
POST|/api/v1/admin/vendor/inventory/:vendorId/aging-inventory/:itemId/return|admin JWT (Bearer or cookie selorg_admin_token)|ctrl.returnAgingItem|src/modules/vendor/vendor.routes.ts
GET|/api/v1/admin/vendor/inventory/:vendorId/kpis|admin JWT (Bearer or cookie selorg_admin_token)|ctrl.getVendorInventoryKPIs|src/modules/vendor/vendor.routes.ts
POST|/api/v1/admin/vendor/inventory/:vendorId/reconcile|admin JWT (Bearer or cookie selorg_admin_token)|ctrl.reconcileVendorInventory|src/modules/vendor/vendor.routes.ts
GET|/api/v1/admin/vendor/inventory/:vendorId/stock|admin JWT (Bearer or cookie selorg_admin_token)|ctrl.listVendorStock|src/modules/vendor/vendor.routes.ts
GET|/api/v1/admin/vendor/inventory/:vendorId/stockouts|admin JWT (Bearer or cookie selorg_admin_token)|ctrl.getVendorStockouts|src/modules/vendor/vendor.routes.ts
POST|/api/v1/admin/vendor/inventory/:vendorId/stockouts/alert-all|admin JWT (Bearer or cookie selorg_admin_token)|ctrl.alertAllVendorsStockout|src/modules/vendor/vendor.routes.ts
POST|/api/v1/admin/vendor/inventory/:vendorId/stockouts/bulk-reorder|admin JWT (Bearer or cookie selorg_admin_token)|ctrl.bulkReorderStockouts|src/modules/vendor/vendor.routes.ts
GET|/api/v1/admin/vendor/inventory/:vendorId/supply-performance|admin JWT (Bearer or cookie selorg_admin_token)|ctrl.getVendorSupplyPerformance|src/modules/vendor/vendor.routes.ts
POST|/api/v1/admin/vendor/inventory/:vendorId/sync|admin JWT (Bearer or cookie selorg_admin_token)|ctrl.syncVendorInventory|src/modules/vendor/vendor.routes.ts
GET|/api/v1/admin/vendor/inventory/hub/aging-alerts|admin JWT (Bearer or cookie selorg_admin_token)|ctrl.listHubAgingAlerts|src/modules/vendor/vendor.routes.ts
GET|/api/v1/admin/vendor/invoices|admin JWT (Bearer or cookie selorg_admin_token)|ctrl.listVendorInvoices|src/modules/vendor/vendor.routes.ts
GET|/api/v1/admin/vendor/invoices/:id|admin JWT (Bearer or cookie selorg_admin_token)|ctrl.getVendorInvoiceById|src/modules/vendor/vendor.routes.ts
POST|/api/v1/admin/vendor/invoices/:id/approve|admin JWT (Bearer or cookie selorg_admin_token)|ctrl.approveVendorInvoice|src/modules/vendor/vendor.routes.ts
POST|/api/v1/admin/vendor/invoices/:id/mark-paid|admin JWT (Bearer or cookie selorg_admin_token)|ctrl.markVendorInvoicePaid|src/modules/vendor/vendor.routes.ts
POST|/api/v1/admin/vendor/invoices/:id/reject|admin JWT (Bearer or cookie selorg_admin_token)|ctrl.rejectVendorInvoice|src/modules/vendor/vendor.routes.ts
GET|/api/v1/admin/vendor/notifications|admin JWT (Bearer or cookie selorg_admin_token)|ctrl.listVendorNotifications|src/modules/vendor/vendor.routes.ts
PATCH|/api/v1/admin/vendor/notifications/:notifId/read|admin JWT (Bearer or cookie selorg_admin_token)|ctrl.markVendorNotificationRead|src/modules/vendor/vendor.routes.ts
PUT|/api/v1/admin/vendor/notifications/:notifId/read|admin JWT (Bearer or cookie selorg_admin_token)|ctrl.markVendorNotificationRead|src/modules/vendor/vendor.routes.ts
POST|/api/v1/admin/vendor/notifications/read-all|admin JWT (Bearer or cookie selorg_admin_token)|ctrl.markAllVendorNotificationsRead|src/modules/vendor/vendor.routes.ts
GET|/api/v1/admin/vendor/payments|admin JWT (Bearer or cookie selorg_admin_token)|ctrl.listVendorPayments|src/modules/vendor/vendor.routes.ts
POST|/api/v1/admin/vendor/payments|admin JWT (Bearer or cookie selorg_admin_token)|ctrl.createVendorPayment|src/modules/vendor/vendor.routes.ts
POST|/api/v1/admin/vendor/payments/:paymentId/cancel|admin JWT (Bearer or cookie selorg_admin_token)|ctrl.cancelVendorPayment|src/modules/vendor/vendor.routes.ts
POST|/api/v1/admin/vendor/public/complete-profile|admin JWT (Bearer or cookie selorg_admin_token)|ctrl.completeVendorProfile|src/modules/vendor/vendor.routes.ts
POST|/api/v1/admin/vendor/public/upload-documents/:vendorId|admin JWT (Bearer or cookie selorg_admin_token)|ctrl.uploadVendorDocuments|src/modules/vendor/vendor.routes.ts
GET|/api/v1/admin/vendor/public/verify-token|admin JWT (Bearer or cookie selorg_admin_token)|ctrl.verifyInviteToken|src/modules/vendor/vendor.routes.ts
GET|/api/v1/admin/vendor/purchase-orders|admin JWT (Bearer or cookie selorg_admin_token)|ctrl.listPurchaseOrders|src/modules/vendor/vendor.routes.ts
POST|/api/v1/admin/vendor/purchase-orders|admin JWT (Bearer or cookie selorg_admin_token)|ctrl.createPurchaseOrder|src/modules/vendor/vendor.routes.ts
DELETE|/api/v1/admin/vendor/purchase-orders/:poId|admin JWT (Bearer or cookie selorg_admin_token)|ctrl.deletePurchaseOrder|src/modules/vendor/vendor.routes.ts
GET|/api/v1/admin/vendor/purchase-orders/:poId|admin JWT (Bearer or cookie selorg_admin_token)|ctrl.getPurchaseOrderById|src/modules/vendor/vendor.routes.ts
PATCH|/api/v1/admin/vendor/purchase-orders/:poId|admin JWT (Bearer or cookie selorg_admin_token)|ctrl.updatePurchaseOrder|src/modules/vendor/vendor.routes.ts
PUT|/api/v1/admin/vendor/purchase-orders/:poId|admin JWT (Bearer or cookie selorg_admin_token)|ctrl.updatePurchaseOrder|src/modules/vendor/vendor.routes.ts
POST|/api/v1/admin/vendor/purchase-orders/:poId/actions|admin JWT (Bearer or cookie selorg_admin_token)|ctrl.postPurchaseOrderAction|src/modules/vendor/vendor.routes.ts
POST|/api/v1/admin/vendor/purchase-orders/:poId/approve|admin JWT (Bearer or cookie selorg_admin_token)|ctrl.approvePurchaseOrder|src/modules/vendor/vendor.routes.ts
GET|/api/v1/admin/vendor/purchase-orders/:poId/events|admin JWT (Bearer or cookie selorg_admin_token)|ctrl.getPurchaseOrderEvents|src/modules/vendor/vendor.routes.ts
POST|/api/v1/admin/vendor/purchase-orders/:poId/reject|admin JWT (Bearer or cookie selorg_admin_token)|ctrl.rejectPurchaseOrder|src/modules/vendor/vendor.routes.ts
POST|/api/v1/admin/vendor/purchase-orders/bulk-upload|admin JWT (Bearer or cookie selorg_admin_token)|ctrl.bulkUploadPurchaseOrders|src/modules/vendor/vendor.routes.ts
GET|/api/v1/admin/vendor/purchase-orders/overview|admin JWT (Bearer or cookie selorg_admin_token)|ctrl.getPurchaseOrderOverview|src/modules/vendor/vendor.routes.ts
GET|/api/v1/admin/vendor/qc|admin JWT (Bearer or cookie selorg_admin_token)|ctrl.listQCChecks|src/modules/vendor/vendor.routes.ts
POST|/api/v1/admin/vendor/qc|admin JWT (Bearer or cookie selorg_admin_token)|ctrl.createQCCheck|src/modules/vendor/vendor.routes.ts
GET|/api/v1/admin/vendor/qc-compliance/audits|admin JWT (Bearer or cookie selorg_admin_token)|ctrl.listQCComplianceAudits|src/modules/vendor/vendor.routes.ts
POST|/api/v1/admin/vendor/qc-compliance/audits|admin JWT (Bearer or cookie selorg_admin_token)|ctrl.createQCComplianceAudit|src/modules/vendor/vendor.routes.ts
DELETE|/api/v1/admin/vendor/qc-compliance/audits/:id|admin JWT (Bearer or cookie selorg_admin_token)|ctrl.deleteQCComplianceAudit|src/modules/vendor/vendor.routes.ts
GET|/api/v1/admin/vendor/qc-compliance/audits/:id|admin JWT (Bearer or cookie selorg_admin_token)|ctrl.getQCComplianceAuditById|src/modules/vendor/vendor.routes.ts
PATCH|/api/v1/admin/vendor/qc-compliance/audits/:id|admin JWT (Bearer or cookie selorg_admin_token)|ctrl.updateQCComplianceAudit|src/modules/vendor/vendor.routes.ts
GET|/api/v1/admin/vendor/qc-compliance/certificates|admin JWT (Bearer or cookie selorg_admin_token)|ctrl.listQCComplianceCertificates|src/modules/vendor/vendor.routes.ts
POST|/api/v1/admin/vendor/qc-compliance/certificates|admin JWT (Bearer or cookie selorg_admin_token)|ctrl.createQCComplianceCertificate|src/modules/vendor/vendor.routes.ts
DELETE|/api/v1/admin/vendor/qc-compliance/certificates/:certId|admin JWT (Bearer or cookie selorg_admin_token)|ctrl.deleteQCComplianceCertificate|src/modules/vendor/vendor.routes.ts
PATCH|/api/v1/admin/vendor/qc-compliance/certificates/:certId|admin JWT (Bearer or cookie selorg_admin_token)|ctrl.updateQCComplianceCertificate|src/modules/vendor/vendor.routes.ts
GET|/api/v1/admin/vendor/qc-compliance/ratings|admin JWT (Bearer or cookie selorg_admin_token)|ctrl.listVendorRatings|src/modules/vendor/vendor.routes.ts
DELETE|/api/v1/admin/vendor/qc-compliance/ratings/:vendorId|admin JWT (Bearer or cookie selorg_admin_token)|ctrl.deleteVendorRating|src/modules/vendor/vendor.routes.ts
PATCH|/api/v1/admin/vendor/qc-compliance/ratings/:vendorId|admin JWT (Bearer or cookie selorg_admin_token)|ctrl.updateVendorRating|src/modules/vendor/vendor.routes.ts
POST|/api/v1/admin/vendor/qc-compliance/ratings/:vendorId/recalculate|admin JWT (Bearer or cookie selorg_admin_token)|ctrl.recalculateVendorRating|src/modules/vendor/vendor.routes.ts
GET|/api/v1/admin/vendor/qc-compliance/temperature|admin JWT (Bearer or cookie selorg_admin_token)|ctrl.listQCTemperature|src/modules/vendor/vendor.routes.ts
POST|/api/v1/admin/vendor/qc-compliance/temperature|admin JWT (Bearer or cookie selorg_admin_token)|ctrl.createQCTemperature|src/modules/vendor/vendor.routes.ts
DELETE|/api/v1/admin/vendor/qc-compliance/temperature/:tempId|admin JWT (Bearer or cookie selorg_admin_token)|ctrl.deleteQCTemperature|src/modules/vendor/vendor.routes.ts
PATCH|/api/v1/admin/vendor/qc-compliance/temperature/:tempId|admin JWT (Bearer or cookie selorg_admin_token)|ctrl.updateQCTemperature|src/modules/vendor/vendor.routes.ts
PUT|/api/v1/admin/vendor/qc/:checkId|admin JWT (Bearer or cookie selorg_admin_token)|ctrl.updateQCCheck|src/modules/vendor/vendor.routes.ts
DELETE|/api/v1/admin/vendor/qc/:qcId|admin JWT (Bearer or cookie selorg_admin_token)|ctrl.deleteQCCheck|src/modules/vendor/vendor.routes.ts
GET|/api/v1/admin/vendor/qc/:qcId|admin JWT (Bearer or cookie selorg_admin_token)|ctrl.getQCCheck|src/modules/vendor/vendor.routes.ts
PATCH|/api/v1/admin/vendor/qc/:qcId|admin JWT (Bearer or cookie selorg_admin_token)|ctrl.patchQCCheck|src/modules/vendor/vendor.routes.ts
GET|/api/v1/admin/vendor/qc/overview|admin JWT (Bearer or cookie selorg_admin_token)|ctrl.getQCOverview|src/modules/vendor/vendor.routes.ts
GET|/api/v1/admin/vendor/reports|admin JWT (Bearer or cookie selorg_admin_token)|ctrl.getReports|src/modules/vendor/vendor.routes.ts
GET|/api/v1/admin/vendor/reports/customers/insights|admin JWT (Bearer or cookie selorg_admin_token)|ctrl.getCustomerInsights|src/modules/vendor/vendor.routes.ts
GET|/api/v1/admin/vendor/reports/customers/top|admin JWT (Bearer or cookie selorg_admin_token)|ctrl.getTopCustomers|src/modules/vendor/vendor.routes.ts
GET|/api/v1/admin/vendor/reports/financial/summary|admin JWT (Bearer or cookie selorg_admin_token)|ctrl.getFinancialSummary|src/modules/vendor/vendor.routes.ts
GET|/api/v1/admin/vendor/reports/orders/analytics|admin JWT (Bearer or cookie selorg_admin_token)|ctrl.getOrderAnalytics|src/modules/vendor/vendor.routes.ts
GET|/api/v1/admin/vendor/reports/products/performance|admin JWT (Bearer or cookie selorg_admin_token)|ctrl.getProductPerformance|src/modules/vendor/vendor.routes.ts
GET|/api/v1/admin/vendor/reports/revenue/category|admin JWT (Bearer or cookie selorg_admin_token)|ctrl.getRevenueByCategory|src/modules/vendor/vendor.routes.ts
GET|/api/v1/admin/vendor/reports/sales/data|admin JWT (Bearer or cookie selorg_admin_token)|ctrl.getSalesData|src/modules/vendor/vendor.routes.ts
GET|/api/v1/admin/vendor/reports/sales/hourly|admin JWT (Bearer or cookie selorg_admin_token)|ctrl.getHourlySales|src/modules/vendor/vendor.routes.ts
GET|/api/v1/admin/vendor/reports/sales/overview|admin JWT (Bearer or cookie selorg_admin_token)|ctrl.getSalesOverview|src/modules/vendor/vendor.routes.ts
GET|/api/v1/admin/vendor/system-gateway/logs|admin JWT (Bearer or cookie selorg_admin_token)|ctrl.getSystemGatewayLogs|src/modules/vendor/vendor.routes.ts
POST|/api/v1/admin/vendor/system-gateway/logs|admin JWT (Bearer or cookie selorg_admin_token)|ctrl.createSystemGatewayLog|src/modules/vendor/vendor.routes.ts
GET|/api/v1/admin/vendor/system-gateway/services|admin JWT (Bearer or cookie selorg_admin_token)|ctrl.listSystemGatewayServices|src/modules/vendor/vendor.routes.ts
POST|/api/v1/admin/vendor/system-gateway/services|admin JWT (Bearer or cookie selorg_admin_token)|ctrl.upsertSystemGatewayService|src/modules/vendor/vendor.routes.ts
GET|/api/v1/admin/vendor/system-gateway/services/:id|admin JWT (Bearer or cookie selorg_admin_token)|ctrl.getSystemGatewayServiceById|src/modules/vendor/vendor.routes.ts
PUT|/api/v1/admin/vendor/system-gateway/services/:id|admin JWT (Bearer or cookie selorg_admin_token)|ctrl.upsertSystemGatewayService|src/modules/vendor/vendor.routes.ts
GET|/api/v1/admin/vendor/utilities/audit-logs|admin JWT (Bearer or cookie selorg_admin_token)|ctrl.getVendorAuditLogs|src/modules/vendor/vendor.routes.ts
POST|/api/v1/admin/vendor/utilities/audit-logs/export|admin JWT (Bearer or cookie selorg_admin_token)|ctrl.exportVendorAuditLogs|src/modules/vendor/vendor.routes.ts
POST|/api/v1/admin/vendor/utilities/bulk-upload|admin JWT (Bearer or cookie selorg_admin_token)|ctrl.bulkUploadUtility|src/modules/vendor/vendor.routes.ts
GET|/api/v1/admin/vendor/utilities/bulk-upload/template|admin JWT (Bearer or cookie selorg_admin_token)|ctrl.getBulkUploadTemplate|src/modules/vendor/vendor.routes.ts
GET|/api/v1/admin/vendor/utilities/contracts|admin JWT (Bearer or cookie selorg_admin_token)|ctrl.listUtilityContracts|src/modules/vendor/vendor.routes.ts
POST|/api/v1/admin/vendor/utilities/contracts|admin JWT (Bearer or cookie selorg_admin_token)|ctrl.createUtilityContract|src/modules/vendor/vendor.routes.ts
DELETE|/api/v1/admin/vendor/utilities/contracts/:contractId|admin JWT (Bearer or cookie selorg_admin_token)|ctrl.deleteUtilityContract|src/modules/vendor/vendor.routes.ts
GET|/api/v1/admin/vendor/utilities/upload-history|admin JWT (Bearer or cookie selorg_admin_token)|ctrl.getUploadHistory|src/modules/vendor/vendor.routes.ts
GET|/api/v1/admin/vendor/vendors|admin JWT (Bearer or cookie selorg_admin_token)|ctrl.listVendors|src/modules/vendor/vendor.routes.ts
POST|/api/v1/admin/vendor/vendors|admin JWT (Bearer or cookie selorg_admin_token)|ctrl.createVendor|src/modules/vendor/vendor.routes.ts
DELETE|/api/v1/admin/vendor/vendors/:vendorId|admin JWT (Bearer or cookie selorg_admin_token)|ctrl.archiveVendor|src/modules/vendor/vendor.routes.ts
GET|/api/v1/admin/vendor/vendors/:vendorId|admin JWT (Bearer or cookie selorg_admin_token)|ctrl.getVendorById|src/modules/vendor/vendor.routes.ts
PATCH|/api/v1/admin/vendor/vendors/:vendorId|admin JWT (Bearer or cookie selorg_admin_token)|ctrl.updateVendor|src/modules/vendor/vendor.routes.ts
PUT|/api/v1/admin/vendor/vendors/:vendorId|admin JWT (Bearer or cookie selorg_admin_token)|ctrl.updateVendor|src/modules/vendor/vendor.routes.ts
POST|/api/v1/admin/vendor/vendors/:vendorId/actions|admin JWT (Bearer or cookie selorg_admin_token)|ctrl.postVendorAction|src/modules/vendor/vendor.routes.ts
GET|/api/v1/admin/vendor/vendors/:vendorId/alerts|admin JWT (Bearer or cookie selorg_admin_token)|ctrl.listVendorAlerts|src/modules/vendor/vendor.routes.ts
POST|/api/v1/admin/vendor/vendors/:vendorId/alerts|admin JWT (Bearer or cookie selorg_admin_token)|ctrl.createVendorAlert|src/modules/vendor/vendor.routes.ts
GET|/api/v1/admin/vendor/vendors/:vendorId/certificates|admin JWT (Bearer or cookie selorg_admin_token)|ctrl.listCertificates|src/modules/vendor/vendor.routes.ts
GET|/api/v1/admin/vendor/vendors/:vendorId/health|admin JWT (Bearer or cookie selorg_admin_token)|ctrl.getVendorHealth|src/modules/vendor/vendor.routes.ts
GET|/api/v1/admin/vendor/vendors/:vendorId/inventory|admin JWT (Bearer or cookie selorg_admin_token)|ctrl.listVendorInventory|src/modules/vendor/vendor.routes.ts
GET|/api/v1/admin/vendor/vendors/:vendorId/invoices|admin JWT (Bearer or cookie selorg_admin_token)|ctrl.listVendorInvoices|src/modules/vendor/vendor.routes.ts
GET|/api/v1/admin/vendor/vendors/:vendorId/notifications|admin JWT (Bearer or cookie selorg_admin_token)|ctrl.listVendorNotifications|src/modules/vendor/vendor.routes.ts
GET|/api/v1/admin/vendor/vendors/:vendorId/performance|admin JWT (Bearer or cookie selorg_admin_token)|ctrl.getVendorPerformance|src/modules/vendor/vendor.routes.ts
GET|/api/v1/admin/vendor/vendors/:vendorId/purchase-orders|admin JWT (Bearer or cookie selorg_admin_token)|ctrl.listVendorPurchaseOrders|src/modules/vendor/vendor.routes.ts
GET|/api/v1/admin/vendor/vendors/:vendorId/qc-checks|admin JWT (Bearer or cookie selorg_admin_token)|ctrl.listVendorQCChecks|src/modules/vendor/vendor.routes.ts
POST|/api/v1/admin/vendor/vendors/:vendorId/qc-checks|admin JWT (Bearer or cookie selorg_admin_token)|ctrl.createVendorQCCheck|src/modules/vendor/vendor.routes.ts
PATCH|/api/v1/admin/vendor/vendors/:vendorId/stage|admin JWT (Bearer or cookie selorg_admin_token)|ctrl.updateVendorStage|src/modules/vendor/vendor.routes.ts
GET|/api/v1/admin/vendor/vendors/email-preview/:templateName|admin JWT (Bearer or cookie selorg_admin_token)|ctrl.getEmailTemplatePreview|src/modules/vendor/vendor.routes.ts
POST|/api/v1/admin/vendor/vendors/send-doc-request-email|admin JWT (Bearer or cookie selorg_admin_token)|ctrl.sendDocumentRequestEmail|src/modules/vendor/vendor.routes.ts
POST|/api/v1/admin/vendor/vendors/send-invite-email|admin JWT (Bearer or cookie selorg_admin_token)|ctrl.sendInviteEmail|src/modules/vendor/vendor.routes.ts
POST|/api/v1/admin/vendor/vendors/send-payment-email|admin JWT (Bearer or cookie selorg_admin_token)|ctrl.sendPaymentEmail|src/modules/vendor/vendor.routes.ts
POST|/api/v1/admin/vendor/vendors/send-rejection-email|admin JWT (Bearer or cookie selorg_admin_token)|ctrl.sendRejectionEmail|src/modules/vendor/vendor.routes.ts
GET|/api/v1/admin/vendor/vendors/summary|admin JWT (Bearer or cookie selorg_admin_token)|ctrl.getVendorSummary|src/modules/vendor/vendor.routes.ts
POST|/api/v1/admin/vendor/webhooks/carrier|admin JWT (Bearer or cookie selorg_admin_token)|ctrl.handleCarrierWebhook|src/modules/vendor/vendor.routes.ts
POST|/api/v1/admin/vendor/webhooks/vendor-signed|admin JWT (Bearer or cookie selorg_admin_token)|ctrl.handleVendorSignedWebhook|src/modules/vendor/vendor.routes.ts
GET|/api/v1/admin/warehouse-users|admin JWT (Bearer or cookie selorg_admin_token); roles: admin, super_admin|storeWarehouseController.listWarehouseUsers|src/modules/admin/store-warehouse.routes.ts
POST|/api/v1/admin/warehouse-users|admin JWT (Bearer or cookie selorg_admin_token); roles: admin, super_admin|storeWarehouseController.createWarehouseUser|src/modules/admin/store-warehouse.routes.ts
DELETE|/api/v1/admin/warehouse-users/:id|admin JWT (Bearer or cookie selorg_admin_token); roles: admin, super_admin|storeWarehouseController.deleteWarehouseUser|src/modules/admin/store-warehouse.routes.ts
GET|/api/v1/admin/warehouse-users/:id|admin JWT (Bearer or cookie selorg_admin_token); roles: admin, super_admin|storeWarehouseController.getWarehouseUser|src/modules/admin/store-warehouse.routes.ts
PUT|/api/v1/admin/warehouse-users/:id|admin JWT (Bearer or cookie selorg_admin_token); roles: admin, super_admin|storeWarehouseController.updateWarehouseUser|src/modules/admin/store-warehouse.routes.ts
GET|/api/v1/admin/warehouses|admin JWT (Bearer or cookie selorg_admin_token); roles: admin, super_admin|storeWarehouseController.listWarehouseLocations|src/modules/admin/store-warehouse.routes.ts
POST|/api/v1/admin/warehouses|admin JWT (Bearer or cookie selorg_admin_token); roles: admin, super_admin|storeWarehouseController.createWarehouseLocation|src/modules/admin/store-warehouse.routes.ts
GET|/api/v1/admin/warehouses-legacy|admin JWT (Bearer or cookie selorg_admin_token); roles: admin, super_admin|storeWarehouseController.listWarehouses|src/modules/admin/store-warehouse.routes.ts
GET|/api/v1/admin/warehouses-legacy/:id|admin JWT (Bearer or cookie selorg_admin_token); roles: admin, super_admin|storeWarehouseController.getWarehouse|src/modules/admin/store-warehouse.routes.ts
DELETE|/api/v1/admin/warehouses/:id|admin JWT (Bearer or cookie selorg_admin_token); roles: admin, super_admin|storeWarehouseController.deleteWarehouseLocation|src/modules/admin/store-warehouse.routes.ts
GET|/api/v1/admin/warehouses/:id|admin JWT (Bearer or cookie selorg_admin_token); roles: admin, super_admin|storeWarehouseController.getWarehouseLocation|src/modules/admin/store-warehouse.routes.ts
PUT|/api/v1/admin/warehouses/:id|admin JWT (Bearer or cookie selorg_admin_token); roles: admin, super_admin|storeWarehouseController.updateWarehouseLocation|src/modules/admin/store-warehouse.routes.ts
GET|/api/v1/admin/zones|admin JWT (Bearer or cookie selorg_admin_token); roles: admin, super_admin|masterDataController.listZones|src/modules/admin/master-data.routes.ts
POST|/api/v1/admin/zones|admin JWT (Bearer or cookie selorg_admin_token); roles: admin, super_admin|masterDataController.createZone|src/modules/admin/master-data.routes.ts
DELETE|/api/v1/admin/zones/:id|admin JWT (Bearer or cookie selorg_admin_token); roles: admin, super_admin|masterDataController.deleteZone|src/modules/admin/master-data.routes.ts
GET|/api/v1/admin/zones/:id|admin JWT (Bearer or cookie selorg_admin_token); roles: admin, super_admin|masterDataController.getZone|src/modules/admin/master-data.routes.ts
PUT|/api/v1/admin/zones/:id|admin JWT (Bearer or cookie selorg_admin_token); roles: admin, super_admin|masterDataController.updateZone|src/modules/admin/master-data.routes.ts
GET|/api/v1/customer/addresses|customer JWT (Bearer)|addressesController.list|src/modules/addresses/addresses.routes.ts
POST|/api/v1/customer/addresses|customer JWT (Bearer); zod|addressesController.create|src/modules/addresses/addresses.routes.ts
DELETE|/api/v1/customer/addresses/:id|customer JWT (Bearer)|addressesController.remove|src/modules/addresses/addresses.routes.ts
PUT|/api/v1/customer/addresses/:id|customer JWT (Bearer); zod|addressesController.update|src/modules/addresses/addresses.routes.ts
POST|/api/v1/customer/addresses/:id/default|customer JWT (Bearer)|addressesController.setDefault|src/modules/addresses/addresses.routes.ts
GET|/api/v1/customer/addresses/default|customer JWT (Bearer)|addressesController.getDefault|src/modules/addresses/addresses.routes.ts
GET|/api/v1/customer/admin/app-config|admin JWT (Bearer or cookie selorg_admin_token)|ctrl.adminGetConfig|src/modules/app-config/app-config.routes.ts
PUT|/api/v1/customer/admin/app-config|admin JWT (Bearer or cookie selorg_admin_token)|ctrl.adminUpdateConfig|src/modules/app-config/app-config.routes.ts
GET|/api/v1/customer/admin/app-config/cancellation-policies|admin JWT (Bearer or cookie selorg_admin_token)|ctrl.listPolicies|src/modules/app-config/app-config.routes.ts
POST|/api/v1/customer/admin/app-config/cancellation-policies|admin JWT (Bearer or cookie selorg_admin_token)|ctrl.createPolicy|src/modules/app-config/app-config.routes.ts
DELETE|/api/v1/customer/admin/app-config/cancellation-policies/:id|admin JWT (Bearer or cookie selorg_admin_token)|ctrl.deletePolicy|src/modules/app-config/app-config.routes.ts
GET|/api/v1/customer/admin/app-config/cancellation-policies/:id|admin JWT (Bearer or cookie selorg_admin_token)|ctrl.getPolicyById|src/modules/app-config/app-config.routes.ts
PUT|/api/v1/customer/admin/app-config/cancellation-policies/:id|admin JWT (Bearer or cookie selorg_admin_token)|ctrl.updatePolicy|src/modules/app-config/app-config.routes.ts
POST|/api/v1/customer/admin/app-config/reset|admin JWT (Bearer or cookie selorg_admin_token)|ctrl.adminResetConfig|src/modules/app-config/app-config.routes.ts
PUT|/api/v1/customer/admin/app-config/section/:section|admin JWT (Bearer or cookie selorg_admin_token)|ctrl.adminUpdateSection|src/modules/app-config/app-config.routes.ts
GET|/api/v1/customer/admin/banners|admin JWT (Bearer or cookie selorg_admin_token); roles: admin, super_admin|bannersController.listBanners|src/modules/banners/banners.routes.ts
POST|/api/v1/customer/admin/banners|admin JWT (Bearer or cookie selorg_admin_token); roles: admin, super_admin|bannersController.createBanner|src/modules/banners/banners.routes.ts
DELETE|/api/v1/customer/admin/banners/:id|admin JWT (Bearer or cookie selorg_admin_token); roles: admin, super_admin|bannersController.deleteBanner|src/modules/banners/banners.routes.ts
PUT|/api/v1/customer/admin/banners/:id|admin JWT (Bearer or cookie selorg_admin_token); roles: admin, super_admin|bannersController.updateBanner|src/modules/banners/banners.routes.ts
POST|/api/v1/customer/admin/banners/reorder|admin JWT (Bearer or cookie selorg_admin_token); roles: admin, super_admin|bannersController.reorderBanners|src/modules/banners/banners.routes.ts
GET|/api/v1/customer/admin/cancellation-policies|admin JWT (Bearer or cookie selorg_admin_token)|ctrl.listPolicies|src/modules/app-config/app-config.routes.ts
POST|/api/v1/customer/admin/cancellation-policies|admin JWT (Bearer or cookie selorg_admin_token)|ctrl.createPolicy|src/modules/app-config/app-config.routes.ts
DELETE|/api/v1/customer/admin/cancellation-policies/:id|admin JWT (Bearer or cookie selorg_admin_token)|ctrl.deletePolicy|src/modules/app-config/app-config.routes.ts
GET|/api/v1/customer/admin/cancellation-policies/:id|admin JWT (Bearer or cookie selorg_admin_token)|ctrl.getPolicyById|src/modules/app-config/app-config.routes.ts
PUT|/api/v1/customer/admin/cancellation-policies/:id|admin JWT (Bearer or cookie selorg_admin_token)|ctrl.updatePolicy|src/modules/app-config/app-config.routes.ts
GET|/api/v1/customer/admin/categories|admin JWT (Bearer or cookie selorg_admin_token); roles: admin, super_admin|categoriesController.listCategories|src/modules/categories/categories.routes.ts
POST|/api/v1/customer/admin/categories|admin JWT (Bearer or cookie selorg_admin_token); roles: admin, super_admin|categoriesController.createCategory|src/modules/categories/categories.routes.ts
DELETE|/api/v1/customer/admin/categories/:id|admin JWT (Bearer or cookie selorg_admin_token); roles: admin, super_admin|categoriesController.deleteCategory|src/modules/categories/categories.routes.ts
PUT|/api/v1/customer/admin/categories/:id|admin JWT (Bearer or cookie selorg_admin_token); roles: admin, super_admin|categoriesController.updateCategory|src/modules/categories/categories.routes.ts
GET|/api/v1/customer/admin/categories/:id/children|admin JWT (Bearer or cookie selorg_admin_token); roles: admin, super_admin|categoriesController.getSubcategoriesByCategorySlug|src/modules/categories/categories.routes.ts
GET|/api/v1/customer/admin/categories/all|admin JWT (Bearer or cookie selorg_admin_token); roles: admin, super_admin|categoriesController.listAllCategories|src/modules/categories/categories.routes.ts
POST|/api/v1/customer/admin/categories/reorder|admin JWT (Bearer or cookie selorg_admin_token); roles: admin, super_admin|categoriesController.reorderCategories|src/modules/categories/categories.routes.ts
GET|/api/v1/customer/admin/cms/banners|admin JWT (Bearer or cookie selorg_admin_token); roles: admin, super_admin|cmsAdminController.listBanners|src/modules/pages/cms.admin.routes.ts
POST|/api/v1/customer/admin/cms/banners|admin JWT (Bearer or cookie selorg_admin_token); roles: admin, super_admin|cmsAdminController.createBanner|src/modules/pages/cms.admin.routes.ts
DELETE|/api/v1/customer/admin/cms/banners/:id|admin JWT (Bearer or cookie selorg_admin_token); roles: admin, super_admin|cmsAdminController.deleteBanner|src/modules/pages/cms.admin.routes.ts
PUT|/api/v1/customer/admin/cms/banners/:id|admin JWT (Bearer or cookie selorg_admin_token); roles: admin, super_admin|cmsAdminController.updateBanner|src/modules/pages/cms.admin.routes.ts
GET|/api/v1/customer/admin/cms/buttons|admin JWT (Bearer or cookie selorg_admin_token); roles: admin, super_admin|cmsAdminController.listButtons|src/modules/pages/cms.admin.routes.ts
POST|/api/v1/customer/admin/cms/buttons|admin JWT (Bearer or cookie selorg_admin_token); roles: admin, super_admin|cmsAdminController.createButton|src/modules/pages/cms.admin.routes.ts
DELETE|/api/v1/customer/admin/cms/buttons/:id|admin JWT (Bearer or cookie selorg_admin_token); roles: admin, super_admin|cmsAdminController.deleteButton|src/modules/pages/cms.admin.routes.ts
PUT|/api/v1/customer/admin/cms/buttons/:id|admin JWT (Bearer or cookie selorg_admin_token); roles: admin, super_admin|cmsAdminController.updateButton|src/modules/pages/cms.admin.routes.ts
GET|/api/v1/customer/admin/cms/collections|admin JWT (Bearer or cookie selorg_admin_token); roles: admin, super_admin|cmsAdminController.listCollections|src/modules/pages/cms.admin.routes.ts
POST|/api/v1/customer/admin/cms/collections|admin JWT (Bearer or cookie selorg_admin_token); roles: admin, super_admin|cmsAdminController.createCollection|src/modules/pages/cms.admin.routes.ts
DELETE|/api/v1/customer/admin/cms/collections/:id|admin JWT (Bearer or cookie selorg_admin_token); roles: admin, super_admin|cmsAdminController.deleteCollection|src/modules/pages/cms.admin.routes.ts
PUT|/api/v1/customer/admin/cms/collections/:id|admin JWT (Bearer or cookie selorg_admin_token); roles: admin, super_admin|cmsAdminController.updateCollection|src/modules/pages/cms.admin.routes.ts
POST|/api/v1/customer/admin/cms/consolidate-catalog-taxonomy|admin JWT (Bearer or cookie selorg_admin_token); roles: admin, super_admin|cmsAdminController.consolidateCatalogTaxonomy|src/modules/pages/cms.admin.routes.ts
GET|/api/v1/customer/admin/cms/home-sections|admin JWT (Bearer or cookie selorg_admin_token); roles: admin, super_admin|cmsAdminController.listHomeSections|src/modules/pages/cms.admin.routes.ts
POST|/api/v1/customer/admin/cms/home-sections|admin JWT (Bearer or cookie selorg_admin_token); roles: admin, super_admin|cmsAdminController.createHomeSection|src/modules/pages/cms.admin.routes.ts
DELETE|/api/v1/customer/admin/cms/home-sections/:id|admin JWT (Bearer or cookie selorg_admin_token); roles: admin, super_admin|cmsAdminController.deleteHomeSection|src/modules/pages/cms.admin.routes.ts
PUT|/api/v1/customer/admin/cms/home-sections/:id|admin JWT (Bearer or cookie selorg_admin_token); roles: admin, super_admin|cmsAdminController.updateHomeSection|src/modules/pages/cms.admin.routes.ts
GET|/api/v1/customer/admin/cms/import-history/content-hub|admin JWT (Bearer or cookie selorg_admin_token); roles: admin, super_admin|cmsAdminController.listContentHubImportRuns|src/modules/pages/cms.admin.routes.ts
GET|/api/v1/customer/admin/cms/import-jobs/content-hub/:jobId|admin JWT (Bearer or cookie selorg_admin_token); roles: admin, super_admin|cmsAdminController.getContentHubImportJob|src/modules/pages/cms.admin.routes.ts
GET|/api/v1/customer/admin/cms/media|admin JWT (Bearer or cookie selorg_admin_token); roles: admin, super_admin|cmsAdminController.listMedia|src/modules/pages/cms.admin.routes.ts
POST|/api/v1/customer/admin/cms/media|admin JWT (Bearer or cookie selorg_admin_token); roles: admin, super_admin|cmsAdminController.createMedia|src/modules/pages/cms.admin.routes.ts
DELETE|/api/v1/customer/admin/cms/media/:id|admin JWT (Bearer or cookie selorg_admin_token); roles: admin, super_admin|cmsAdminController.deleteMedia|src/modules/pages/cms.admin.routes.ts
GET|/api/v1/customer/admin/cms/overview|admin JWT (Bearer or cookie selorg_admin_token); roles: admin, super_admin|cmsAdminController.getOverview|src/modules/pages/cms.admin.routes.ts
GET|/api/v1/customer/admin/cms/pages|admin JWT (Bearer or cookie selorg_admin_token); roles: admin, super_admin|cmsAdminController.listPages|src/modules/pages/cms.admin.routes.ts
POST|/api/v1/customer/admin/cms/pages|admin JWT (Bearer or cookie selorg_admin_token); roles: admin, super_admin|cmsAdminController.createPage|src/modules/pages/cms.admin.routes.ts
DELETE|/api/v1/customer/admin/cms/pages/:id|admin JWT (Bearer or cookie selorg_admin_token); roles: admin, super_admin|cmsAdminController.deletePage|src/modules/pages/cms.admin.routes.ts
GET|/api/v1/customer/admin/cms/pages/:id|admin JWT (Bearer or cookie selorg_admin_token); roles: admin, super_admin|cmsAdminController.getPage|src/modules/pages/cms.admin.routes.ts
PUT|/api/v1/customer/admin/cms/pages/:id|admin JWT (Bearer or cookie selorg_admin_token); roles: admin, super_admin|cmsAdminController.updatePage|src/modules/pages/cms.admin.routes.ts
POST|/api/v1/customer/admin/cms/upload/cms-pages|admin JWT (Bearer or cookie selorg_admin_token); roles: admin, super_admin|cmsAdminController.uploadCmsPages|src/modules/pages/cms.admin.routes.ts
POST|/api/v1/customer/admin/cms/upload/content-hub-master|admin JWT (Bearer or cookie selorg_admin_token); roles: admin, super_admin|cmsAdminController.uploadContentHubMaster|src/modules/pages/cms.admin.routes.ts
POST|/api/v1/customer/admin/cms/upload/sku-master|admin JWT (Bearer or cookie selorg_admin_token); roles: admin, super_admin|cmsAdminController.uploadSkuMaster|src/modules/pages/cms.admin.routes.ts
GET|/api/v1/customer/admin/collections|admin JWT (Bearer or cookie selorg_admin_token); roles: admin, super_admin|listCollections|src/modules/collections/collections.routes.ts
POST|/api/v1/customer/admin/collections|admin JWT (Bearer or cookie selorg_admin_token); roles: admin, super_admin|createCollection|src/modules/collections/collections.routes.ts
DELETE|/api/v1/customer/admin/collections/:id|admin JWT (Bearer or cookie selorg_admin_token); roles: admin, super_admin|deleteCollection|src/modules/collections/collections.routes.ts
PUT|/api/v1/customer/admin/collections/:id|admin JWT (Bearer or cookie selorg_admin_token); roles: admin, super_admin|updateCollection|src/modules/collections/collections.routes.ts
GET|/api/v1/customer/admin/coupons|public|couponsController.adminList|src/modules/coupons/coupons.routes.ts
POST|/api/v1/customer/admin/coupons|public; zod|couponsController.adminCreate|src/modules/coupons/coupons.routes.ts
DELETE|/api/v1/customer/admin/coupons/:id|public|couponsController.adminRemove|src/modules/coupons/coupons.routes.ts
GET|/api/v1/customer/admin/coupons/:id|public|couponsController.adminGetById|src/modules/coupons/coupons.routes.ts
PUT|/api/v1/customer/admin/coupons/:id|public|couponsController.adminUpdate|src/modules/coupons/coupons.routes.ts
GET|/api/v1/customer/admin/coupons/stats|public|couponsController.adminStats|src/modules/coupons/coupons.routes.ts
GET|/api/v1/customer/admin/faq|public; zod|faqController.adminList|src/modules/faq/faq.routes.ts
POST|/api/v1/customer/admin/faq|public; zod|faqController.adminCreate|src/modules/faq/faq.routes.ts
DELETE|/api/v1/customer/admin/faq/:id|public|faqController.adminDelete|src/modules/faq/faq.routes.ts
GET|/api/v1/customer/admin/faq/:id|public|faqController.adminGetById|src/modules/faq/faq.routes.ts
PUT|/api/v1/customer/admin/faq/:id|public; zod|faqController.adminUpdate|src/modules/faq/faq.routes.ts
GET|/api/v1/customer/admin/faq/categories|public|faqController.listCategories|src/modules/faq/faq.routes.ts
GET|/api/v1/customer/admin/home/attributes|admin JWT (Bearer or cookie selorg_admin_token)|homeController.listAttributes|src/modules/home/home.routes.ts
POST|/api/v1/customer/admin/home/attributes|admin JWT (Bearer or cookie selorg_admin_token)|homeController.createAttribute|src/modules/home/home.routes.ts
DELETE|/api/v1/customer/admin/home/attributes/:id|admin JWT (Bearer or cookie selorg_admin_token)|homeController.deleteAttribute|src/modules/home/home.routes.ts
PUT|/api/v1/customer/admin/home/attributes/:id|admin JWT (Bearer or cookie selorg_admin_token)|homeController.updateAttribute|src/modules/home/home.routes.ts
GET|/api/v1/customer/admin/home/banners|admin JWT (Bearer or cookie selorg_admin_token)|homeController.listBannersAdmin|src/modules/home/home.routes.ts
POST|/api/v1/customer/admin/home/banners|admin JWT (Bearer or cookie selorg_admin_token)|homeController.createBannerAdmin|src/modules/home/home.routes.ts
DELETE|/api/v1/customer/admin/home/banners/:id|admin JWT (Bearer or cookie selorg_admin_token)|homeController.deleteBannerAdmin|src/modules/home/home.routes.ts
PUT|/api/v1/customer/admin/home/banners/:id|admin JWT (Bearer or cookie selorg_admin_token)|homeController.updateBannerAdmin|src/modules/home/home.routes.ts
POST|/api/v1/customer/admin/home/banners/reorder|admin JWT (Bearer or cookie selorg_admin_token)|homeController.reorderBannersAdmin|src/modules/home/home.routes.ts
GET|/api/v1/customer/admin/home/categories|admin JWT (Bearer or cookie selorg_admin_token)|homeController.listCategoriesAdmin|src/modules/home/home.routes.ts
POST|/api/v1/customer/admin/home/categories|admin JWT (Bearer or cookie selorg_admin_token)|homeController.createCategoryAdmin|src/modules/home/home.routes.ts
DELETE|/api/v1/customer/admin/home/categories/:id|admin JWT (Bearer or cookie selorg_admin_token)|homeController.deleteCategoryAdmin|src/modules/home/home.routes.ts
PUT|/api/v1/customer/admin/home/categories/:id|admin JWT (Bearer or cookie selorg_admin_token)|homeController.updateCategoryAdmin|src/modules/home/home.routes.ts
GET|/api/v1/customer/admin/home/categories/:id/children|admin JWT (Bearer or cookie selorg_admin_token)|homeController.listCategoryChildren|src/modules/home/home.routes.ts
POST|/api/v1/customer/admin/home/categories/reorder|admin JWT (Bearer or cookie selorg_admin_token)|homeController.reorderCategoriesAdmin|src/modules/home/home.routes.ts
DELETE|/api/v1/customer/admin/home/config|admin JWT (Bearer or cookie selorg_admin_token)|homeController.deleteHomeConfig|src/modules/home/home.routes.ts
GET|/api/v1/customer/admin/home/config|admin JWT (Bearer or cookie selorg_admin_token)|homeController.getConfig|src/modules/home/home.routes.ts
POST|/api/v1/customer/admin/home/config|admin JWT (Bearer or cookie selorg_admin_token)|homeController.upsertHomeConfig|src/modules/home/home.routes.ts
PUT|/api/v1/customer/admin/home/config|admin JWT (Bearer or cookie selorg_admin_token)|homeController.updateConfig|src/modules/home/home.routes.ts
GET|/api/v1/customer/admin/home/config/list|admin JWT (Bearer or cookie selorg_admin_token)|homeController.listHomeConfigs|src/modules/home/home.routes.ts
POST|/api/v1/customer/admin/home/config/reset|admin JWT (Bearer or cookie selorg_admin_token)|homeController.resetConfig|src/modules/home/home.routes.ts
GET|/api/v1/customer/admin/home/lifestyle|admin JWT (Bearer or cookie selorg_admin_token)|homeController.listLifestyle|src/modules/home/home.routes.ts
POST|/api/v1/customer/admin/home/lifestyle|admin JWT (Bearer or cookie selorg_admin_token)|homeController.createLifestyle|src/modules/home/home.routes.ts
DELETE|/api/v1/customer/admin/home/lifestyle/:id|admin JWT (Bearer or cookie selorg_admin_token)|homeController.deleteLifestyle|src/modules/home/home.routes.ts
PUT|/api/v1/customer/admin/home/lifestyle/:id|admin JWT (Bearer or cookie selorg_admin_token)|homeController.updateLifestyle|src/modules/home/home.routes.ts
POST|/api/v1/customer/admin/home/lifestyle/reorder|admin JWT (Bearer or cookie selorg_admin_token)|homeController.reorderLifestyle|src/modules/home/home.routes.ts
GET|/api/v1/customer/admin/home/preview|admin JWT (Bearer or cookie selorg_admin_token)|homeController.getBootstrapPreview|src/modules/home/home.routes.ts
GET|/api/v1/customer/admin/home/products|admin JWT (Bearer or cookie selorg_admin_token)|homeController.listProductsAdmin|src/modules/home/home.routes.ts
POST|/api/v1/customer/admin/home/products|admin JWT (Bearer or cookie selorg_admin_token)|homeController.createProductAdmin|src/modules/home/home.routes.ts
DELETE|/api/v1/customer/admin/home/products/:id|admin JWT (Bearer or cookie selorg_admin_token)|homeController.deleteProductAdmin|src/modules/home/home.routes.ts
GET|/api/v1/customer/admin/home/products/:id|admin JWT (Bearer or cookie selorg_admin_token)|homeController.getProductByIdAdmin|src/modules/home/home.routes.ts
PUT|/api/v1/customer/admin/home/products/:id|admin JWT (Bearer or cookie selorg_admin_token)|homeController.updateProductAdmin|src/modules/home/home.routes.ts
POST|/api/v1/customer/admin/home/products/:id/publish|admin JWT (Bearer or cookie selorg_admin_token)|homeController.publishProductAdmin|src/modules/home/home.routes.ts
PATCH|/api/v1/customer/admin/home/products/:id/status|admin JWT (Bearer or cookie selorg_admin_token)|homeController.patchProductStatusAdmin|src/modules/home/home.routes.ts
GET|/api/v1/customer/admin/home/products/:id/variants|admin JWT (Bearer or cookie selorg_admin_token)|homeController.getProductVariantsAdmin|src/modules/home/home.routes.ts
PATCH|/api/v1/customer/admin/home/products/bulk|admin JWT (Bearer or cookie selorg_admin_token)|homeController.bulkUpdateProductsAdmin|src/modules/home/home.routes.ts
PATCH|/api/v1/customer/admin/home/products/bulk-status|admin JWT (Bearer or cookie selorg_admin_token)|homeController.bulkUpdateProductStatusAdmin|src/modules/home/home.routes.ts
GET|/api/v1/customer/admin/home/promoblocks|admin JWT (Bearer or cookie selorg_admin_token)|homeController.listPromoBlocks|src/modules/home/home.routes.ts
POST|/api/v1/customer/admin/home/promoblocks|admin JWT (Bearer or cookie selorg_admin_token)|homeController.createPromoBlock|src/modules/home/home.routes.ts
DELETE|/api/v1/customer/admin/home/promoblocks/:id|admin JWT (Bearer or cookie selorg_admin_token)|homeController.deletePromoBlock|src/modules/home/home.routes.ts
PUT|/api/v1/customer/admin/home/promoblocks/:id|admin JWT (Bearer or cookie selorg_admin_token)|homeController.updatePromoBlock|src/modules/home/home.routes.ts
POST|/api/v1/customer/admin/home/promoblocks/reorder|admin JWT (Bearer or cookie selorg_admin_token)|homeController.reorderPromoBlocks|src/modules/home/home.routes.ts
GET|/api/v1/customer/admin/home/section-definitions|admin JWT (Bearer or cookie selorg_admin_token)|homeController.listSectionDefinitions|src/modules/home/home.routes.ts
POST|/api/v1/customer/admin/home/section-definitions|admin JWT (Bearer or cookie selorg_admin_token)|homeController.createSectionDefinition|src/modules/home/home.routes.ts
DELETE|/api/v1/customer/admin/home/section-definitions/:id|admin JWT (Bearer or cookie selorg_admin_token)|homeController.deleteSectionDefinition|src/modules/home/home.routes.ts
PUT|/api/v1/customer/admin/home/section-definitions/:id|admin JWT (Bearer or cookie selorg_admin_token)|homeController.updateSectionDefinition|src/modules/home/home.routes.ts
POST|/api/v1/customer/admin/home/section-definitions/reorder|admin JWT (Bearer or cookie selorg_admin_token)|homeController.reorderSectionDefinitions|src/modules/home/home.routes.ts
GET|/api/v1/customer/admin/home/sections|admin JWT (Bearer or cookie selorg_admin_token)|homeController.listSections|src/modules/home/home.routes.ts
POST|/api/v1/customer/admin/home/sections|admin JWT (Bearer or cookie selorg_admin_token)|homeController.createSection|src/modules/home/home.routes.ts
DELETE|/api/v1/customer/admin/home/sections/:id|admin JWT (Bearer or cookie selorg_admin_token)|homeController.deleteSection|src/modules/home/home.routes.ts
PUT|/api/v1/customer/admin/home/sections/:id|admin JWT (Bearer or cookie selorg_admin_token)|homeController.updateSection|src/modules/home/home.routes.ts
PATCH|/api/v1/customer/admin/home/sections/:id/products|admin JWT (Bearer or cookie selorg_admin_token)|homeController.updateSectionProducts|src/modules/home/home.routes.ts
POST|/api/v1/customer/admin/home/sections/reorder|admin JWT (Bearer or cookie selorg_admin_token)|homeController.reorderSections|src/modules/home/home.routes.ts
POST|/api/v1/customer/admin/home/upload-product-image|admin JWT (Bearer or cookie selorg_admin_token)|homeController.uploadProductImage|src/modules/home/home.routes.ts
GET|/api/v1/customer/admin/legal/config|public|legalController.getAdminConfig|src/modules/legal/legal.routes.ts
PUT|/api/v1/customer/admin/legal/config|public; zod|legalController.updateAdminConfig|src/modules/legal/legal.routes.ts
GET|/api/v1/customer/admin/legal/documents|public; zod|legalController.listDocuments|src/modules/legal/legal.routes.ts
POST|/api/v1/customer/admin/legal/documents|public; zod|legalController.createDocument|src/modules/legal/legal.routes.ts
DELETE|/api/v1/customer/admin/legal/documents/:id|public|legalController.deleteDocument|src/modules/legal/legal.routes.ts
GET|/api/v1/customer/admin/legal/documents/:id|public|legalController.getDocument|src/modules/legal/legal.routes.ts
PUT|/api/v1/customer/admin/legal/documents/:id|public; zod|legalController.updateDocument|src/modules/legal/legal.routes.ts
POST|/api/v1/customer/admin/legal/documents/:id/set-current|public|legalController.setCurrentDocument|src/modules/legal/legal.routes.ts
PUT|/api/v1/customer/admin/merch/inventory/:storeId|admin JWT (Bearer or cookie selorg_admin_token); roles: admin, super_admin|updateStoreInventoryAdmin|src/modules/store/store.routes.ts
GET|/api/v1/customer/admin/merch/inventory/:storeId/history|admin JWT (Bearer or cookie selorg_admin_token); roles: admin, super_admin|getStoreInventoryHistoryAdmin|src/modules/store/store.routes.ts
POST|/api/v1/customer/admin/merch/inventory/:storeId/replenish|admin JWT (Bearer or cookie selorg_admin_token); roles: admin, super_admin|triggerStoreReplenishmentAdmin|src/modules/store/store.routes.ts
POST|/api/v1/customer/admin/merch/inventory/:storeId/sync|admin JWT (Bearer or cookie selorg_admin_token); roles: admin, super_admin|syncStoreInventoryAdmin|src/modules/store/store.routes.ts
GET|/api/v1/customer/admin/merch/stores|admin JWT (Bearer or cookie selorg_admin_token); roles: admin, super_admin|listStoresAdmin|src/modules/store/store.routes.ts
POST|/api/v1/customer/admin/merch/stores|admin JWT (Bearer or cookie selorg_admin_token); roles: admin, super_admin|createStoreAdmin|src/modules/store/store.routes.ts
DELETE|/api/v1/customer/admin/merch/stores/:id|admin JWT (Bearer or cookie selorg_admin_token); roles: admin, super_admin|deleteStoreAdmin|src/modules/store/store.routes.ts
PUT|/api/v1/customer/admin/merch/stores/:id|admin JWT (Bearer or cookie selorg_admin_token); roles: admin, super_admin|updateStoreAdmin|src/modules/store/store.routes.ts
GET|/api/v1/customer/admin/notifications|admin JWT (Bearer or cookie selorg_admin_token); roles: admin, super_admin|notificationsController.adminList|src/modules/notifications/notifications.routes.ts
DELETE|/api/v1/customer/admin/notifications/:id|admin JWT (Bearer or cookie selorg_admin_token); roles: admin, super_admin|notificationsController.adminRemove|src/modules/notifications/notifications.routes.ts
POST|/api/v1/customer/admin/notifications/send|admin JWT (Bearer or cookie selorg_admin_token); roles: admin, super_admin|notificationsController.adminSend|src/modules/notifications/notifications.routes.ts
GET|/api/v1/customer/admin/notifications/stats|admin JWT (Bearer or cookie selorg_admin_token); roles: admin, super_admin|notificationsController.adminStats|src/modules/notifications/notifications.routes.ts
GET|/api/v1/customer/admin/onboarding-pages|public|onboardingController.adminList|src/modules/onboarding/onboarding.routes.ts
POST|/api/v1/customer/admin/onboarding-pages|public; zod|onboardingController.adminCreate|src/modules/onboarding/onboarding.routes.ts
DELETE|/api/v1/customer/admin/onboarding-pages/:id|public|onboardingController.adminRemove|src/modules/onboarding/onboarding.routes.ts
PUT|/api/v1/customer/admin/onboarding-pages/:id|public; zod|onboardingController.adminUpdate|src/modules/onboarding/onboarding.routes.ts
POST|/api/v1/customer/admin/onboarding-pages/:id/image|public; zod|onboardingController.adminUploadImage|src/modules/onboarding/onboarding.routes.ts
PUT|/api/v1/customer/admin/onboarding-pages/reorder|public; zod|onboardingController.adminReorder|src/modules/onboarding/onboarding.routes.ts
GET|/api/v1/customer/admin/pages|admin JWT (Bearer or cookie selorg_admin_token); roles: admin, super_admin|listPages|src/modules/pages/pages.routes.ts
POST|/api/v1/customer/admin/pages|admin JWT (Bearer or cookie selorg_admin_token); roles: admin, super_admin|createPage|src/modules/pages/pages.routes.ts
DELETE|/api/v1/customer/admin/pages/:id|admin JWT (Bearer or cookie selorg_admin_token); roles: admin, super_admin|deletePage|src/modules/pages/pages.routes.ts
GET|/api/v1/customer/admin/pages/:id|admin JWT (Bearer or cookie selorg_admin_token); roles: admin, super_admin|getPageAdmin|src/modules/pages/pages.routes.ts
PUT|/api/v1/customer/admin/pages/:id|admin JWT (Bearer or cookie selorg_admin_token); roles: admin, super_admin|updatePage|src/modules/pages/pages.routes.ts
GET|/api/v1/customer/app-config|optional customer JWT|ctrl.getPublicConfig|src/modules/app-config/app-config.routes.ts
POST|/api/v1/customer/auth/link-phone/send-otp|customer JWT (Bearer); zod|authController.sendLinkPhoneOtp|src/modules/auth/auth.routes.ts
POST|/api/v1/customer/auth/link-phone/verify-otp|customer JWT (Bearer); zod|authController.verifyLinkPhoneOtp|src/modules/auth/auth.routes.ts
POST|/api/v1/customer/auth/logout|public; zod|authController.logout|src/modules/auth/auth.routes.ts
POST|/api/v1/customer/auth/resend-otp|public; zod|authController.resendOtp|src/modules/auth/auth.routes.ts
POST|/api/v1/customer/auth/send-otp|public; zod|authController.sendOtp|src/modules/auth/auth.routes.ts
POST|/api/v1/customer/auth/verify-otp|public; zod|authController.verifyOtpController|src/modules/auth/auth.routes.ts
GET|/api/v1/customer/banners|public|bannersController.listBanners|src/modules/banners/banners.routes.ts
GET|/api/v1/customer/banners/:id|public|bannersController.getBannerById|src/modules/banners/banners.routes.ts
GET|/api/v1/customer/bootstrap|optional customer JWT|getBootstrap|src/modules/bootstrap/bootstrap.routes.ts
GET|/api/v1/customer/cart|customer JWT (Bearer)|cartController.getCart|src/modules/cart/cart.routes.ts
DELETE|/api/v1/customer/cart/clear|customer JWT (Bearer)|cartController.clear|src/modules/cart/cart.routes.ts
POST|/api/v1/customer/cart/items|customer JWT (Bearer); zod|cartController.addCartItem|src/modules/cart/cart.routes.ts
PUT|/api/v1/customer/cart/items|customer JWT (Bearer); zod|cartController.updateCartItemByProductVariant|src/modules/cart/cart.routes.ts
DELETE|/api/v1/customer/cart/items/:itemId|customer JWT (Bearer); zod|cartController.removeCartItem|src/modules/cart/cart.routes.ts
PUT|/api/v1/customer/cart/items/:itemId|customer JWT (Bearer); zod|cartController.updateCartItem|src/modules/cart/cart.routes.ts
POST|/api/v1/customer/cart/merge|customer JWT (Bearer); zod|cartController.mergeCart|src/modules/cart/cart.routes.ts
GET|/api/v1/customer/categories|public|categoriesController.listCategories|src/modules/categories/categories.routes.ts
GET|/api/v1/customer/categories/:id|public; zod|categoriesController.getCategoryDetail|src/modules/categories/categories.routes.ts
GET|/api/v1/customer/categories/:slug/products|public; zod|categoriesController.getCategoryProductsBySlug|src/modules/categories/categories.routes.ts
GET|/api/v1/customer/categories/:slug/subcategories|public|categoriesController.getSubcategoriesByCategorySlug|src/modules/categories/categories.routes.ts
GET|/api/v1/customer/collections/:slug|public|getCollection|src/modules/collections/collections.routes.ts
GET|/api/v1/customer/coupons|optional customer JWT|couponsController.list|src/modules/coupons/coupons.routes.ts
POST|/api/v1/customer/coupons/redeem|customer JWT (Bearer); zod|couponsController.redeem|src/modules/coupons/coupons.routes.ts
POST|/api/v1/customer/coupons/validate|optional customer JWT; zod|couponsController.validate|src/modules/coupons/coupons.routes.ts
GET|/api/v1/customer/delivery/estimate|optional customer JWT|getDeliveryEstimate|src/modules/delivery/delivery.routes.ts
GET|/api/v1/customer/delivery/fee|optional customer JWT|getDeliveryFee|src/modules/delivery/delivery.routes.ts
GET|/api/v1/customer/faq|public; zod|faqController.list|src/modules/faq/faq.routes.ts
POST|/api/v1/customer/faq/:id/feedback|customer JWT (Bearer); zod|faqController.submitFeedback|src/modules/faq/faq.routes.ts
GET|/api/v1/customer/faq/categories|public|faqController.listCategories|src/modules/faq/faq.routes.ts
GET|/api/v1/customer/home|optional customer JWT|homeController.getHome|src/modules/home/home.routes.ts
POST|/api/v1/customer/legal/accept|customer JWT (Bearer); zod|legalController.accept|src/modules/legal/legal.routes.ts
GET|/api/v1/customer/legal/config|public|legalController.getConfig|src/modules/legal/legal.routes.ts
GET|/api/v1/customer/legal/license|public|legalController.getLicense|src/modules/legal/legal.routes.ts
GET|/api/v1/customer/legal/privacy|public|legalController.getPrivacy|src/modules/legal/legal.routes.ts
GET|/api/v1/customer/legal/terms|public|legalController.getTerms|src/modules/legal/legal.routes.ts
GET|/api/v1/customer/locations/approximate|optional customer JWT|approximate|src/modules/locations/locations.routes.ts
GET|/api/v1/customer/locations/place-details|optional customer JWT|placeDetails|src/modules/locations/locations.routes.ts
GET|/api/v1/customer/locations/reverse|optional customer JWT|reverse|src/modules/locations/locations.routes.ts
GET|/api/v1/customer/locations/suggestions|optional customer JWT|suggestions|src/modules/locations/locations.routes.ts
GET|/api/v1/customer/notifications|customer JWT (Bearer); zod|notificationsController.list|src/modules/notifications/notifications.routes.ts
DELETE|/api/v1/customer/notifications/:id|customer JWT (Bearer)|notificationsController.deleteOne|src/modules/notifications/notifications.routes.ts
PUT|/api/v1/customer/notifications/:id/read|customer JWT (Bearer)|notificationsController.markOneRead|src/modules/notifications/notifications.routes.ts
PUT|/api/v1/customer/notifications/:id/unread|customer JWT (Bearer)|notificationsController.markOneUnread|src/modules/notifications/notifications.routes.ts
GET|/api/v1/customer/notifications/preferences|customer JWT (Bearer)|notificationsController.getPreferencesHandler|src/modules/notifications/notifications.routes.ts
PUT|/api/v1/customer/notifications/preferences|customer JWT (Bearer); zod|notificationsController.updatePreferencesHandler|src/modules/notifications/notifications.routes.ts
PUT|/api/v1/customer/notifications/read-all|customer JWT (Bearer)|notificationsController.markAllReadHandler|src/modules/notifications/notifications.routes.ts
POST|/api/v1/customer/notifications/register-token|customer JWT (Bearer); zod|notificationsController.registerToken|src/modules/notifications/notifications.routes.ts
POST|/api/v1/customer/notifications/register-web-push|customer JWT (Bearer); zod|notificationsController.registerWebPush|src/modules/notifications/notifications.routes.ts
POST|/api/v1/customer/notifications/remove-all-tokens|customer JWT (Bearer)|notificationsController.removeAllTokens|src/modules/notifications/notifications.routes.ts
POST|/api/v1/customer/notifications/remove-token|customer JWT (Bearer); zod|notificationsController.removeToken|src/modules/notifications/notifications.routes.ts
GET|/api/v1/customer/notifications/unread-count|customer JWT (Bearer)|notificationsController.unreadCount|src/modules/notifications/notifications.routes.ts
GET|/api/v1/customer/notifications/vapid-public-key|public|notificationsController.vapidPublicKey|src/modules/notifications/notifications.routes.ts
POST|/api/v1/customer/onboarding/complete|optional customer JWT|onboardingController.completeOnboarding|src/modules/onboarding/onboarding.routes.ts
GET|/api/v1/customer/onboarding/pages|public|onboardingController.getPages|src/modules/onboarding/onboarding.routes.ts
GET|/api/v1/customer/onboarding/pages/:pageNumber|public|onboardingController.getPageByNumber|src/modules/onboarding/onboarding.routes.ts
GET|/api/v1/customer/onboarding/status|optional customer JWT|onboardingController.getStatus|src/modules/onboarding/onboarding.routes.ts
GET|/api/v1/customer/orders|customer JWT (Bearer); zod|orderController.list|src/modules/orders/order.routes.ts
POST|/api/v1/customer/orders|customer JWT (Bearer); zod|orderController.create|src/modules/orders/order.routes.ts
GET|/api/v1/customer/orders/:id|customer JWT (Bearer)|orderController.getDetail|src/modules/orders/order.routes.ts
GET|/api/v1/customer/orders/:id/can-cancel|customer JWT (Bearer)|orderController.canCancel|src/modules/orders/order.routes.ts
POST|/api/v1/customer/orders/:id/cancel|customer JWT (Bearer); zod|orderController.cancel|src/modules/orders/order.routes.ts
GET|/api/v1/customer/orders/:id/invoice|customer JWT (Bearer)|invoice|src/modules/invoice/invoice.routes.ts
POST|/api/v1/customer/orders/:id/rate|customer JWT (Bearer); zod|orderController.rate|src/modules/orders/order.routes.ts
POST|/api/v1/customer/orders/:id/reorder|customer JWT (Bearer)|orderController.reorder|src/modules/orders/order.routes.ts
GET|/api/v1/customer/orders/:id/status|customer JWT (Bearer)|orderController.status|src/modules/orders/order.routes.ts
GET|/api/v1/customer/orders/:id/tracking|customer JWT (Bearer)|orderController.tracking|src/modules/orders/order.routes.ts
PUT|/api/v1/customer/orders/:id/update-status|admin JWT (Bearer or cookie selorg_admin_token); zod|orderController.updateStatus|src/modules/orders/order.routes.ts
POST|/api/v1/customer/orders/:id/verify-otp|customer JWT (Bearer); zod|orderController.verifyOtp|src/modules/orders/order.routes.ts
GET|/api/v1/customer/orders/active|customer JWT (Bearer)|orderController.active|src/modules/orders/order.routes.ts
GET|/api/v1/customer/pages/:slug|public|getPage|src/modules/pages/pages.routes.ts
GET|/api/v1/customer/payments/methods|customer JWT (Bearer)|controller.getMethods|src/modules/payments/payments.routes.ts
POST|/api/v1/customer/payments/methods|customer JWT (Bearer); zod|controller.addPaymentMethod|src/modules/payments/payments.routes.ts
DELETE|/api/v1/customer/payments/methods/:id|customer JWT (Bearer)|controller.removePaymentMethod|src/modules/payments/payments.routes.ts
PUT|/api/v1/customer/payments/methods/:id|customer JWT (Bearer); zod|controller.updatePaymentMethod|src/modules/payments/payments.routes.ts
POST|/api/v1/customer/payments/methods/:id/default|customer JWT (Bearer)|controller.setDefaultMethod|src/modules/payments/payments.routes.ts
POST|/api/v1/customer/payments/worldline/abort|customer JWT (Bearer); zod|controller.abortWorldlinePayment|src/modules/payments/payments.routes.ts
POST|/api/v1/customer/payments/worldline/complete|customer JWT (Bearer); zod|controller.completeWorldlinePayment|src/modules/payments/payments.routes.ts
POST|/api/v1/customer/payments/worldline/session|customer JWT (Bearer); zod|controller.createWorldlineSession|src/modules/payments/payments.routes.ts
GET|/api/v1/customer/payments/worldline/status|customer JWT (Bearer)|controller.getWorldlineStatus|src/modules/payments/payments.routes.ts
GET|/api/v1/customer/products/:id|public; zod|productsController.getProductDetail|src/modules/products/products.routes.ts
GET|/api/v1/customer/products/search|public|productsController.searchProducts|src/modules/products/products.routes.ts
GET|/api/v1/customer/products/search/suggestions|public|productsController.searchSuggestions|src/modules/products/products.routes.ts
GET|/api/v1/customer/products/search/trending|public|productsController.getTrendingSearches|src/modules/products/products.routes.ts
GET|/api/v1/customer/refunds|customer JWT (Bearer)|controller.list|src/modules/refunds/refunds.routes.ts
GET|/api/v1/customer/refunds/:id|customer JWT (Bearer)|controller.getById|src/modules/refunds/refunds.routes.ts
GET|/api/v1/customer/refunds/:id/details|customer JWT (Bearer)|controller.getDetails|src/modules/refunds/refunds.routes.ts
POST|/api/v1/customer/refunds/request|customer JWT (Bearer); zod|controller.createRequest|src/modules/refunds/refunds.routes.ts
GET|/api/v1/customer/search|public|searchProducts|src/modules/products/search.routes.ts
GET|/api/v1/customer/search/suggestions|public|searchSuggestions|src/modules/products/search.routes.ts
GET|/api/v1/customer/search/trending|public|getTrendingSearches|src/modules/products/search.routes.ts
GET|/api/v1/customer/sections/:key/products|public|homeController.getSectionProducts|src/modules/home/sections.routes.ts
GET|/api/v1/customer/store/:storeId/inventory|optional customer JWT|getStoreInventory|src/modules/store/store.routes.ts
POST|/api/v1/customer/store/assign|optional customer JWT|assignStore|src/modules/store/store.routes.ts
GET|/api/v1/customer/support/tickets|customer JWT (Bearer)|supportController.listMyTickets|src/modules/support/support.routes.ts
POST|/api/v1/customer/support/tickets|customer JWT (Bearer)|supportController.createTicket|src/modules/support/support.routes.ts
GET|/api/v1/customer/support/tickets/:ticketId/messages|customer JWT (Bearer)|supportController.getTicketMessages|src/modules/support/support.routes.ts
POST|/api/v1/customer/support/tickets/:ticketId/messages|customer JWT (Bearer)|(handler)|src/modules/support/support.routes.ts
POST|/api/v1/customer/support/tickets/:ticketId/reopen|customer JWT (Bearer)|supportController.reopenTicket|src/modules/support/support.routes.ts
GET|/api/v1/customer/support/tickets/active|customer JWT (Bearer)|supportController.getActiveChatTicket|src/modules/support/support.routes.ts
PUT|/api/v1/customer/user/change-password|customer JWT (Bearer); zod|userController.changePassword|src/modules/user/user.routes.ts
POST|/api/v1/customer/user/phone/resend-otp|customer JWT (Bearer); zod|authController.resendOtp|src/modules/user/user.routes.ts
POST|/api/v1/customer/user/phone/send-otp|customer JWT (Bearer); zod|authController.sendLinkPhoneOtp|src/modules/user/user.routes.ts
POST|/api/v1/customer/user/phone/verify-otp|customer JWT (Bearer); zod|authController.verifyLinkPhoneOtp|src/modules/user/user.routes.ts
GET|/api/v1/customer/user/profile|customer JWT (Bearer)|userController.getProfile|src/modules/user/user.routes.ts
PUT|/api/v1/customer/user/profile|customer JWT (Bearer); zod|userController.updateProfile|src/modules/user/user.routes.ts
POST|/api/v1/customer/user/profile/avatar|customer JWT (Bearer); zod|userController.uploadAvatar|src/modules/user/user.routes.ts
GET|/api/v1/customer/wallet/balance|customer JWT (Bearer)|controller.getBalance|src/modules/wallet/wallet.routes.ts
POST|/api/v1/customer/wallet/credit|customer JWT (Bearer)|controller.creditForTopUp|src/modules/wallet/wallet.routes.ts
POST|/api/v1/customer/wallet/debit|customer JWT (Bearer); zod|controller.debitForCheckout|src/modules/wallet/wallet.routes.ts
POST|/api/v1/customer/wallet/top-up/session|customer JWT (Bearer); zod|controller.initiateTopUp|src/modules/wallet/wallet.routes.ts
GET|/api/v1/customer/wallet/transactions|customer JWT (Bearer)|controller.getTransactions|src/modules/wallet/wallet.routes.ts
GET|/api/v1/darkstore/alerts|admin JWT (Bearer or cookie selorg_admin_token)|ctrl.getAlerts|src/modules/darkstore/darkstore.routes.ts
GET|/api/v1/darkstore/alerts/:alertId|admin JWT (Bearer or cookie selorg_admin_token)|ctrl.getAlertById|src/modules/darkstore/darkstore.routes.ts
POST|/api/v1/darkstore/alerts/:alertId/action|admin JWT (Bearer or cookie selorg_admin_token)|ctrl.performAlertAction|src/modules/darkstore/darkstore.routes.ts
GET|/api/v1/darkstore/alerts/debug/ids|admin JWT (Bearer or cookie selorg_admin_token)|ctrl.getAlertsDebugIds|src/modules/darkstore/darkstore.routes.ts
DELETE|/api/v1/darkstore/alerts/resolved|admin JWT (Bearer or cookie selorg_admin_token)|ctrl.clearResolvedAlerts|src/modules/darkstore/darkstore.routes.ts
POST|/api/v1/darkstore/alerts/resolved/clear|admin JWT (Bearer or cookie selorg_admin_token)|ctrl.clearResolvedAlerts|src/modules/darkstore/darkstore.routes.ts
POST|/api/v1/darkstore/analytics/export|admin JWT (Bearer or cookie selorg_admin_token)|ctrl.exportReport|src/modules/darkstore/darkstore.routes.ts
GET|/api/v1/darkstore/analytics/fleet-utilization|admin JWT (Bearer or cookie selorg_admin_token)|ctrl.getRiderPerformance|src/modules/darkstore/darkstore.routes.ts
GET|/api/v1/darkstore/analytics/rider-performance|admin JWT (Bearer or cookie selorg_admin_token)|ctrl.getRiderPerformance|src/modules/darkstore/darkstore.routes.ts
GET|/api/v1/darkstore/analytics/sla-adherence|admin JWT (Bearer or cookie selorg_admin_token)|ctrl.getSlaAdherence|src/modules/darkstore/darkstore.routes.ts
GET|/api/v1/darkstore/dashboard/alert-history|admin JWT (Bearer or cookie selorg_admin_token)|ctrl.getAlertHistory|src/modules/darkstore/darkstore.routes.ts
GET|/api/v1/darkstore/dashboard/live-orders|admin JWT (Bearer or cookie selorg_admin_token)|ctrl.getLiveOrders|src/modules/darkstore/darkstore.routes.ts
GET|/api/v1/darkstore/dashboard/refresh|admin JWT (Bearer or cookie selorg_admin_token)|(handler)|src/modules/darkstore/darkstore.routes.ts
POST|/api/v1/darkstore/dashboard/refresh|admin JWT (Bearer or cookie selorg_admin_token)|(handler)|src/modules/darkstore/darkstore.routes.ts
GET|/api/v1/darkstore/dashboard/rto-alerts|admin JWT (Bearer or cookie selorg_admin_token)|ctrl.getRTOAlerts|src/modules/darkstore/darkstore.routes.ts
GET|/api/v1/darkstore/dashboard/staff-load|admin JWT (Bearer or cookie selorg_admin_token)|ctrl.getStaffLoad|src/modules/darkstore/darkstore.routes.ts
GET|/api/v1/darkstore/dashboard/stock-alerts|admin JWT (Bearer or cookie selorg_admin_token)|ctrl.getStockAlerts|src/modules/darkstore/darkstore.routes.ts
GET|/api/v1/darkstore/dashboard/store-profile|admin JWT (Bearer or cookie selorg_admin_token)|ctrl.getStoreProfile|src/modules/darkstore/darkstore.routes.ts
GET|/api/v1/darkstore/dashboard/summary|admin JWT (Bearer or cookie selorg_admin_token)|ctrl.getDashboardSummary|src/modules/darkstore/darkstore.routes.ts
GET|/api/v1/darkstore/dashboard/warehouse-profile|admin JWT (Bearer or cookie selorg_admin_token)|ctrl.getWarehouseProfile|src/modules/darkstore/darkstore.routes.ts
GET|/api/v1/darkstore/health/checklists|admin JWT (Bearer or cookie selorg_admin_token)|ctrl.getChecklists|src/modules/darkstore/darkstore.routes.ts
PUT|/api/v1/darkstore/health/checklists/:checklistId/items/:itemId|admin JWT (Bearer or cookie selorg_admin_token)|ctrl.updateChecklistItem|src/modules/darkstore/darkstore.routes.ts
POST|/api/v1/darkstore/health/checklists/:checklistId/submit|admin JWT (Bearer or cookie selorg_admin_token)|ctrl.submitChecklist|src/modules/darkstore/darkstore.routes.ts
GET|/api/v1/darkstore/health/equipment|admin JWT (Bearer or cookie selorg_admin_token)|ctrl.getEquipment|src/modules/darkstore/darkstore.routes.ts
GET|/api/v1/darkstore/health/incidents|admin JWT (Bearer or cookie selorg_admin_token)|ctrl.getIncidents|src/modules/darkstore/darkstore.routes.ts
POST|/api/v1/darkstore/health/incidents|admin JWT (Bearer or cookie selorg_admin_token)|ctrl.reportIncident|src/modules/darkstore/darkstore.routes.ts
PUT|/api/v1/darkstore/health/incidents/:incidentId/resolve|admin JWT (Bearer or cookie selorg_admin_token)|ctrl.resolveIncident|src/modules/darkstore/darkstore.routes.ts
GET|/api/v1/darkstore/health/summary|admin JWT (Bearer or cookie selorg_admin_token)|ctrl.getHealthSummary|src/modules/darkstore/darkstore.routes.ts
GET|/api/v1/darkstore/hsd/devices/:deviceId/actions|admin JWT (Bearer or cookie selorg_admin_token)|ctrl.getDeviceHistory|src/modules/darkstore/darkstore.routes.ts
POST|/api/v1/darkstore/hsd/devices/:deviceId/assign|admin JWT (Bearer or cookie selorg_admin_token)|ctrl.assignHSDDevice|src/modules/darkstore/darkstore.routes.ts
POST|/api/v1/darkstore/hsd/devices/:deviceId/control|admin JWT (Bearer or cookie selorg_admin_token)|ctrl.deviceControl|src/modules/darkstore/darkstore.routes.ts
GET|/api/v1/darkstore/hsd/devices/:deviceId/history|admin JWT (Bearer or cookie selorg_admin_token)|ctrl.getDeviceHistory|src/modules/darkstore/darkstore.routes.ts
POST|/api/v1/darkstore/hsd/devices/:deviceId/unassign|admin JWT (Bearer or cookie selorg_admin_token)|ctrl.unassignHSDDevice|src/modules/darkstore/darkstore.routes.ts
POST|/api/v1/darkstore/hsd/devices/bulk-reset|admin JWT (Bearer or cookie selorg_admin_token)|ctrl.bulkResetHSDDevices|src/modules/darkstore/darkstore.routes.ts
POST|/api/v1/darkstore/hsd/devices/register|admin JWT (Bearer or cookie selorg_admin_token)|ctrl.registerHSDDevice|src/modules/darkstore/darkstore.routes.ts
GET|/api/v1/darkstore/hsd/fleet|admin JWT (Bearer or cookie selorg_admin_token)|ctrl.getHSDFleetOverview|src/modules/darkstore/darkstore.routes.ts
GET|/api/v1/darkstore/hsd/issues|admin JWT (Bearer or cookie selorg_admin_token)|ctrl.getHSDIssues|src/modules/darkstore/darkstore.routes.ts
POST|/api/v1/darkstore/hsd/issues/report|admin JWT (Bearer or cookie selorg_admin_token)|ctrl.reportHSDIssue|src/modules/darkstore/darkstore.routes.ts
GET|/api/v1/darkstore/hsd/logs|admin JWT (Bearer or cookie selorg_admin_token)|ctrl.getAuditLogs|src/modules/darkstore/darkstore.routes.ts
GET|/api/v1/darkstore/hsd/picker-users|admin JWT (Bearer or cookie selorg_admin_token)|ctrl.getHSDPickerUsers|src/modules/darkstore/darkstore.routes.ts
POST|/api/v1/darkstore/hsd/requisitions|admin JWT (Bearer or cookie selorg_admin_token)|ctrl.createHSDRequisition|src/modules/darkstore/darkstore.routes.ts
POST|/api/v1/darkstore/hsd/sessions/:deviceId/action|admin JWT (Bearer or cookie selorg_admin_token)|ctrl.sessionAction|src/modules/darkstore/darkstore.routes.ts
GET|/api/v1/darkstore/hsd/sessions/live|admin JWT (Bearer or cookie selorg_admin_token)|ctrl.getLiveSessions|src/modules/darkstore/darkstore.routes.ts
GET|/api/v1/darkstore/hsd/users|admin JWT (Bearer or cookie selorg_admin_token)|ctrl.getHSDUserList|src/modules/darkstore/darkstore.routes.ts
GET|/api/v1/darkstore/hsd/users/:userId/device-request-otp|admin JWT (Bearer or cookie selorg_admin_token)|ctrl.getHSDUserOtp|src/modules/darkstore/darkstore.routes.ts
POST|/api/v1/darkstore/hsd/users/:userId/generate-device-otp|admin JWT (Bearer or cookie selorg_admin_token)|ctrl.generateHSDUserOtp|src/modules/darkstore/darkstore.routes.ts
GET|/api/v1/darkstore/inbound/grn|admin JWT (Bearer or cookie selorg_admin_token)|ctrl.getGRNList|src/modules/darkstore/darkstore.routes.ts
GET|/api/v1/darkstore/inbound/grn/:grnId|admin JWT (Bearer or cookie selorg_admin_token)|ctrl.getGRNDetails|src/modules/darkstore/darkstore.routes.ts
POST|/api/v1/darkstore/inbound/grn/:grnId/complete|admin JWT (Bearer or cookie selorg_admin_token)|ctrl.completeGRNProcessing|src/modules/darkstore/darkstore.routes.ts
PUT|/api/v1/darkstore/inbound/grn/:grnId/items/:sku|admin JWT (Bearer or cookie selorg_admin_token)|ctrl.updateGRNItemQuantity|src/modules/darkstore/darkstore.routes.ts
POST|/api/v1/darkstore/inbound/grn/:grnId/start|admin JWT (Bearer or cookie selorg_admin_token)|ctrl.startGRNProcessing|src/modules/darkstore/darkstore.routes.ts
GET|/api/v1/darkstore/inbound/putaway|admin JWT (Bearer or cookie selorg_admin_token)|ctrl.getPutawayTasks|src/modules/darkstore/darkstore.routes.ts
POST|/api/v1/darkstore/inbound/putaway/:taskId/assign|admin JWT (Bearer or cookie selorg_admin_token)|ctrl.assignPutawayTask|src/modules/darkstore/darkstore.routes.ts
POST|/api/v1/darkstore/inbound/putaway/:taskId/complete|admin JWT (Bearer or cookie selorg_admin_token)|ctrl.completePutawayTask|src/modules/darkstore/darkstore.routes.ts
GET|/api/v1/darkstore/inbound/summary|admin JWT (Bearer or cookie selorg_admin_token)|ctrl.getInboundSummary|src/modules/darkstore/darkstore.routes.ts
GET|/api/v1/darkstore/inbound/transfers|admin JWT (Bearer or cookie selorg_admin_token)|ctrl.getInterStoreTransfers|src/modules/darkstore/darkstore.routes.ts
GET|/api/v1/darkstore/inbound/transfers/:transferId|admin JWT (Bearer or cookie selorg_admin_token)|ctrl.getInterStoreTransfers|src/modules/darkstore/darkstore.routes.ts
POST|/api/v1/darkstore/inbound/transfers/:transferId/receive|admin JWT (Bearer or cookie selorg_admin_token)|ctrl.receiveInterStoreTransfer|src/modules/darkstore/darkstore.routes.ts
POST|/api/v1/darkstore/inbound/transfers/sync|admin JWT (Bearer or cookie selorg_admin_token)|ctrl.syncInterStoreTransfers|src/modules/darkstore/darkstore.routes.ts
GET|/api/v1/darkstore/inventory/adjustments|admin JWT (Bearer or cookie selorg_admin_token)|ctrl.getAdjustments|src/modules/darkstore/darkstore.routes.ts
POST|/api/v1/darkstore/inventory/adjustments|admin JWT (Bearer or cookie selorg_admin_token)|ctrl.createAdjustment|src/modules/darkstore/darkstore.routes.ts
GET|/api/v1/darkstore/inventory/audit-log|admin JWT (Bearer or cookie selorg_admin_token)|ctrl.getAuditLog|src/modules/darkstore/darkstore.routes.ts
POST|/api/v1/darkstore/inventory/bulk-import|admin JWT (Bearer or cookie selorg_admin_token)|ctrl.bulkImportInventory|src/modules/darkstore/darkstore.routes.ts
GET|/api/v1/darkstore/inventory/cycle-count|admin JWT (Bearer or cookie selorg_admin_token)|ctrl.getCycleCount|src/modules/darkstore/darkstore.routes.ts
GET|/api/v1/darkstore/inventory/cycle-count/report|admin JWT (Bearer or cookie selorg_admin_token)|ctrl.downloadCycleCountReport|src/modules/darkstore/darkstore.routes.ts
GET|/api/v1/darkstore/inventory/import-template|admin JWT (Bearer or cookie selorg_admin_token)|ctrl.downloadInventoryImportTemplate|src/modules/darkstore/darkstore.routes.ts
PUT|/api/v1/darkstore/inventory/items/:sku|admin JWT (Bearer or cookie selorg_admin_token)|ctrl.updateInventoryItem|src/modules/darkstore/darkstore.routes.ts
GET|/api/v1/darkstore/inventory/product-location/:sku|admin JWT (Bearer or cookie selorg_admin_token)|ctrl.getProductLocation|src/modules/darkstore/darkstore.routes.ts
GET|/api/v1/darkstore/inventory/restock|admin JWT (Bearer or cookie selorg_admin_token)|ctrl.listRestocks|src/modules/darkstore/darkstore.routes.ts
POST|/api/v1/darkstore/inventory/restock|admin JWT (Bearer or cookie selorg_admin_token)|ctrl.createRestock|src/modules/darkstore/darkstore.routes.ts
POST|/api/v1/darkstore/inventory/restock-task|admin JWT (Bearer or cookie selorg_admin_token)|ctrl.createRestockTask|src/modules/darkstore/darkstore.routes.ts
POST|/api/v1/darkstore/inventory/scan|admin JWT (Bearer or cookie selorg_admin_token)|ctrl.scanItem|src/modules/darkstore/darkstore.routes.ts
GET|/api/v1/darkstore/inventory/shelf-view|admin JWT (Bearer or cookie selorg_admin_token)|ctrl.getShelfView|src/modules/darkstore/darkstore.routes.ts
GET|/api/v1/darkstore/inventory/shelves|admin JWT (Bearer or cookie selorg_admin_token)|ctrl.listShelves|src/modules/darkstore/darkstore.routes.ts
POST|/api/v1/darkstore/inventory/shelves|admin JWT (Bearer or cookie selorg_admin_token)|ctrl.createShelf|src/modules/darkstore/darkstore.routes.ts
DELETE|/api/v1/darkstore/inventory/shelves/:shelfId|admin JWT (Bearer or cookie selorg_admin_token)|ctrl.deleteShelf|src/modules/darkstore/darkstore.routes.ts
PUT|/api/v1/darkstore/inventory/shelves/:shelfId|admin JWT (Bearer or cookie selorg_admin_token)|ctrl.updateShelf|src/modules/darkstore/darkstore.routes.ts
GET|/api/v1/darkstore/inventory/stock-levels|admin JWT (Bearer or cookie selorg_admin_token)|ctrl.getStockLevels|src/modules/darkstore/darkstore.routes.ts
DELETE|/api/v1/darkstore/inventory/stock-levels/:sku|admin JWT (Bearer or cookie selorg_admin_token)|ctrl.deleteInventoryItem|src/modules/darkstore/darkstore.routes.ts
PUT|/api/v1/darkstore/inventory/stock-levels/:sku|admin JWT (Bearer or cookie selorg_admin_token)|ctrl.updateStockLevel|src/modules/darkstore/darkstore.routes.ts
PUT|/api/v1/darkstore/inventory/stock-levels/:sku/status|admin JWT (Bearer or cookie selorg_admin_token)|ctrl.changeItemStatus|src/modules/darkstore/darkstore.routes.ts
GET|/api/v1/darkstore/issues|admin JWT (Bearer or cookie selorg_admin_token)|ctrl.listIssues|src/modules/darkstore/darkstore.routes.ts
GET|/api/v1/darkstore/issues/:id|admin JWT (Bearer or cookie selorg_admin_token)|ctrl.getIssueById|src/modules/darkstore/darkstore.routes.ts
PATCH|/api/v1/darkstore/issues/:id|admin JWT (Bearer or cookie selorg_admin_token)|ctrl.updateIssue|src/modules/darkstore/darkstore.routes.ts
GET|/api/v1/darkstore/issues/ops-users|admin JWT (Bearer or cookie selorg_admin_token)|ctrl.getOpsUsers|src/modules/darkstore/darkstore.routes.ts
POST|/api/v1/darkstore/logistics/estimate|admin JWT (Bearer or cookie selorg_admin_token)|ctrl.getLogisticsEstimate|src/modules/darkstore/darkstore.routes.ts
GET|/api/v1/darkstore/logistics/orders|admin JWT (Bearer or cookie selorg_admin_token)|ctrl.listLogisticsOrders|src/modules/darkstore/darkstore.routes.ts
POST|/api/v1/darkstore/logistics/orders|admin JWT (Bearer or cookie selorg_admin_token)|ctrl.createLogisticsOrder|src/modules/darkstore/darkstore.routes.ts
GET|/api/v1/darkstore/logistics/orders/:id|admin JWT (Bearer or cookie selorg_admin_token)|ctrl.getLogisticsOrder|src/modules/darkstore/darkstore.routes.ts
POST|/api/v1/darkstore/logistics/orders/:id/cancel|admin JWT (Bearer or cookie selorg_admin_token)|ctrl.cancelLogisticsOrder|src/modules/darkstore/darkstore.routes.ts
GET|/api/v1/darkstore/logistics/orders/:id/tracking|admin JWT (Bearer or cookie selorg_admin_token)|ctrl.getLogisticsOrderTracking|src/modules/darkstore/darkstore.routes.ts
GET|/api/v1/darkstore/operations/activity-feed|admin JWT (Bearer or cookie selorg_admin_token)|ctrl.getActivityFeed|src/modules/darkstore/darkstore.routes.ts
GET|/api/v1/darkstore/operations/alerts|admin JWT (Bearer or cookie selorg_admin_token)|ctrl.getOperationalAlerts|src/modules/darkstore/darkstore.routes.ts
GET|/api/v1/darkstore/operations/escalation-suggestions|admin JWT (Bearer or cookie selorg_admin_token)|ctrl.getEscalationSuggestions|src/modules/darkstore/darkstore.routes.ts
GET|/api/v1/darkstore/operations/exception-queue|admin JWT (Bearer or cookie selorg_admin_token)|ctrl.getExceptionQueue|src/modules/darkstore/darkstore.routes.ts
GET|/api/v1/darkstore/operations/live-picking|admin JWT (Bearer or cookie selorg_admin_token)|ctrl.getLivePickingMonitor|src/modules/darkstore/darkstore.routes.ts
GET|/api/v1/darkstore/operations/missing-items|admin JWT (Bearer or cookie selorg_admin_token)|ctrl.getMissingItems|src/modules/darkstore/darkstore.routes.ts
GET|/api/v1/darkstore/operations/order-workflow/:orderId|admin JWT (Bearer or cookie selorg_admin_token)|ctrl.getOrderWorkflow|src/modules/darkstore/darkstore.routes.ts
GET|/api/v1/darkstore/operations/pipeline|admin JWT (Bearer or cookie selorg_admin_token)|ctrl.getPipelineStats|src/modules/darkstore/darkstore.routes.ts
GET|/api/v1/darkstore/operations/regional-pipeline|admin JWT (Bearer or cookie selorg_admin_token)|ctrl.getRegionalPipeline|src/modules/darkstore/darkstore.routes.ts
GET|/api/v1/darkstore/operations/sla-monitor|admin JWT (Bearer or cookie selorg_admin_token)|ctrl.getSlaMonitor|src/modules/darkstore/darkstore.routes.ts
GET|/api/v1/darkstore/operations/workflow-sla-metrics|admin JWT (Bearer or cookie selorg_admin_token)|ctrl.getWorkflowSlaMetrics|src/modules/darkstore/darkstore.routes.ts
GET|/api/v1/darkstore/orders|admin JWT (Bearer or cookie selorg_admin_token)|ctrl.getOrders|src/modules/darkstore/darkstore.routes.ts
GET|/api/v1/darkstore/orders/:orderId|admin JWT (Bearer or cookie selorg_admin_token)|ctrl.getOrderById|src/modules/darkstore/darkstore.routes.ts
PATCH|/api/v1/darkstore/orders/:orderId|admin JWT (Bearer or cookie selorg_admin_token)|ctrl.updateOrder|src/modules/darkstore/darkstore.routes.ts
GET|/api/v1/darkstore/orders/:orderId/action-logs|admin JWT (Bearer or cookie selorg_admin_token)|ctrl.getAlertHistory|src/modules/darkstore/darkstore.routes.ts
PATCH|/api/v1/darkstore/orders/:orderId/assign|admin JWT (Bearer or cookie selorg_admin_token)|ctrl.assignOrder|src/modules/darkstore/darkstore.routes.ts
PATCH|/api/v1/darkstore/orders/:orderId/bag-rack|admin JWT (Bearer or cookie selorg_admin_token)|ctrl.updateBagRack|src/modules/darkstore/darkstore.routes.ts
GET|/api/v1/darkstore/orders/:orderId/call-customer|admin JWT (Bearer or cookie selorg_admin_token)|ctrl.getCallCustomerLog|src/modules/darkstore/darkstore.routes.ts
POST|/api/v1/darkstore/orders/:orderId/call-customer|admin JWT (Bearer or cookie selorg_admin_token)|ctrl.callCustomer|src/modules/darkstore/darkstore.routes.ts
POST|/api/v1/darkstore/orders/:orderId/cancel|admin JWT (Bearer or cookie selorg_admin_token)|ctrl.cancelOrder|src/modules/darkstore/darkstore.routes.ts
PATCH|/api/v1/darkstore/orders/:orderId/complete-picking|admin JWT (Bearer or cookie selorg_admin_token)|ctrl.completePicking|src/modules/darkstore/darkstore.routes.ts
GET|/api/v1/darkstore/orders/:orderId/mark-rto|admin JWT (Bearer or cookie selorg_admin_token)|ctrl.getMarkRTOStatus|src/modules/darkstore/darkstore.routes.ts
POST|/api/v1/darkstore/orders/:orderId/mark-rto|admin JWT (Bearer or cookie selorg_admin_token)|ctrl.markRTO|src/modules/darkstore/darkstore.routes.ts
PATCH|/api/v1/darkstore/orders/:orderId/start-picking|admin JWT (Bearer or cookie selorg_admin_token)|ctrl.startPicking|src/modules/darkstore/darkstore.routes.ts
GET|/api/v1/darkstore/outbound/dispatch|admin JWT (Bearer or cookie selorg_admin_token)|ctrl.getReadyForDispatchOrders|src/modules/darkstore/darkstore.routes.ts
POST|/api/v1/darkstore/outbound/dispatch/assign|admin JWT (Bearer or cookie selorg_admin_token)|ctrl.manuallyAssignRider|src/modules/darkstore/darkstore.routes.ts
POST|/api/v1/darkstore/outbound/dispatch/batch|admin JWT (Bearer or cookie selorg_admin_token)|ctrl.batchDispatchOrders|src/modules/darkstore/darkstore.routes.ts
GET|/api/v1/darkstore/outbound/ready-orders|admin JWT (Bearer or cookie selorg_admin_token)|ctrl.getReadyForDispatchOrders|src/modules/darkstore/darkstore.routes.ts
GET|/api/v1/darkstore/outbound/riders|admin JWT (Bearer or cookie selorg_admin_token)|ctrl.getActiveRiders|src/modules/darkstore/darkstore.routes.ts
GET|/api/v1/darkstore/outbound/summary|admin JWT (Bearer or cookie selorg_admin_token)|ctrl.getOutboundSummary|src/modules/darkstore/darkstore.routes.ts
GET|/api/v1/darkstore/outbound/transfers|admin JWT (Bearer or cookie selorg_admin_token)|ctrl.getOutboundTransferRequests|src/modules/darkstore/darkstore.routes.ts
POST|/api/v1/darkstore/outbound/transfers/:requestId/approve|admin JWT (Bearer or cookie selorg_admin_token)|ctrl.approveTransferRequest|src/modules/darkstore/darkstore.routes.ts
GET|/api/v1/darkstore/outbound/transfers/:requestId/fulfillment|admin JWT (Bearer or cookie selorg_admin_token)|ctrl.getTransferFulfillmentStatus|src/modules/darkstore/darkstore.routes.ts
POST|/api/v1/darkstore/outbound/transfers/:requestId/reject|admin JWT (Bearer or cookie selorg_admin_token)|ctrl.rejectTransferRequest|src/modules/darkstore/darkstore.routes.ts
GET|/api/v1/darkstore/outbound/transfers/sla-summary|admin JWT (Bearer or cookie selorg_admin_token)|ctrl.getTransferSLASummary|src/modules/darkstore/darkstore.routes.ts
GET|/api/v1/darkstore/packing/orders/:orderId|admin JWT (Bearer or cookie selorg_admin_token)|ctrl.getPackingOrderDetails|src/modules/darkstore/darkstore.routes.ts
POST|/api/v1/darkstore/packing/orders/:orderId/complete|admin JWT (Bearer or cookie selorg_admin_token)|ctrl.completePackingOrder|src/modules/darkstore/darkstore.routes.ts
POST|/api/v1/darkstore/packing/orders/:orderId/report-damaged|admin JWT (Bearer or cookie selorg_admin_token)|ctrl.reportDamagedItem|src/modules/darkstore/darkstore.routes.ts
POST|/api/v1/darkstore/packing/orders/:orderId/report-missing|admin JWT (Bearer or cookie selorg_admin_token)|ctrl.reportMissingItem|src/modules/darkstore/darkstore.routes.ts
POST|/api/v1/darkstore/packing/orders/:orderId/scan|admin JWT (Bearer or cookie selorg_admin_token)|ctrl.scanPackingItem|src/modules/darkstore/darkstore.routes.ts
GET|/api/v1/darkstore/packing/queue|admin JWT (Bearer or cookie selorg_admin_token)|ctrl.getPackQueue|src/modules/darkstore/darkstore.routes.ts
GET|/api/v1/darkstore/pick-ops|admin JWT (Bearer or cookie selorg_admin_token)|ctrl.getPicklists|src/modules/darkstore/darkstore.routes.ts
GET|/api/v1/darkstore/pickers|admin JWT (Bearer or cookie selorg_admin_token)|ctrl.getStaffRoster|src/modules/darkstore/darkstore.routes.ts
GET|/api/v1/darkstore/pickers/:id/performance|admin JWT (Bearer or cookie selorg_admin_token)|ctrl.getPickerPerformance|src/modules/darkstore/darkstore.routes.ts
GET|/api/v1/darkstore/pickers/available|admin JWT (Bearer or cookie selorg_admin_token)|ctrl.getStaffRoster|src/modules/darkstore/darkstore.routes.ts
GET|/api/v1/darkstore/pickers/live|admin JWT (Bearer or cookie selorg_admin_token)|ctrl.getStaffRoster|src/modules/darkstore/darkstore.routes.ts
GET|/api/v1/darkstore/pickers/performance/summary|admin JWT (Bearer or cookie selorg_admin_token)|ctrl.getPickerPerformanceSummary|src/modules/darkstore/darkstore.routes.ts
GET|/api/v1/darkstore/pickers/registry|admin JWT (Bearer or cookie selorg_admin_token)|ctrl.getPickerRegistry|src/modules/darkstore/darkstore.routes.ts
GET|/api/v1/darkstore/picklists|admin JWT (Bearer or cookie selorg_admin_token)|ctrl.getPicklists|src/modules/darkstore/darkstore.routes.ts
POST|/api/v1/darkstore/picklists|admin JWT (Bearer or cookie selorg_admin_token)|ctrl.createPicklist|src/modules/darkstore/darkstore.routes.ts
GET|/api/v1/darkstore/picklists/:picklistId|admin JWT (Bearer or cookie selorg_admin_token)|ctrl.getPicklistDetails|src/modules/darkstore/darkstore.routes.ts
POST|/api/v1/darkstore/picklists/:picklistId/assign|admin JWT (Bearer or cookie selorg_admin_token)|ctrl.assignPickerToPicklist|src/modules/darkstore/darkstore.routes.ts
POST|/api/v1/darkstore/picklists/:picklistId/complete|admin JWT (Bearer or cookie selorg_admin_token)|ctrl.completePicklist|src/modules/darkstore/darkstore.routes.ts
POST|/api/v1/darkstore/picklists/:picklistId/move-to-packing|admin JWT (Bearer or cookie selorg_admin_token)|ctrl.movePicklistToPacking|src/modules/darkstore/darkstore.routes.ts
POST|/api/v1/darkstore/picklists/:picklistId/pause|admin JWT (Bearer or cookie selorg_admin_token)|ctrl.pausePicklist|src/modules/darkstore/darkstore.routes.ts
POST|/api/v1/darkstore/picklists/:picklistId/progress|admin JWT (Bearer or cookie selorg_admin_token)|ctrl.updatePicklistProgress|src/modules/darkstore/darkstore.routes.ts
POST|/api/v1/darkstore/picklists/:picklistId/start|admin JWT (Bearer or cookie selorg_admin_token)|ctrl.startPicklistPicking|src/modules/darkstore/darkstore.routes.ts
GET|/api/v1/darkstore/qc/checks|admin JWT (Bearer or cookie selorg_admin_token)|ctrl.getComplianceChecks|src/modules/darkstore/darkstore.routes.ts
PUT|/api/v1/darkstore/qc/checks/:itemId|admin JWT (Bearer or cookie selorg_admin_token)|ctrl.toggleComplianceCheck|src/modules/darkstore/darkstore.routes.ts
GET|/api/v1/darkstore/qc/compliance/audit-status|admin JWT (Bearer or cookie selorg_admin_token)|ctrl.getAuditStatus|src/modules/darkstore/darkstore.routes.ts
GET|/api/v1/darkstore/qc/compliance/logs|admin JWT (Bearer or cookie selorg_admin_token)|ctrl.getComplianceLogs|src/modules/darkstore/darkstore.routes.ts
POST|/api/v1/darkstore/qc/compliance/logs|admin JWT (Bearer or cookie selorg_admin_token)|ctrl.addComplianceLog|src/modules/darkstore/darkstore.routes.ts
GET|/api/v1/darkstore/qc/docs|admin JWT (Bearer or cookie selorg_admin_token)|ctrl.getComplianceDocs|src/modules/darkstore/darkstore.routes.ts
GET|/api/v1/darkstore/qc/failures|admin JWT (Bearer or cookie selorg_admin_token)|ctrl.getQCFailures|src/modules/darkstore/darkstore.routes.ts
POST|/api/v1/darkstore/qc/failures/:failureId/resolve|admin JWT (Bearer or cookie selorg_admin_token)|ctrl.resolveQCFailure|src/modules/darkstore/darkstore.routes.ts
GET|/api/v1/darkstore/qc/history|admin JWT (Bearer or cookie selorg_admin_token)|ctrl.getAlertHistory|src/modules/darkstore/darkstore.routes.ts
GET|/api/v1/darkstore/qc/inspections|admin JWT (Bearer or cookie selorg_admin_token)|ctrl.getQCInspections|src/modules/darkstore/darkstore.routes.ts
POST|/api/v1/darkstore/qc/inspections|admin JWT (Bearer or cookie selorg_admin_token)|ctrl.createQCInspection|src/modules/darkstore/darkstore.routes.ts
GET|/api/v1/darkstore/qc/recent-failures|admin JWT (Bearer or cookie selorg_admin_token)|ctrl.getQCFailures|src/modules/darkstore/darkstore.routes.ts
GET|/api/v1/darkstore/qc/rejections|admin JWT (Bearer or cookie selorg_admin_token)|ctrl.getRejections|src/modules/darkstore/darkstore.routes.ts
POST|/api/v1/darkstore/qc/rejections|admin JWT (Bearer or cookie selorg_admin_token)|ctrl.createRejection|src/modules/darkstore/darkstore.routes.ts
GET|/api/v1/darkstore/qc/samples|admin JWT (Bearer or cookie selorg_admin_token)|ctrl.getSampleTests|src/modules/darkstore/darkstore.routes.ts
POST|/api/v1/darkstore/qc/samples|admin JWT (Bearer or cookie selorg_admin_token)|ctrl.createSampleTest|src/modules/darkstore/darkstore.routes.ts
PUT|/api/v1/darkstore/qc/samples/:sampleId|admin JWT (Bearer or cookie selorg_admin_token)|ctrl.updateSampleResult|src/modules/darkstore/darkstore.routes.ts
GET|/api/v1/darkstore/qc/summary|admin JWT (Bearer or cookie selorg_admin_token)|ctrl.getQCSummary|src/modules/darkstore/darkstore.routes.ts
GET|/api/v1/darkstore/qc/temperature|admin JWT (Bearer or cookie selorg_admin_token)|ctrl.getTemperatureLogs|src/modules/darkstore/darkstore.routes.ts
POST|/api/v1/darkstore/qc/temperature|admin JWT (Bearer or cookie selorg_admin_token)|ctrl.createTemperatureLog|src/modules/darkstore/darkstore.routes.ts
GET|/api/v1/darkstore/qc/watchlist|admin JWT (Bearer or cookie selorg_admin_token)|ctrl.getWatchlist|src/modules/darkstore/darkstore.routes.ts
POST|/api/v1/darkstore/qc/watchlist|admin JWT (Bearer or cookie selorg_admin_token)|ctrl.addWatchlistItem|src/modules/darkstore/darkstore.routes.ts
POST|/api/v1/darkstore/qc/watchlist/:sku/log-check|admin JWT (Bearer or cookie selorg_admin_token)|ctrl.logQCCheck|src/modules/darkstore/darkstore.routes.ts
GET|/api/v1/darkstore/reports/compliance|admin JWT (Bearer or cookie selorg_admin_token)|ctrl.getComplianceReport|src/modules/darkstore/darkstore.routes.ts
GET|/api/v1/darkstore/reports/export|admin JWT (Bearer or cookie selorg_admin_token)|ctrl.exportReport|src/modules/darkstore/darkstore.routes.ts
GET|/api/v1/darkstore/reports/inventory|admin JWT (Bearer or cookie selorg_admin_token)|ctrl.getInventoryReport|src/modules/darkstore/darkstore.routes.ts
GET|/api/v1/darkstore/reports/staff|admin JWT (Bearer or cookie selorg_admin_token)|ctrl.getStaffReport|src/modules/darkstore/darkstore.routes.ts
GET|/api/v1/darkstore/settings|admin JWT (Bearer or cookie selorg_admin_token)|ctrl.getSettings|src/modules/darkstore/darkstore.routes.ts
PUT|/api/v1/darkstore/settings|admin JWT (Bearer or cookie selorg_admin_token)|ctrl.updateSettings|src/modules/darkstore/darkstore.routes.ts
GET|/api/v1/darkstore/staff/absences|admin JWT (Bearer or cookie selorg_admin_token)|ctrl.getAbsences|src/modules/darkstore/darkstore.routes.ts
POST|/api/v1/darkstore/staff/absences|admin JWT (Bearer or cookie selorg_admin_token)|ctrl.logAbsence|src/modules/darkstore/darkstore.routes.ts
GET|/api/v1/darkstore/staff/performance|admin JWT (Bearer or cookie selorg_admin_token)|ctrl.getStaffPerformance|src/modules/darkstore/darkstore.routes.ts
GET|/api/v1/darkstore/staff/performance/download|admin JWT (Bearer or cookie selorg_admin_token)|ctrl.downloadStaffPerformance|src/modules/darkstore/darkstore.routes.ts
GET|/api/v1/darkstore/staff/roster|admin JWT (Bearer or cookie selorg_admin_token)|ctrl.getStaffRoster|src/modules/darkstore/darkstore.routes.ts
GET|/api/v1/darkstore/staff/shift-coverage|admin JWT (Bearer or cookie selorg_admin_token)|ctrl.getShiftCoverage|src/modules/darkstore/darkstore.routes.ts
POST|/api/v1/darkstore/staff/shifts/auto-assign-ot|admin JWT (Bearer or cookie selorg_admin_token)|ctrl.autoAssignOT|src/modules/darkstore/darkstore.routes.ts
GET|/api/v1/darkstore/staff/summary|admin JWT (Bearer or cookie selorg_admin_token)|ctrl.getStaffSummary|src/modules/darkstore/darkstore.routes.ts
GET|/api/v1/darkstore/staff/weekly-roster|admin JWT (Bearer or cookie selorg_admin_token)|ctrl.getWeeklyRoster|src/modules/darkstore/darkstore.routes.ts
POST|/api/v1/darkstore/staff/weekly-roster/publish|admin JWT (Bearer or cookie selorg_admin_token)|ctrl.publishRoster|src/modules/darkstore/darkstore.routes.ts
GET|/api/v1/darkstore/transfer-requests|admin JWT (Bearer or cookie selorg_admin_token)|ctrl.getDarkstoreWDTransferRequests|src/modules/darkstore/darkstore.routes.ts
POST|/api/v1/darkstore/transfer-requests|admin JWT (Bearer or cookie selorg_admin_token)|ctrl.createWDTransferRequest|src/modules/darkstore/darkstore.routes.ts
GET|/api/v1/darkstore/transfer-requests/:id|admin JWT (Bearer or cookie selorg_admin_token)|ctrl.getDarkstoreWDTransferRequestById|src/modules/darkstore/darkstore.routes.ts
GET|/api/v1/darkstore/transfer-requests/:id/logs|admin JWT (Bearer or cookie selorg_admin_token)|ctrl.getDarkstoreWDTransferLogs|src/modules/darkstore/darkstore.routes.ts
POST|/api/v1/darkstore/transfer-requests/:id/receive|admin JWT (Bearer or cookie selorg_admin_token)|ctrl.receiveWDTransferRequest|src/modules/darkstore/darkstore.routes.ts
GET|/api/v1/darkstore/utilities/audit-logs|admin JWT (Bearer or cookie selorg_admin_token)|ctrl.getAuditLogs|src/modules/darkstore/darkstore.routes.ts
POST|/api/v1/darkstore/utilities/audit-logs/export|admin JWT (Bearer or cookie selorg_admin_token)|ctrl.exportAuditLogs|src/modules/darkstore/darkstore.routes.ts
POST|/api/v1/darkstore/utilities/inventory/bulk-upload|admin JWT (Bearer or cookie selorg_admin_token)|ctrl.bulkUploadInventory|src/modules/darkstore/darkstore.routes.ts
GET|/api/v1/darkstore/utilities/inventory/upload-template|admin JWT (Bearer or cookie selorg_admin_token)|ctrl.downloadInventoryTemplate|src/modules/darkstore/darkstore.routes.ts
POST|/api/v1/darkstore/utilities/labels/generate|admin JWT (Bearer or cookie selorg_admin_token)|ctrl.generateLabel|src/modules/darkstore/darkstore.routes.ts
POST|/api/v1/darkstore/utilities/system/diagnostics|admin JWT (Bearer or cookie selorg_admin_token)|ctrl.runSystemDiagnostics|src/modules/darkstore/darkstore.routes.ts
GET|/api/v1/darkstore/utilities/system/status|admin JWT (Bearer or cookie selorg_admin_token)|ctrl.getSystemStatus|src/modules/darkstore/darkstore.routes.ts
POST|/api/v1/darkstore/utilities/system/sync|admin JWT (Bearer or cookie selorg_admin_token)|ctrl.forceGlobalSync|src/modules/darkstore/darkstore.routes.ts
GET|/api/v1/diag/hubs|public|(handler)|src/routes/diag-hubs.ts
POST|/api/v1/diag/normalize-rider-hub|public|(handler)|src/routes/diag-hubs.ts
GET|/api/v1/diag/order-flow|public|(handler)|src/routes/diag-order-flow.ts
GET|/api/v1/diag/resolve-hub|public|(handler)|src/routes/diag-hubs.ts
PUT|/api/v1/hhd/admin/orders/:orderId/assign|HHD JWT (protect); HHD roles: USER_ROLE.ADMIN, USER_ROLE.SUPERVISOR; zod|(handler)|src/modules/hhd/hhd.routes.ts
PUT|/api/v1/hhd/admin/picker-users/:pickerUserId/link|HHD JWT (protect); HHD roles: USER_ROLE.ADMIN|linkPickerUserToHhd|src/modules/hhd/hhd.routes.ts
POST|/api/v1/hhd/auth/logout|HHD JWT (protect)|logout|src/modules/hhd/hhd.routes.ts
GET|/api/v1/hhd/auth/me|HHD JWT (protect)|getMe|src/modules/hhd/hhd.routes.ts
POST|/api/v1/hhd/auth/refresh|public; zod|refreshSession|src/modules/hhd/hhd.routes.ts
POST|/api/v1/hhd/auth/resend-otp|public; zod|resendOTP|src/modules/hhd/hhd.routes.ts
POST|/api/v1/hhd/auth/send-otp|public; zod|sendOTP|src/modules/hhd/hhd.routes.ts
POST|/api/v1/hhd/auth/verify-otp|public; zod|verifyOTPHandler|src/modules/hhd/hhd.routes.ts
GET|/api/v1/hhd/bags/:bagId|HHD JWT (protect)|(handler)|src/modules/hhd/hhd.routes.ts
PUT|/api/v1/hhd/bags/:bagId|HHD JWT (protect)|(handler)|src/modules/hhd/hhd.routes.ts
POST|/api/v1/hhd/bags/scan|HHD JWT (protect); zod|scanBag|src/modules/hhd/hhd.routes.ts
GET|/api/v1/hhd/dashboard|HHD JWT (protect)|getDashboard|src/modules/hhd/hhd.routes.ts
GET|/api/v1/hhd/devices/current|HHD JWT (protect)|getCurrentDevice|src/modules/hhd/hhd.routes.ts
PUT|/api/v1/hhd/items/:itemId|HHD JWT (protect)|updateItem|src/modules/hhd/hhd.routes.ts
PUT|/api/v1/hhd/items/:itemId/not-found|HHD JWT (protect); zod|markItemNotFound|src/modules/hhd/hhd.routes.ts
GET|/api/v1/hhd/items/order/:orderId|HHD JWT (protect)|getOrderItems|src/modules/hhd/hhd.routes.ts
POST|/api/v1/hhd/items/scan|HHD JWT (protect); zod|scanItem|src/modules/hhd/hhd.routes.ts
GET|/api/v1/hhd/items/substitutes|HHD JWT (protect); zod|getSubstitutes|src/modules/hhd/hhd.routes.ts
GET|/api/v1/hhd/orders|HHD JWT (protect)|(handler)|src/modules/hhd/hhd.routes.ts
POST|/api/v1/hhd/orders|HHD JWT (protect)|(handler)|src/modules/hhd/hhd.routes.ts
GET|/api/v1/hhd/orders/:orderId|HHD JWT (protect)|getOrder|src/modules/hhd/hhd.routes.ts
PUT|/api/v1/hhd/orders/:orderId/accept|HHD JWT (protect)|acceptAvailableOrder|src/modules/hhd/hhd.routes.ts
PUT|/api/v1/hhd/orders/:orderId/assign|HHD JWT (protect); HHD roles: USER_ROLE.SUPERVISOR, USER_ROLE.ADMIN; zod|(handler)|src/modules/hhd/hhd.routes.ts
PUT|/api/v1/hhd/orders/:orderId/status|HHD JWT (protect); zod|(handler)|src/modules/hhd/hhd.routes.ts
GET|/api/v1/hhd/orders/:orderId/summary|HHD JWT (protect)|getOrderSummary|src/modules/hhd/hhd.routes.ts
PUT|/api/v1/hhd/orders/assignorders/:orderId/status|HHD JWT (protect); zod|(handler)|src/modules/hhd/hhd.routes.ts
GET|/api/v1/hhd/orders/assignorders/status/:status|HHD JWT (protect)|getAssignOrdersByStatus|src/modules/hhd/hhd.routes.ts
GET|/api/v1/hhd/orders/available|HHD JWT (protect)|getAvailableOrders|src/modules/hhd/hhd.routes.ts
GET|/api/v1/hhd/orders/completed|HHD JWT (protect)|getCompletedOrders|src/modules/hhd/hhd.routes.ts
GET|/api/v1/hhd/orders/current|HHD JWT (protect)|getCurrentOrder|src/modules/hhd/hhd.routes.ts
GET|/api/v1/hhd/orders/status/:status|HHD JWT (protect); zod|(handler)|src/modules/hhd/hhd.routes.ts
POST|/api/v1/hhd/photos|HHD JWT (protect)|(handler)|src/modules/hhd/hhd.routes.ts
PUT|/api/v1/hhd/photos/:photoId/verify|HHD JWT (protect)|verifyPhoto|src/modules/hhd/hhd.routes.ts
GET|/api/v1/hhd/photos/order/:orderId/bag/:bagId|HHD JWT (protect)|getPhoto|src/modules/hhd/hhd.routes.ts
POST|/api/v1/hhd/pick/report-issue|HHD JWT (protect)|reportIssue|src/modules/hhd/hhd.routes.ts
GET|/api/v1/hhd/racks/:rackCode|HHD JWT (protect)|getRack|src/modules/hhd/hhd.routes.ts
GET|/api/v1/hhd/racks/available|HHD JWT (protect)|getAvailableRacks|src/modules/hhd/hhd.routes.ts
POST|/api/v1/hhd/racks/scan|HHD JWT (protect); zod|scanRack|src/modules/hhd/hhd.routes.ts
GET|/api/v1/hhd/scanned-items/:id|HHD JWT (protect)|getScannedItem|src/modules/hhd/hhd.routes.ts
GET|/api/v1/hhd/tasks|HHD JWT (protect); zod|listTasks|src/modules/hhd/hhd.routes.ts
PUT|/api/v1/hhd/tasks/:taskId|HHD JWT (protect); zod|updateTask|src/modules/hhd/hhd.routes.ts
GET|/api/v1/hhd/users/contract|HHD JWT (protect)|getContract|src/modules/hhd/hhd.routes.ts
GET|/api/v1/hhd/users/employment|HHD JWT (protect)|getEmployment|src/modules/hhd/hhd.routes.ts
POST|/api/v1/hhd/users/heartbeat|HHD JWT (protect); zod|postHeartbeat|src/modules/hhd/hhd.routes.ts
GET|/api/v1/hhd/users/linked-picker-profile|HHD JWT (protect)|getLinkedPickerProfile|src/modules/hhd/hhd.routes.ts
GET|/api/v1/hhd/users/profile|HHD JWT (protect)|(handler)|src/modules/hhd/hhd.routes.ts
PUT|/api/v1/hhd/users/profile|HHD JWT (protect)|(handler)|src/modules/hhd/hhd.routes.ts
GET|/api/v1/logistics/admin/analytics/cost-per-route|admin JWT (Bearer or cookie selorg_admin_token); roles: admin, super_admin|(handler)|src/modules/logistics/logistics.routes.ts
GET|/api/v1/logistics/admin/analytics/kpis|admin JWT (Bearer or cookie selorg_admin_token); roles: admin, super_admin|adminCtrl.kpis|src/modules/logistics/logistics.routes.ts
GET|/api/v1/logistics/admin/analytics/sla-breaches|admin JWT (Bearer or cookie selorg_admin_token); roles: admin, super_admin|adminCtrl.slaBreaches|src/modules/logistics/logistics.routes.ts
GET|/api/v1/logistics/admin/providers|admin JWT (Bearer or cookie selorg_admin_token); roles: admin, super_admin|adminCtrl.listProviders|src/modules/logistics/logistics.routes.ts
PATCH|/api/v1/logistics/admin/providers/:id|admin JWT (Bearer or cookie selorg_admin_token); roles: admin, super_admin|(handler)|src/modules/logistics/logistics.routes.ts
POST|/api/v1/logistics/admin/providers/:id/reorder|admin JWT (Bearer or cookie selorg_admin_token); roles: admin, super_admin|(handler)|src/modules/logistics/logistics.routes.ts
POST|/api/v1/logistics/estimate|admin JWT (Bearer or cookie selorg_admin_token)|estimate|src/modules/logistics/logistics.routes.ts
GET|/api/v1/logistics/health|public|(handler)|src/modules/logistics/logistics.routes.ts
GET|/api/v1/logistics/orders|admin JWT (Bearer or cookie selorg_admin_token)|ordersCtrl.listOrders|src/modules/logistics/logistics.routes.ts
POST|/api/v1/logistics/orders|admin JWT (Bearer or cookie selorg_admin_token)|ordersCtrl.createOrder|src/modules/logistics/logistics.routes.ts
GET|/api/v1/logistics/orders/:id|admin JWT (Bearer or cookie selorg_admin_token)|ordersCtrl.getOrder|src/modules/logistics/logistics.routes.ts
POST|/api/v1/logistics/orders/:id/cancel|admin JWT (Bearer or cookie selorg_admin_token)|ordersCtrl.cancelOrder|src/modules/logistics/logistics.routes.ts
PATCH|/api/v1/logistics/orders/:id/status|admin JWT (Bearer or cookie selorg_admin_token)|ordersCtrl.updateStatus|src/modules/logistics/logistics.routes.ts
GET|/api/v1/logistics/orders/:id/tracking|admin JWT (Bearer or cookie selorg_admin_token)|ordersCtrl.getTracking|src/modules/logistics/logistics.routes.ts
POST|/api/v1/logistics/webhooks/porter|public|ingestPorter|src/modules/logistics/logistics.routes.ts
GET|/api/v1/merch/alerts|admin JWT (Bearer or cookie selorg_admin_token); roles: merch, admin, super_admin|ctrl.getAlerts|src/modules/merch/merch.routes.ts
PUT|/api/v1/merch/alerts/:id|admin JWT (Bearer or cookie selorg_admin_token); roles: merch, admin, super_admin|ctrl.updateAlert|src/modules/merch/merch.routes.ts
PUT|/api/v1/merch/alerts/bulk-update|admin JWT (Bearer or cookie selorg_admin_token); roles: merch, admin, super_admin|ctrl.bulkUpdateAlerts|src/modules/merch/merch.routes.ts
POST|/api/v1/merch/alerts/clear-resolved|admin JWT (Bearer or cookie selorg_admin_token); roles: merch, admin, super_admin|ctrl.clearResolvedAlerts|src/modules/merch/merch.routes.ts
GET|/api/v1/merch/allocation|admin JWT (Bearer or cookie selorg_admin_token); roles: merch, admin, super_admin|ctrl.getAllocations|src/modules/merch/merch.routes.ts
GET|/api/v1/merch/allocation/alerts|admin JWT (Bearer or cookie selorg_admin_token); roles: merch, admin, super_admin|ctrl.getAllocationAlerts|src/modules/merch/merch.routes.ts
POST|/api/v1/merch/allocation/alerts|admin JWT (Bearer or cookie selorg_admin_token); roles: merch, admin, super_admin|ctrl.createAllocationAlert|src/modules/merch/merch.routes.ts
PUT|/api/v1/merch/allocation/alerts/:id|admin JWT (Bearer or cookie selorg_admin_token); roles: merch, admin, super_admin|ctrl.updateAllocationAlertStatus|src/modules/merch/merch.routes.ts
GET|/api/v1/merch/allocation/references/locations|admin JWT (Bearer or cookie selorg_admin_token); roles: merch, admin, super_admin|ctrl.getAllocationLocations|src/modules/merch/merch.routes.ts
GET|/api/v1/merch/allocation/sku/:skuId/history|admin JWT (Bearer or cookie selorg_admin_token); roles: merch, admin, super_admin|ctrl.getAllocationHistory|src/modules/merch/merch.routes.ts
GET|/api/v1/merch/analytics/campaign/:entityId|admin JWT (Bearer or cookie selorg_admin_token); roles: merch, admin, super_admin|ctrl.getCampaignAnalytics|src/modules/merch/merch.routes.ts
POST|/api/v1/merch/analytics/records|admin JWT (Bearer or cookie selorg_admin_token); roles: merch, admin, super_admin|ctrl.createAnalyticsRecord|src/modules/merch/merch.routes.ts
GET|/api/v1/merch/analytics/summary|admin JWT (Bearer or cookie selorg_admin_token); roles: merch, admin, super_admin|ctrl.getAnalyticsSummary|src/modules/merch/merch.routes.ts
GET|/api/v1/merch/campaigns|admin JWT (Bearer or cookie selorg_admin_token); roles: merch, admin, super_admin|ctrl.getCampaigns|src/modules/merch/merch.routes.ts
POST|/api/v1/merch/campaigns|admin JWT (Bearer or cookie selorg_admin_token); roles: merch, admin, super_admin|ctrl.createCampaign|src/modules/merch/merch.routes.ts
DELETE|/api/v1/merch/campaigns/:id|admin JWT (Bearer or cookie selorg_admin_token); roles: merch, admin, super_admin|ctrl.deleteCampaign|src/modules/merch/merch.routes.ts
GET|/api/v1/merch/campaigns/:id|admin JWT (Bearer or cookie selorg_admin_token); roles: merch, admin, super_admin|ctrl.getCampaign|src/modules/merch/merch.routes.ts
PUT|/api/v1/merch/campaigns/:id|admin JWT (Bearer or cookie selorg_admin_token); roles: merch, admin, super_admin|ctrl.updateCampaign|src/modules/merch/merch.routes.ts
GET|/api/v1/merch/catalog/collections|admin JWT (Bearer or cookie selorg_admin_token); roles: merch, admin, super_admin|ctrl.getCollections|src/modules/merch/merch.routes.ts
POST|/api/v1/merch/catalog/collections|admin JWT (Bearer or cookie selorg_admin_token); roles: merch, admin, super_admin|ctrl.createCollection|src/modules/merch/merch.routes.ts
DELETE|/api/v1/merch/catalog/collections/:id|admin JWT (Bearer or cookie selorg_admin_token); roles: merch, admin, super_admin|ctrl.deleteCollection|src/modules/merch/merch.routes.ts
PUT|/api/v1/merch/catalog/collections/:id|admin JWT (Bearer or cookie selorg_admin_token); roles: merch, admin, super_admin|ctrl.updateCollection|src/modules/merch/merch.routes.ts
GET|/api/v1/merch/catalog/skus|admin JWT (Bearer or cookie selorg_admin_token); roles: merch, admin, super_admin|ctrl.getSKUs|src/modules/merch/merch.routes.ts
POST|/api/v1/merch/catalog/skus|admin JWT (Bearer or cookie selorg_admin_token); roles: merch, admin, super_admin|ctrl.createSKU|src/modules/merch/merch.routes.ts
DELETE|/api/v1/merch/catalog/skus/:id|admin JWT (Bearer or cookie selorg_admin_token); roles: merch, admin, super_admin|ctrl.deleteSKU|src/modules/merch/merch.routes.ts
PUT|/api/v1/merch/catalog/skus/:id|admin JWT (Bearer or cookie selorg_admin_token); roles: merch, admin, super_admin|ctrl.updateSKU|src/modules/merch/merch.routes.ts
PATCH|/api/v1/merch/catalog/skus/:id/visibility|admin JWT (Bearer or cookie selorg_admin_token); roles: merch, admin, super_admin|ctrl.patchSKUVisibility|src/modules/merch/merch.routes.ts
GET|/api/v1/merch/citywide/dispatch|admin JWT (Bearer or cookie selorg_admin_token); roles: merch, admin, super_admin|ctrl.getDispatch|src/modules/merch/merch.routes.ts
PATCH|/api/v1/merch/citywide/dispatch|admin JWT (Bearer or cookie selorg_admin_token); roles: merch, admin, super_admin|ctrl.updateDispatch|src/modules/merch/merch.routes.ts
GET|/api/v1/merch/citywide/dispatch/logs|admin JWT (Bearer or cookie selorg_admin_token); roles: merch, admin, super_admin|ctrl.getDispatchLogs|src/modules/merch/merch.routes.ts
POST|/api/v1/merch/citywide/dispatch/manual-override|admin JWT (Bearer or cookie selorg_admin_token); roles: merch, admin, super_admin|ctrl.manualOverrideDispatch|src/modules/merch/merch.routes.ts
POST|/api/v1/merch/citywide/dispatch/restart|admin JWT (Bearer or cookie selorg_admin_token); roles: merch, admin, super_admin|ctrl.restartDispatch|src/modules/merch/merch.routes.ts
GET|/api/v1/merch/citywide/exceptions|admin JWT (Bearer or cookie selorg_admin_token); roles: merch, admin, super_admin|ctrl.getExceptions|src/modules/merch/merch.routes.ts
POST|/api/v1/merch/citywide/exceptions/:id/resolve|admin JWT (Bearer or cookie selorg_admin_token); roles: merch, admin, super_admin|ctrl.resolveException|src/modules/merch/merch.routes.ts
GET|/api/v1/merch/citywide/incidents|admin JWT (Bearer or cookie selorg_admin_token); roles: merch, admin, super_admin|ctrl.getIncidents|src/modules/merch/merch.routes.ts
GET|/api/v1/merch/citywide/incidents/:id|admin JWT (Bearer or cookie selorg_admin_token); roles: merch, admin, super_admin|ctrl.getIncidentById|src/modules/merch/merch.routes.ts
PATCH|/api/v1/merch/citywide/incidents/:id|admin JWT (Bearer or cookie selorg_admin_token); roles: merch, admin, super_admin|ctrl.updateIncident|src/modules/merch/merch.routes.ts
GET|/api/v1/merch/citywide/integration-health|admin JWT (Bearer or cookie selorg_admin_token); roles: merch, admin, super_admin|ctrl.getIntegrationHealth|src/modules/merch/merch.routes.ts
GET|/api/v1/merch/citywide/live-metrics|admin JWT (Bearer or cookie selorg_admin_token); roles: merch, admin, super_admin|ctrl.getLiveMetrics|src/modules/merch/merch.routes.ts
GET|/api/v1/merch/citywide/sla|admin JWT (Bearer or cookie selorg_admin_token); roles: merch, admin, super_admin|ctrl.getSla|src/modules/merch/merch.routes.ts
DELETE|/api/v1/merch/citywide/surge|admin JWT (Bearer or cookie selorg_admin_token); roles: merch, admin, super_admin|ctrl.endSurge|src/modules/merch/merch.routes.ts
GET|/api/v1/merch/citywide/surge|admin JWT (Bearer or cookie selorg_admin_token); roles: merch, admin, super_admin|ctrl.getSurge|src/modules/merch/merch.routes.ts
PUT|/api/v1/merch/citywide/surge|admin JWT (Bearer or cookie selorg_admin_token); roles: merch, admin, super_admin|ctrl.updateSurge|src/modules/merch/merch.routes.ts
POST|/api/v1/merch/citywide/surge/actions|admin JWT (Bearer or cookie selorg_admin_token); roles: merch, admin, super_admin|ctrl.executeSurgeAction|src/modules/merch/merch.routes.ts
GET|/api/v1/merch/citywide/zones|admin JWT (Bearer or cookie selorg_admin_token); roles: merch, admin, super_admin|ctrl.getCitywideZones|src/modules/merch/merch.routes.ts
GET|/api/v1/merch/citywide/zones/:id|admin JWT (Bearer or cookie selorg_admin_token); roles: merch, admin, super_admin|ctrl.getZoneDetail|src/modules/merch/merch.routes.ts
POST|/api/v1/merch/citywide/zones/:id/request-riders|admin JWT (Bearer or cookie selorg_admin_token); roles: merch, admin, super_admin|ctrl.requestZoneRiders|src/modules/merch/merch.routes.ts
GET|/api/v1/merch/citywide/zones/:id/trend|admin JWT (Bearer or cookie selorg_admin_token); roles: merch, admin, super_admin|ctrl.getZoneOrderTrend|src/modules/merch/merch.routes.ts
GET|/api/v1/merch/compliance/approvals|admin JWT (Bearer or cookie selorg_admin_token); roles: merch, admin, super_admin|ctrl.getApprovals|src/modules/merch/merch.routes.ts
PUT|/api/v1/merch/compliance/approvals/:id|admin JWT (Bearer or cookie selorg_admin_token); roles: merch, admin, super_admin|ctrl.updateApprovalStatus|src/modules/merch/merch.routes.ts
POST|/api/v1/merch/compliance/approvals/bulk|admin JWT (Bearer or cookie selorg_admin_token); roles: merch, admin, super_admin|ctrl.bulkUpdateApprovals|src/modules/merch/merch.routes.ts
GET|/api/v1/merch/compliance/audits|admin JWT (Bearer or cookie selorg_admin_token); roles: merch, admin, super_admin|ctrl.getAudits|src/modules/merch/merch.routes.ts
GET|/api/v1/merch/compliance/summary|admin JWT (Bearer or cookie selorg_admin_token); roles: merch, admin, super_admin|ctrl.getComplianceSummary|src/modules/merch/merch.routes.ts
GET|/api/v1/merch/geofence/history|admin JWT (Bearer or cookie selorg_admin_token); roles: merch, admin, super_admin|ctrl.getGeofenceHistory|src/modules/merch/merch.routes.ts
GET|/api/v1/merch/geofence/overlaps|admin JWT (Bearer or cookie selorg_admin_token); roles: merch, admin, super_admin|ctrl.getOverlaps|src/modules/merch/merch.routes.ts
GET|/api/v1/merch/geofence/promo-heatmap|admin JWT (Bearer or cookie selorg_admin_token); roles: merch, admin, super_admin|ctrl.getPromoHeatmap|src/modules/merch/merch.routes.ts
GET|/api/v1/merch/geofence/stats|admin JWT (Bearer or cookie selorg_admin_token); roles: merch, admin, super_admin|ctrl.getGeofenceStats|src/modules/merch/merch.routes.ts
GET|/api/v1/merch/geofence/stores|admin JWT (Bearer or cookie selorg_admin_token); roles: merch, admin, super_admin|ctrl.getGeofenceStores|src/modules/merch/merch.routes.ts
PUT|/api/v1/merch/geofence/stores/:id|admin JWT (Bearer or cookie selorg_admin_token); roles: merch, admin, super_admin|ctrl.updateGeofenceStore|src/modules/merch/merch.routes.ts
GET|/api/v1/merch/geofence/zones|admin JWT (Bearer or cookie selorg_admin_token); roles: merch, admin, super_admin|ctrl.getZones|src/modules/merch/merch.routes.ts
POST|/api/v1/merch/geofence/zones|admin JWT (Bearer or cookie selorg_admin_token); roles: merch, admin, super_admin|ctrl.createZone|src/modules/merch/merch.routes.ts
DELETE|/api/v1/merch/geofence/zones/:id|admin JWT (Bearer or cookie selorg_admin_token); roles: merch, admin, super_admin|ctrl.deleteZone|src/modules/merch/merch.routes.ts
GET|/api/v1/merch/geofence/zones/:id|admin JWT (Bearer or cookie selorg_admin_token); roles: merch, admin, super_admin|ctrl.getZoneById|src/modules/merch/merch.routes.ts
PATCH|/api/v1/merch/geofence/zones/:id|admin JWT (Bearer or cookie selorg_admin_token); roles: merch, admin, super_admin|ctrl.toggleZoneStatus|src/modules/merch/merch.routes.ts
PUT|/api/v1/merch/geofence/zones/:id|admin JWT (Bearer or cookie selorg_admin_token); roles: merch, admin, super_admin|ctrl.updateZone|src/modules/merch/merch.routes.ts
GET|/api/v1/merch/health|public|(handler)|src/modules/merch/merch.routes.ts
GET|/api/v1/merch/overview/conflicts|admin JWT (Bearer or cookie selorg_admin_token); roles: merch, admin, super_admin|ctrl.getStockConflicts|src/modules/merch/merch.routes.ts
POST|/api/v1/merch/overview/conflicts|admin JWT (Bearer or cookie selorg_admin_token); roles: merch, admin, super_admin|ctrl.createStockConflict|src/modules/merch/merch.routes.ts
GET|/api/v1/merch/overview/performance-report|admin JWT (Bearer or cookie selorg_admin_token); roles: merch, admin, super_admin|ctrl.getPerformanceReport|src/modules/merch/merch.routes.ts
GET|/api/v1/merch/overview/price-changes|admin JWT (Bearer or cookie selorg_admin_token); roles: merch, admin, super_admin|ctrl.getPriceChanges|src/modules/merch/merch.routes.ts
POST|/api/v1/merch/overview/price-changes|admin JWT (Bearer or cookie selorg_admin_token); roles: merch, admin, super_admin|ctrl.createPriceChange|src/modules/merch/merch.routes.ts
GET|/api/v1/merch/overview/stats|admin JWT (Bearer or cookie selorg_admin_token); roles: merch, admin, super_admin|ctrl.getMerchStats|src/modules/merch/merch.routes.ts
GET|/api/v1/merch/overview/uplift|admin JWT (Bearer or cookie selorg_admin_token); roles: merch, admin, super_admin|ctrl.getPromoUplift|src/modules/merch/merch.routes.ts
POST|/api/v1/merch/overview/uplift|admin JWT (Bearer or cookie selorg_admin_token); roles: merch, admin, super_admin|ctrl.createPromoUplift|src/modules/merch/merch.routes.ts
GET|/api/v1/merch/pricing/bundles|admin JWT (Bearer or cookie selorg_admin_token); roles: merch, admin, super_admin|ctrl.getBundles|src/modules/merch/merch.routes.ts
POST|/api/v1/merch/pricing/bundles|admin JWT (Bearer or cookie selorg_admin_token); roles: merch, admin, super_admin|ctrl.createBundle|src/modules/merch/merch.routes.ts
DELETE|/api/v1/merch/pricing/bundles/:id|admin JWT (Bearer or cookie selorg_admin_token); roles: merch, admin, super_admin|ctrl.deleteBundle|src/modules/merch/merch.routes.ts
PUT|/api/v1/merch/pricing/bundles/:id|admin JWT (Bearer or cookie selorg_admin_token); roles: merch, admin, super_admin|ctrl.updateBundle|src/modules/merch/merch.routes.ts
GET|/api/v1/merch/pricing/coupons|admin JWT (Bearer or cookie selorg_admin_token); roles: merch, admin, super_admin|ctrl.getCoupons|src/modules/merch/merch.routes.ts
POST|/api/v1/merch/pricing/coupons|admin JWT (Bearer or cookie selorg_admin_token); roles: merch, admin, super_admin|ctrl.createCoupon|src/modules/merch/merch.routes.ts
DELETE|/api/v1/merch/pricing/coupons/:id|admin JWT (Bearer or cookie selorg_admin_token); roles: merch, admin, super_admin|ctrl.deleteCoupon|src/modules/merch/merch.routes.ts
PUT|/api/v1/merch/pricing/coupons/:id|admin JWT (Bearer or cookie selorg_admin_token); roles: merch, admin, super_admin|ctrl.updateCoupon|src/modules/merch/merch.routes.ts
POST|/api/v1/merch/pricing/coupons/generate-code|admin JWT (Bearer or cookie selorg_admin_token); roles: merch, admin, super_admin|ctrl.generateCouponCode|src/modules/merch/merch.routes.ts
GET|/api/v1/merch/pricing/discount-campaigns|admin JWT (Bearer or cookie selorg_admin_token); roles: merch, admin, super_admin|ctrl.getDiscountCampaigns|src/modules/merch/merch.routes.ts
POST|/api/v1/merch/pricing/discount-campaigns|admin JWT (Bearer or cookie selorg_admin_token); roles: merch, admin, super_admin|ctrl.createDiscountCampaign|src/modules/merch/merch.routes.ts
DELETE|/api/v1/merch/pricing/discount-campaigns/:id|admin JWT (Bearer or cookie selorg_admin_token); roles: merch, admin, super_admin|ctrl.deleteDiscountCampaign|src/modules/merch/merch.routes.ts
PUT|/api/v1/merch/pricing/discount-campaigns/:id|admin JWT (Bearer or cookie selorg_admin_token); roles: merch, admin, super_admin|ctrl.updateDiscountCampaign|src/modules/merch/merch.routes.ts
GET|/api/v1/merch/pricing/flash-sales|admin JWT (Bearer or cookie selorg_admin_token); roles: merch, admin, super_admin|ctrl.getFlashSales|src/modules/merch/merch.routes.ts
POST|/api/v1/merch/pricing/flash-sales|admin JWT (Bearer or cookie selorg_admin_token); roles: merch, admin, super_admin|ctrl.createFlashSale|src/modules/merch/merch.routes.ts
DELETE|/api/v1/merch/pricing/flash-sales/:id|admin JWT (Bearer or cookie selorg_admin_token); roles: merch, admin, super_admin|ctrl.deleteFlashSale|src/modules/merch/merch.routes.ts
PUT|/api/v1/merch/pricing/flash-sales/:id|admin JWT (Bearer or cookie selorg_admin_token); roles: merch, admin, super_admin|ctrl.updateFlashSale|src/modules/merch/merch.routes.ts
GET|/api/v1/merch/pricing/pending-updates|admin JWT (Bearer or cookie selorg_admin_token); roles: merch, admin, super_admin|ctrl.getPendingPriceUpdates|src/modules/merch/merch.routes.ts
POST|/api/v1/merch/pricing/pending-updates/:id/handle|admin JWT (Bearer or cookie selorg_admin_token); roles: merch, admin, super_admin|ctrl.handlePendingUpdate|src/modules/merch/merch.routes.ts
GET|/api/v1/merch/pricing/price-rules|admin JWT (Bearer or cookie selorg_admin_token); roles: merch, admin, super_admin|ctrl.getPriceRules|src/modules/merch/merch.routes.ts
POST|/api/v1/merch/pricing/price-rules|admin JWT (Bearer or cookie selorg_admin_token); roles: merch, admin, super_admin|ctrl.createPriceRule|src/modules/merch/merch.routes.ts
GET|/api/v1/merch/pricing/skus|admin JWT (Bearer or cookie selorg_admin_token); roles: merch, admin, super_admin|ctrl.getSKUsForPricing|src/modules/merch/merch.routes.ts
PATCH|/api/v1/merch/pricing/skus/:id/price|admin JWT (Bearer or cookie selorg_admin_token); roles: merch, admin, super_admin|ctrl.updateSKUPrice|src/modules/merch/merch.routes.ts
PATCH|/api/v1/merch/pricing/skus/bulk-price|admin JWT (Bearer or cookie selorg_admin_token); roles: merch, admin, super_admin|ctrl.bulkUpdateSKUPrices|src/modules/merch/merch.routes.ts
GET|/api/v1/merch/pricing/stats|admin JWT (Bearer or cookie selorg_admin_token); roles: merch, admin, super_admin|ctrl.getPricingStats|src/modules/merch/merch.routes.ts
GET|/api/v1/merch/pricing/surge-config|admin JWT (Bearer or cookie selorg_admin_token); roles: merch, admin, super_admin|ctrl.getSurgeConfig|src/modules/merch/merch.routes.ts
PUT|/api/v1/merch/pricing/surge-config|admin JWT (Bearer or cookie selorg_admin_token); roles: merch, admin, super_admin|ctrl.updateSurgeConfig|src/modules/merch/merch.routes.ts
GET|/api/v1/merch/pricing/surge-rules|admin JWT (Bearer or cookie selorg_admin_token); roles: merch, admin, super_admin|ctrl.getSurgeRules|src/modules/merch/merch.routes.ts
POST|/api/v1/merch/pricing/surge-rules|admin JWT (Bearer or cookie selorg_admin_token); roles: merch, admin, super_admin|ctrl.createSurgeRule|src/modules/merch/merch.routes.ts
DELETE|/api/v1/merch/pricing/surge-rules/:id|admin JWT (Bearer or cookie selorg_admin_token); roles: merch, admin, super_admin|ctrl.deleteSurgeRule|src/modules/merch/merch.routes.ts
PUT|/api/v1/merch/pricing/surge-rules/:id|admin JWT (Bearer or cookie selorg_admin_token); roles: merch, admin, super_admin|ctrl.updateSurgeRule|src/modules/merch/merch.routes.ts
POST|/api/v1/picker/account/delete-request|picker JWT (Bearer); zod|ctrl.requestAccountDeletion|src/modules/picker/picker.routes.ts
POST|/api/v1/picker/approval/verify-location-otp|picker JWT (Bearer)|ctrl.verifyLocationOtp|src/modules/picker/picker.routes.ts
GET|/api/v1/picker/attendance|picker JWT (Bearer); zod|ctrl.getAttendance|src/modules/picker/picker.routes.ts
POST|/api/v1/picker/attendance/punch-in|public; active picker required|ctrl.punchIn|src/modules/picker/picker.routes.ts
POST|/api/v1/picker/attendance/punch-out|public; active picker required|ctrl.punchOut|src/modules/picker/picker.routes.ts
GET|/api/v1/picker/attendance/stats|picker JWT (Bearer); zod|ctrl.getAttendanceStats|src/modules/picker/picker.routes.ts
GET|/api/v1/picker/attendance/summary|picker JWT (Bearer); zod|ctrl.getAttendanceSummary|src/modules/picker/picker.routes.ts
POST|/api/v1/picker/auth/logout|picker JWT (Bearer)|ctrl.logout|src/modules/picker/picker.routes.ts
POST|/api/v1/picker/auth/refresh|picker JWT (Bearer)|ctrl.refreshToken|src/modules/picker/picker.routes.ts
POST|/api/v1/picker/auth/resend-otp|public; zod|ctrl.resendOtp|src/modules/picker/picker.routes.ts
POST|/api/v1/picker/auth/resend-otp-email|public; zod|ctrl.resendOtpEmail|src/modules/picker/picker.routes.ts
POST|/api/v1/picker/auth/send-otp|public; zod|ctrl.sendOtp|src/modules/picker/picker.routes.ts
POST|/api/v1/picker/auth/send-otp-email|public; zod|ctrl.sendOtpEmail|src/modules/picker/picker.routes.ts
POST|/api/v1/picker/auth/verify-otp|public; zod|ctrl.verifyOtp|src/modules/picker/picker.routes.ts
POST|/api/v1/picker/auth/verify-otp-email|public; zod|ctrl.verifyOtpEmail|src/modules/picker/picker.routes.ts
GET|/api/v1/picker/bank-accounts|picker JWT (Bearer)|ctrl.listBankAccounts|src/modules/picker/picker.routes.ts
POST|/api/v1/picker/bank-accounts|picker JWT (Bearer)|ctrl.addBankAccount|src/modules/picker/picker.routes.ts
GET|/api/v1/picker/bank/accounts|picker JWT (Bearer)|ctrl.listBankAccounts|src/modules/picker/picker.routes.ts
POST|/api/v1/picker/bank/accounts|picker JWT (Bearer); zod|ctrl.addBankAccount|src/modules/picker/picker.routes.ts
PUT|/api/v1/picker/bank/accounts/:accountId|picker JWT (Bearer)|ctrl.updateBankAccount|src/modules/picker/picker.routes.ts
POST|/api/v1/picker/bank/accounts/:accountId/delete|picker JWT (Bearer)|ctrl.deleteBankAccount|src/modules/picker/picker.routes.ts
PUT|/api/v1/picker/bank/accounts/:accountId/set-default|picker JWT (Bearer)|ctrl.setBankAccountDefault|src/modules/picker/picker.routes.ts
POST|/api/v1/picker/bank/verify|picker JWT (Bearer); zod|ctrl.verifyBankAccount|src/modules/picker/picker.routes.ts
POST|/api/v1/picker/bulk/bag/load|public; active picker required; zod|ctrl.loadBulkBag|src/modules/picker/picker.routes.ts
GET|/api/v1/picker/bulk/batch|public; active picker required; zod|ctrl.getBulkBatch|src/modules/picker/picker.routes.ts
GET|/api/v1/picker/bulk/batches|public; active picker required; zod|ctrl.listBulkBatches|src/modules/picker/picker.routes.ts
GET|/api/v1/picker/bulk/batches/:batchId|public; active picker required; zod|ctrl.getBulkBatchDetail|src/modules/picker/picker.routes.ts
POST|/api/v1/picker/bulk/start|public; active picker required; zod|ctrl.startBulkBatch|src/modules/picker/picker.routes.ts
POST|/api/v1/picker/bulk/stops/:stopId/arrive|public; active picker required; zod|ctrl.arriveBulkStop|src/modules/picker/picker.routes.ts
POST|/api/v1/picker/bulk/stops/:stopId/deliver|public; active picker required; zod|ctrl.deliverBulkStop|src/modules/picker/picker.routes.ts
POST|/api/v1/picker/bulk/stops/:stopId/fail|public; active picker required; zod|ctrl.failBulkStop|src/modules/picker/picker.routes.ts
POST|/api/v1/picker/bulk/stops/:stopId/proof-photo|public; active picker required; zod|ctrl.uploadBulkStopPhoto|src/modules/picker/picker.routes.ts
POST|/api/v1/picker/cash/deposits|public; active picker required; zod|ctrl.recordCashDeposit|src/modules/picker/picker.routes.ts
GET|/api/v1/picker/cash/summary|public; active picker required|ctrl.getCashSummary|src/modules/picker/picker.routes.ts
GET|/api/v1/picker/cash/transactions|public; active picker required; zod|ctrl.listCashTransactions|src/modules/picker/picker.routes.ts
GET|/api/v1/picker/config|public; zod|ctrl.getPublicConfig|src/modules/picker/picker.routes.ts
GET|/api/v1/picker/config/cancel-reasons|picker JWT (Bearer); zod|ctrl.getCancelReasons|src/modules/picker/picker.routes.ts
POST|/api/v1/picker/dark-store-login|picker JWT (Bearer)|ctrl.registerAtDarkStore|src/modules/picker/picker.routes.ts
GET|/api/v1/picker/dashboard/today|public; active picker required; zod|ctrl.getDashboardToday|src/modules/picker/picker.routes.ts
GET|/api/v1/picker/devices/assigned|picker JWT (Bearer)|ctrl.getAssignedDevice|src/modules/picker/picker.routes.ts
POST|/api/v1/picker/devices/collection-complete|picker JWT (Bearer)|ctrl.acknowledgeDeviceCollection|src/modules/picker/picker.routes.ts
POST|/api/v1/picker/devices/return|picker JWT (Bearer)|ctrl.returnDevice|src/modules/picker/picker.routes.ts
POST|/api/v1/picker/devices/upload-condition-photo|picker JWT (Bearer)|ctrl.uploadDeviceConditionPhoto|src/modules/picker/picker.routes.ts
POST|/api/v1/picker/didit/session|picker JWT (Bearer)|ctrl.createDiditSession|src/modules/picker/picker.routes.ts
GET|/api/v1/picker/didit/status|picker JWT (Bearer)|ctrl.getDiditStatus|src/modules/picker/picker.routes.ts
POST|/api/v1/picker/didit/webhook|public|ctrl.handleDiditWebhook|src/modules/picker/picker.routes.ts
GET|/api/v1/picker/documents|picker JWT (Bearer)|ctrl.listDocuments|src/modules/picker/picker.routes.ts
POST|/api/v1/picker/documents|picker JWT (Bearer); zod|ctrl.uploadDocument|src/modules/picker/picker.routes.ts
POST|/api/v1/picker/documents/upload|picker JWT (Bearer)|ctrl.uploadDocument|src/modules/picker/picker.routes.ts
GET|/api/v1/picker/faq|public; zod|ctrl.listFAQ|src/modules/picker/picker.routes.ts
POST|/api/v1/picker/heartbeat|picker JWT (Bearer)|ctrl.postHeartbeat|src/modules/picker/picker.routes.ts
GET|/api/v1/picker/home/summary|picker JWT (Bearer); zod|ctrl.getHomeSummary|src/modules/picker/picker.routes.ts
GET|/api/v1/picker/incentives/today|public; active picker required; zod|ctrl.getIncentivesToday|src/modules/picker/picker.routes.ts
POST|/api/v1/picker/issues|picker JWT (Bearer); zod|ctrl.reportIssue|src/modules/picker/picker.routes.ts
GET|/api/v1/picker/legal/config|public|ctrl.getLegalConfig|src/modules/picker/picker.routes.ts
GET|/api/v1/picker/legal/privacy|public; zod|ctrl.getLegalPrivacy|src/modules/picker/picker.routes.ts
GET|/api/v1/picker/legal/terms|public; zod|ctrl.getLegalTerms|src/modules/picker/picker.routes.ts
GET|/api/v1/picker/locations|picker JWT (Bearer)|ctrl.getLocations|src/modules/picker/picker.routes.ts
GET|/api/v1/picker/locations/:locationId|picker JWT (Bearer)|ctrl.getLocationById|src/modules/picker/picker.routes.ts
GET|/api/v1/picker/locations/current|picker JWT (Bearer)|ctrl.getCurrentLocation|src/modules/picker/picker.routes.ts
POST|/api/v1/picker/locations/ensure-darkstore-verification|picker JWT (Bearer)|ctrl.ensureDarkstoreVerification|src/modules/picker/picker.routes.ts
POST|/api/v1/picker/locations/nearest|picker JWT (Bearer)|ctrl.getNearestLocation|src/modules/picker/picker.routes.ts
POST|/api/v1/picker/locations/save-darkstore-gps|picker JWT (Bearer)|ctrl.saveDarkstoreGps|src/modules/picker/picker.routes.ts
POST|/api/v1/picker/locations/set|picker JWT (Bearer)|ctrl.setUserLocation|src/modules/picker/picker.routes.ts
POST|/api/v1/picker/locations/set-darkstore-from-current|picker JWT (Bearer)|ctrl.setDarkstoreFromCurrentLocation|src/modules/picker/picker.routes.ts
POST|/api/v1/picker/locations/track|picker JWT (Bearer); zod|ctrl.trackUserLocation|src/modules/picker/picker.routes.ts
POST|/api/v1/picker/locations/validate|picker JWT (Bearer)|ctrl.validateLocation|src/modules/picker/picker.routes.ts
POST|/api/v1/picker/manager/request-otp|picker JWT (Bearer)|ctrl.requestManagerOtp|src/modules/picker/picker.routes.ts
POST|/api/v1/picker/manager/verify-otp|picker JWT (Bearer); zod|ctrl.verifyManagerOtp|src/modules/picker/picker.routes.ts
GET|/api/v1/picker/notifications|picker JWT (Bearer)|ctrl.getNotifications|src/modules/picker/picker.routes.ts
PUT|/api/v1/picker/notifications/:notificationId/read|picker JWT (Bearer)|ctrl.markNotificationRead|src/modules/picker/picker.routes.ts
PUT|/api/v1/picker/notifications/read-all|picker JWT (Bearer)|ctrl.markAllNotificationsRead|src/modules/picker/picker.routes.ts
POST|/api/v1/picker/onboarding/kit-ack|picker JWT (Bearer); zod|ctrl.acknowledgeKit|src/modules/picker/picker.routes.ts
GET|/api/v1/picker/onboarding/state|picker JWT (allow suspended)|ctrl.getOnboardingState|src/modules/picker/picker.routes.ts
POST|/api/v1/picker/onboarding/submit|picker JWT (Bearer); zod|ctrl.submitOnboarding|src/modules/picker/picker.routes.ts
GET|/api/v1/picker/performance|picker JWT (Bearer)|ctrl.getPerformance|src/modules/picker/picker.routes.ts
GET|/api/v1/picker/performance/history|picker JWT (Bearer)|ctrl.getPerformanceHistory|src/modules/picker/picker.routes.ts
GET|/api/v1/picker/performance/summary|picker JWT (Bearer)|ctrl.getPerformanceSummary|src/modules/picker/picker.routes.ts
POST|/api/v1/picker/presence/ping|picker JWT (Bearer)|ctrl.postPresencePing|src/modules/picker/picker.routes.ts
GET|/api/v1/picker/profile|picker JWT (Bearer)|ctrl.getRiderProfile|src/modules/picker/picker.routes.ts
PUT|/api/v1/picker/profile|picker JWT (Bearer); zod|ctrl.updateRiderProfile|src/modules/picker/picker.routes.ts
POST|/api/v1/picker/push-token|picker JWT (Bearer); zod|ctrl.registerPushToken|src/modules/picker/picker.routes.ts
GET|/api/v1/picker/samples|public|ctrl.listSamples|src/modules/picker/picker.routes.ts
POST|/api/v1/picker/samples|public|ctrl.createSample|src/modules/picker/picker.routes.ts
GET|/api/v1/picker/samples/:id|public|ctrl.getSampleById|src/modules/picker/picker.routes.ts
GET|/api/v1/picker/settings/preferences|picker JWT (Bearer)|ctrl.getPreferences|src/modules/picker/picker.routes.ts
PUT|/api/v1/picker/settings/preferences|picker JWT (Bearer); zod|ctrl.updatePreferences|src/modules/picker/picker.routes.ts
GET|/api/v1/picker/shared-orders|public; active picker required; zod|ctrl.getSharedOrders|src/modules/picker/picker.routes.ts
GET|/api/v1/picker/shared-orders/:orderId|public; active picker required; zod|ctrl.getSharedOrder|src/modules/picker/picker.routes.ts
POST|/api/v1/picker/shared-orders/:orderId/complete|public; active picker required; zod|ctrl.completeSharedOrder|src/modules/picker/picker.routes.ts
POST|/api/v1/picker/shared-orders/:orderId/proof-photo|public; active picker required; zod|ctrl.uploadOrderProofPhoto|src/modules/picker/picker.routes.ts
PUT|/api/v1/picker/shared-orders/:orderId/status|public; active picker required; zod|ctrl.updateSharedOrderStatus|src/modules/picker/picker.routes.ts
GET|/api/v1/picker/shared-orders/assignorders|public; active picker required; zod|ctrl.getAssignOrders|src/modules/picker/picker.routes.ts
GET|/api/v1/picker/shared-orders/completed|public; active picker required; zod|ctrl.getCompletedSharedOrders|src/modules/picker/picker.routes.ts
POST|/api/v1/picker/shifts/:shiftId/end|public; active picker required; zod|ctrl.endShift|src/modules/picker/picker.routes.ts
POST|/api/v1/picker/shifts/:shiftId/start|public; active picker required; zod|ctrl.startShift|src/modules/picker/picker.routes.ts
GET|/api/v1/picker/shifts/available|picker JWT (Bearer); zod|ctrl.listAvailableShifts|src/modules/picker/picker.routes.ts
POST|/api/v1/picker/shifts/break/end|public; active picker required|ctrl.endBreak|src/modules/picker/picker.routes.ts
POST|/api/v1/picker/shifts/break/start|public; active picker required|ctrl.startBreak|src/modules/picker/picker.routes.ts
POST|/api/v1/picker/shifts/deselect|picker JWT (Bearer); zod|ctrl.deselectShift|src/modules/picker/picker.routes.ts
POST|/api/v1/picker/shifts/end|public; active picker required; zod|ctrl.endShift|src/modules/picker/picker.routes.ts
POST|/api/v1/picker/shifts/go-offline|public; active picker required; zod|ctrl.goOffline|src/modules/picker/picker.routes.ts
POST|/api/v1/picker/shifts/go-online|public; active picker required; zod|ctrl.goOnline|src/modules/picker/picker.routes.ts
GET|/api/v1/picker/shifts/my|picker JWT (Bearer)|ctrl.getMyShifts|src/modules/picker/picker.routes.ts
GET|/api/v1/picker/shifts/readiness|picker JWT (Bearer)|ctrl.getShiftReadiness|src/modules/picker/picker.routes.ts
POST|/api/v1/picker/shifts/select|picker JWT (Bearer); zod|ctrl.selectShift|src/modules/picker/picker.routes.ts
POST|/api/v1/picker/shifts/start|public; active picker required; zod|ctrl.startShift|src/modules/picker/picker.routes.ts
GET|/api/v1/picker/store-otp|picker JWT (Bearer)|ctrl.getStoreOtp|src/modules/picker/picker.routes.ts
GET|/api/v1/picker/stores/nearby|picker JWT (Bearer); zod|ctrl.getStoresNearby|src/modules/picker/picker.routes.ts
GET|/api/v1/picker/support/chat/messages|picker JWT (Bearer); zod|ctrl.getChatMessages|src/modules/picker/picker.routes.ts
POST|/api/v1/picker/support/chat/messages|picker JWT (Bearer); zod|ctrl.sendChatMessage|src/modules/picker/picker.routes.ts
GET|/api/v1/picker/support/tickets|picker JWT (Bearer); zod|ctrl.listSupportTickets|src/modules/picker/picker.routes.ts
POST|/api/v1/picker/support/tickets|picker JWT (Bearer); zod|ctrl.createSupportTicket|src/modules/picker/picker.routes.ts
POST|/api/v1/picker/training/assessment|picker JWT (Bearer)|ctrl.submitTrainingAssessment|src/modules/picker/picker.routes.ts
POST|/api/v1/picker/training/complete/:videoId|picker JWT (Bearer)|ctrl.completeTrainingVideo|src/modules/picker/picker.routes.ts
POST|/api/v1/picker/training/modules/:moduleId/complete|picker JWT (Bearer)|ctrl.completeTrainingModule|src/modules/picker/picker.routes.ts
GET|/api/v1/picker/training/progress|picker JWT (Bearer)|ctrl.getTrainingProgress|src/modules/picker/picker.routes.ts
PUT|/api/v1/picker/training/progress|picker JWT (Bearer); zod|ctrl.updateTrainingProgress|src/modules/picker/picker.routes.ts
GET|/api/v1/picker/training/user-progress|picker JWT (Bearer)|ctrl.getTrainingUserProgress|src/modules/picker/picker.routes.ts
GET|/api/v1/picker/training/videos|public|ctrl.listTrainingVideos|src/modules/picker/picker.routes.ts
GET|/api/v1/picker/training/videos/:videoId|picker JWT (Bearer)|ctrl.getTrainingVideoById|src/modules/picker/picker.routes.ts
PUT|/api/v1/picker/training/watch-progress|picker JWT (Bearer); zod|ctrl.trackWatchProgress|src/modules/picker/picker.routes.ts
POST|/api/v1/picker/uploads|picker JWT (Bearer)|ctrl.uploadFile|src/modules/picker/picker.routes.ts
PUT|/api/v1/picker/user/location-type|picker JWT (Bearer); zod|ctrl.setLocationType|src/modules/picker/picker.routes.ts
GET|/api/v1/picker/user/profile|picker JWT (Bearer)|ctrl.getProfile|src/modules/picker/picker.routes.ts
PUT|/api/v1/picker/user/profile|picker JWT (Bearer); zod|ctrl.updateProfile|src/modules/picker/picker.routes.ts
GET|/api/v1/picker/user/profile/contract|picker JWT (Bearer)|ctrl.getUserContract|src/modules/picker/picker.routes.ts
PUT|/api/v1/picker/user/profile/contract|picker JWT (Bearer)|ctrl.updateUserContract|src/modules/picker/picker.routes.ts
GET|/api/v1/picker/user/profile/employment|picker JWT (Bearer)|ctrl.getEmployment|src/modules/picker/picker.routes.ts
PUT|/api/v1/picker/user/profile/employment|picker JWT (Bearer)|ctrl.updateEmployment|src/modules/picker/picker.routes.ts
GET|/api/v1/picker/user/profile/link-status|picker JWT (Bearer)|ctrl.getLinkStatus|src/modules/picker/picker.routes.ts
GET|/api/v1/picker/user/profile/overview|picker JWT (Bearer)|ctrl.getProfileOverview|src/modules/picker/picker.routes.ts
PUT|/api/v1/picker/user/upi|picker JWT (Bearer); zod|ctrl.setUpi|src/modules/picker/picker.routes.ts
POST|/api/v1/picker/verify/face|picker JWT (Bearer); zod|ctrl.verifyFace|src/modules/picker/picker.routes.ts
GET|/api/v1/picker/wallet|picker JWT (Bearer)|ctrl.getWallet|src/modules/picker/picker.routes.ts
GET|/api/v1/picker/wallet/balance|picker JWT (Bearer)|ctrl.getWalletBalance|src/modules/picker/picker.routes.ts
POST|/api/v1/picker/wallet/deposit|public; active picker required; zod|ctrl.recordCashDeposit|src/modules/picker/picker.routes.ts
GET|/api/v1/picker/wallet/earnings-breakdown|picker JWT (Bearer); zod|ctrl.getEarningsBreakdown|src/modules/picker/picker.routes.ts
GET|/api/v1/picker/wallet/history|picker JWT (Bearer); zod|ctrl.getWalletHistory|src/modules/picker/picker.routes.ts
GET|/api/v1/picker/wallet/transactions|picker JWT (Bearer); zod|ctrl.getTransactions|src/modules/picker/picker.routes.ts
GET|/api/v1/picker/wallet/transactions/:transactionId|picker JWT (Bearer)|ctrl.getTransactionById|src/modules/picker/picker.routes.ts
POST|/api/v1/picker/wallet/withdraw|picker JWT (Bearer); zod|ctrl.requestWithdrawal|src/modules/picker/picker.routes.ts
GET|/api/v1/picker/wallet/withdrawal-requests/:requestId|picker JWT (Bearer)|ctrl.getWithdrawalRequest|src/modules/picker/picker.routes.ts
GET|/api/v1/picker/work-locations|public; zod|ctrl.listWorkLocations|src/modules/picker/picker.routes.ts
POST|/api/v1/production/alerts/:alertId/action|admin JWT (Bearer or cookie selorg_admin_token); roles: production, admin, super_admin|ctrl.performAlertAction|src/modules/production/production.routes.ts
GET|/api/v1/production/alerts/debug/ids|admin JWT (Bearer or cookie selorg_admin_token); roles: production, admin, super_admin|ctrl.getAlertsDebugIds|src/modules/production/production.routes.ts
GET|/api/v1/production/analytics|admin JWT (Bearer or cookie selorg_admin_token); roles: production, admin, super_admin|ctrl.getProductionAnalytics|src/modules/production/production.routes.ts
POST|/api/v1/production/analytics/export|admin JWT (Bearer or cookie selorg_admin_token); roles: production, admin, super_admin|ctrl.exportAnalyticsReport|src/modules/production/production.routes.ts
GET|/api/v1/production/analytics/fleet-utilization|admin JWT (Bearer or cookie selorg_admin_token); roles: production, admin, super_admin|ctrl.getFleetUtilizationAnalytics|src/modules/production/production.routes.ts
GET|/api/v1/production/analytics/rider-performance|admin JWT (Bearer or cookie selorg_admin_token); roles: production, admin, super_admin|ctrl.getRiderPerformanceAnalytics|src/modules/production/production.routes.ts
GET|/api/v1/production/analytics/sla-adherence|admin JWT (Bearer or cookie selorg_admin_token); roles: production, admin, super_admin|ctrl.getSlaAdherenceAnalytics|src/modules/production/production.routes.ts
GET|/api/v1/production/dashboard/alert-history|admin JWT (Bearer or cookie selorg_admin_token); roles: production, admin, super_admin|ctrl.getDashboardAlertHistory|src/modules/production/production.routes.ts
GET|/api/v1/production/dashboard/alerts|admin JWT (Bearer or cookie selorg_admin_token); roles: production, admin, super_admin|ctrl.getProductionAlerts|src/modules/production/production.routes.ts
GET|/api/v1/production/dashboard/alerts/:alertId|admin JWT (Bearer or cookie selorg_admin_token); roles: production, admin, super_admin|ctrl.getProductionAlertById|src/modules/production/production.routes.ts
PUT|/api/v1/production/dashboard/alerts/:alertId/status|admin JWT (Bearer or cookie selorg_admin_token); roles: production, admin, super_admin|ctrl.updateProductionAlertStatus|src/modules/production/production.routes.ts
DELETE|/api/v1/production/dashboard/alerts/resolved|admin JWT (Bearer or cookie selorg_admin_token); roles: production, admin, super_admin|ctrl.clearResolvedAlerts|src/modules/production/production.routes.ts
GET|/api/v1/production/dashboard/incidents|admin JWT (Bearer or cookie selorg_admin_token); roles: production, admin, super_admin|ctrl.getProductionDashboardIncidents|src/modules/production/production.routes.ts
POST|/api/v1/production/dashboard/incidents|admin JWT (Bearer or cookie selorg_admin_token); roles: production, admin, super_admin|ctrl.createProductionDashboardIncident|src/modules/production/production.routes.ts
PUT|/api/v1/production/dashboard/incidents/:incidentId/status|admin JWT (Bearer or cookie selorg_admin_token); roles: production, admin, super_admin|ctrl.updateProductionDashboardIncidentStatus|src/modules/production/production.routes.ts
GET|/api/v1/production/dashboard/live-orders|admin JWT (Bearer or cookie selorg_admin_token); roles: production, admin, super_admin|ctrl.getDashboardLiveOrders|src/modules/production/production.routes.ts
GET|/api/v1/production/dashboard/refresh|admin JWT (Bearer or cookie selorg_admin_token); roles: production, admin, super_admin|ctrl.getDashboardRefresh|src/modules/production/production.routes.ts
POST|/api/v1/production/dashboard/refresh|admin JWT (Bearer or cookie selorg_admin_token); roles: production, admin, super_admin|ctrl.postDashboardRefresh|src/modules/production/production.routes.ts
GET|/api/v1/production/dashboard/reports|admin JWT (Bearer or cookie selorg_admin_token); roles: production, admin, super_admin|ctrl.getProductionReports|src/modules/production/production.routes.ts
GET|/api/v1/production/dashboard/reports/export|admin JWT (Bearer or cookie selorg_admin_token); roles: production, admin, super_admin|ctrl.exportProductionReports|src/modules/production/production.routes.ts
GET|/api/v1/production/dashboard/rto-alerts|admin JWT (Bearer or cookie selorg_admin_token); roles: production, admin, super_admin|ctrl.getDashboardRtoAlerts|src/modules/production/production.routes.ts
GET|/api/v1/production/dashboard/staff-load|admin JWT (Bearer or cookie selorg_admin_token); roles: production, admin, super_admin|ctrl.getDashboardStaffLoad|src/modules/production/production.routes.ts
GET|/api/v1/production/dashboard/stock-alerts|admin JWT (Bearer or cookie selorg_admin_token); roles: production, admin, super_admin|ctrl.getDashboardStockAlerts|src/modules/production/production.routes.ts
GET|/api/v1/production/dashboard/summary|admin JWT (Bearer or cookie selorg_admin_token); roles: production, admin, super_admin|ctrl.getDashboardSummary|src/modules/production/production.routes.ts
POST|/api/v1/production/dashboard/utilities/hsd-sync|admin JWT (Bearer or cookie selorg_admin_token); roles: production, admin, super_admin|ctrl.triggerDashboardHsdSync|src/modules/production/production.routes.ts
GET|/api/v1/production/dashboard/utilities/settings|admin JWT (Bearer or cookie selorg_admin_token); roles: production, admin, super_admin|ctrl.getDashboardUtilitiesSettings|src/modules/production/production.routes.ts
PUT|/api/v1/production/dashboard/utilities/settings|admin JWT (Bearer or cookie selorg_admin_token); roles: production, admin, super_admin|ctrl.updateDashboardUtilitiesSettings|src/modules/production/production.routes.ts
GET|/api/v1/production/dashboard/utilities/sync-history|admin JWT (Bearer or cookie selorg_admin_token); roles: production, admin, super_admin|ctrl.getDashboardUtilitiesSyncHistory|src/modules/production/production.routes.ts
GET|/api/v1/production/dashboard/utilities/upload-history|admin JWT (Bearer or cookie selorg_admin_token); roles: production, admin, super_admin|ctrl.getDashboardUtilitiesUploadHistory|src/modules/production/production.routes.ts
GET|/api/v1/production/factories|admin JWT (Bearer or cookie selorg_admin_token); roles: production, admin, super_admin|ctrl.listFactories|src/modules/production/production.routes.ts
GET|/api/v1/production/health|public|(handler)|src/modules/production/production.routes.ts
GET|/api/v1/production/health-status/checklists|admin JWT (Bearer or cookie selorg_admin_token); roles: production, admin, super_admin|ctrl.getHealthChecklists|src/modules/production/production.routes.ts
PUT|/api/v1/production/health-status/checklists/:checklistId/items/:itemId|admin JWT (Bearer or cookie selorg_admin_token); roles: production, admin, super_admin|ctrl.updateHealthChecklistItem|src/modules/production/production.routes.ts
POST|/api/v1/production/health-status/checklists/:checklistId/submit|admin JWT (Bearer or cookie selorg_admin_token); roles: production, admin, super_admin|ctrl.submitHealthChecklist|src/modules/production/production.routes.ts
GET|/api/v1/production/health-status/equipment|admin JWT (Bearer or cookie selorg_admin_token); roles: production, admin, super_admin|ctrl.getHealthEquipment|src/modules/production/production.routes.ts
GET|/api/v1/production/health-status/incidents|admin JWT (Bearer or cookie selorg_admin_token); roles: production, admin, super_admin|ctrl.getProductionIncidents|src/modules/production/production.routes.ts
POST|/api/v1/production/health-status/incidents|admin JWT (Bearer or cookie selorg_admin_token); roles: production, admin, super_admin|ctrl.reportProductionIncident|src/modules/production/production.routes.ts
PUT|/api/v1/production/health-status/incidents/:incidentId/resolve|admin JWT (Bearer or cookie selorg_admin_token); roles: production, admin, super_admin|ctrl.resolveProductionIncident|src/modules/production/production.routes.ts
GET|/api/v1/production/health-status/summary|admin JWT (Bearer or cookie selorg_admin_token); roles: production, admin, super_admin|ctrl.getProductionHealthSummary|src/modules/production/production.routes.ts
GET|/api/v1/production/hsd/devices/:deviceId/actions|admin JWT (Bearer or cookie selorg_admin_token); roles: production, admin, super_admin|ctrl.getHSDDeviceActions|src/modules/production/production.routes.ts
POST|/api/v1/production/hsd/devices/:deviceId/assign|admin JWT (Bearer or cookie selorg_admin_token); roles: production, admin, super_admin|ctrl.assignHSDDevice|src/modules/production/production.routes.ts
POST|/api/v1/production/hsd/devices/:deviceId/control|admin JWT (Bearer or cookie selorg_admin_token); roles: production, admin, super_admin|ctrl.controlHSDDevice|src/modules/production/production.routes.ts
GET|/api/v1/production/hsd/devices/:deviceId/history|admin JWT (Bearer or cookie selorg_admin_token); roles: production, admin, super_admin|ctrl.getHSDDeviceHistory|src/modules/production/production.routes.ts
POST|/api/v1/production/hsd/devices/:deviceId/unassign|admin JWT (Bearer or cookie selorg_admin_token); roles: production, admin, super_admin|ctrl.unassignHSDDevice|src/modules/production/production.routes.ts
POST|/api/v1/production/hsd/devices/bulk-reset|admin JWT (Bearer or cookie selorg_admin_token); roles: production, admin, super_admin|ctrl.bulkResetHSDDevices|src/modules/production/production.routes.ts
POST|/api/v1/production/hsd/devices/register|admin JWT (Bearer or cookie selorg_admin_token); roles: production, admin, super_admin|ctrl.registerHSDDevice|src/modules/production/production.routes.ts
GET|/api/v1/production/hsd/fleet|admin JWT (Bearer or cookie selorg_admin_token); roles: production, admin, super_admin|ctrl.getHSDFleet|src/modules/production/production.routes.ts
GET|/api/v1/production/hsd/issues|admin JWT (Bearer or cookie selorg_admin_token); roles: production, admin, super_admin|ctrl.getHSDIssues|src/modules/production/production.routes.ts
POST|/api/v1/production/hsd/issues/report|admin JWT (Bearer or cookie selorg_admin_token); roles: production, admin, super_admin|ctrl.reportHSDIssue|src/modules/production/production.routes.ts
GET|/api/v1/production/hsd/logs|admin JWT (Bearer or cookie selorg_admin_token); roles: production, admin, super_admin|ctrl.getHSDLogs|src/modules/production/production.routes.ts
GET|/api/v1/production/hsd/picker-users|admin JWT (Bearer or cookie selorg_admin_token); roles: production, admin, super_admin|ctrl.getHSDUsers|src/modules/production/production.routes.ts
POST|/api/v1/production/hsd/requisitions|admin JWT (Bearer or cookie selorg_admin_token); roles: production, admin, super_admin|ctrl.createHSDRequisition|src/modules/production/production.routes.ts
POST|/api/v1/production/hsd/sessions/:deviceId/action|admin JWT (Bearer or cookie selorg_admin_token); roles: production, admin, super_admin|ctrl.handleHSDSessionAction|src/modules/production/production.routes.ts
GET|/api/v1/production/hsd/sessions/live|admin JWT (Bearer or cookie selorg_admin_token); roles: production, admin, super_admin|ctrl.getHSDLiveSessions|src/modules/production/production.routes.ts
GET|/api/v1/production/inbound/grns|admin JWT (Bearer or cookie selorg_admin_token); roles: production, admin, super_admin|ctrl.getGRNList|src/modules/production/production.routes.ts
POST|/api/v1/production/inbound/grns|admin JWT (Bearer or cookie selorg_admin_token); roles: production, admin, super_admin|ctrl.createGRN|src/modules/production/production.routes.ts
GET|/api/v1/production/inbound/grns/:grnId|admin JWT (Bearer or cookie selorg_admin_token); roles: production, admin, super_admin|ctrl.getGRNList|src/modules/production/production.routes.ts
POST|/api/v1/production/inbound/grns/:grnId/complete|admin JWT (Bearer or cookie selorg_admin_token); roles: production, admin, super_admin|ctrl.updateGRNStatus|src/modules/production/production.routes.ts
PUT|/api/v1/production/inbound/grns/:grnId/items/:sku|admin JWT (Bearer or cookie selorg_admin_token); roles: production, admin, super_admin|ctrl.updateGRNItemQuantity|src/modules/production/production.routes.ts
POST|/api/v1/production/inbound/grns/:grnId/start|admin JWT (Bearer or cookie selorg_admin_token); roles: production, admin, super_admin|ctrl.updateGRNStatus|src/modules/production/production.routes.ts
PATCH|/api/v1/production/inbound/grns/:id/status|admin JWT (Bearer or cookie selorg_admin_token); roles: production, admin, super_admin|ctrl.updateGRNStatus|src/modules/production/production.routes.ts
GET|/api/v1/production/inbound/putaway|admin JWT (Bearer or cookie selorg_admin_token); roles: production, admin, super_admin|ctrl.getPutawayTasks|src/modules/production/production.routes.ts
POST|/api/v1/production/inbound/putaway/:taskId/assign|admin JWT (Bearer or cookie selorg_admin_token); roles: production, admin, super_admin|ctrl.assignPutawayTask|src/modules/production/production.routes.ts
POST|/api/v1/production/inbound/putaway/:taskId/complete|admin JWT (Bearer or cookie selorg_admin_token); roles: production, admin, super_admin|ctrl.completePutawayTask|src/modules/production/production.routes.ts
GET|/api/v1/production/inbound/summary|admin JWT (Bearer or cookie selorg_admin_token); roles: production, admin, super_admin|ctrl.getGRNList|src/modules/production/production.routes.ts
GET|/api/v1/production/inbound/transfers|admin JWT (Bearer or cookie selorg_admin_token); roles: production, admin, super_admin|ctrl.getInterStoreTransfers|src/modules/production/production.routes.ts
POST|/api/v1/production/inbound/transfers/:transferId/receive|admin JWT (Bearer or cookie selorg_admin_token); roles: production, admin, super_admin|ctrl.receiveInterStoreTransfer|src/modules/production/production.routes.ts
POST|/api/v1/production/inbound/transfers/sync|admin JWT (Bearer or cookie selorg_admin_token); roles: production, admin, super_admin|ctrl.syncInterStoreTransfers|src/modules/production/production.routes.ts
GET|/api/v1/production/inventory|admin JWT (Bearer or cookie selorg_admin_token); roles: production, admin, super_admin|ctrl.getInventory|src/modules/production/production.routes.ts
PATCH|/api/v1/production/inventory/:id|admin JWT (Bearer or cookie selorg_admin_token); roles: production, admin, super_admin|ctrl.updateInventoryItem|src/modules/production/production.routes.ts
GET|/api/v1/production/inventory/adjustments|admin JWT (Bearer or cookie selorg_admin_token); roles: production, admin, super_admin|ctrl.getInventoryAdjustments|src/modules/production/production.routes.ts
POST|/api/v1/production/inventory/adjustments|admin JWT (Bearer or cookie selorg_admin_token); roles: production, admin, super_admin|ctrl.createInventoryAdjustment|src/modules/production/production.routes.ts
GET|/api/v1/production/inventory/audit-log|admin JWT (Bearer or cookie selorg_admin_token); roles: production, admin, super_admin|ctrl.getInventoryAuditLog|src/modules/production/production.routes.ts
GET|/api/v1/production/inventory/cycle-count|admin JWT (Bearer or cookie selorg_admin_token); roles: production, admin, super_admin|ctrl.getInventoryCycleCount|src/modules/production/production.routes.ts
GET|/api/v1/production/inventory/cycle-count/report|admin JWT (Bearer or cookie selorg_admin_token); roles: production, admin, super_admin|ctrl.getCycleCountReport|src/modules/production/production.routes.ts
PUT|/api/v1/production/inventory/items/:sku|admin JWT (Bearer or cookie selorg_admin_token); roles: production, admin, super_admin|ctrl.updateInventoryItemBySku|src/modules/production/production.routes.ts
GET|/api/v1/production/inventory/restock|admin JWT (Bearer or cookie selorg_admin_token); roles: production, admin, super_admin|ctrl.listRestocks|src/modules/production/production.routes.ts
POST|/api/v1/production/inventory/restock|admin JWT (Bearer or cookie selorg_admin_token); roles: production, admin, super_admin|ctrl.createRestock|src/modules/production/production.routes.ts
POST|/api/v1/production/inventory/restock-task|admin JWT (Bearer or cookie selorg_admin_token); roles: production, admin, super_admin|ctrl.createRestockTask|src/modules/production/production.routes.ts
POST|/api/v1/production/inventory/scan|admin JWT (Bearer or cookie selorg_admin_token); roles: production, admin, super_admin|ctrl.scanInventoryItem|src/modules/production/production.routes.ts
GET|/api/v1/production/inventory/shelf-view|admin JWT (Bearer or cookie selorg_admin_token); roles: production, admin, super_admin|ctrl.getShelfView|src/modules/production/production.routes.ts
GET|/api/v1/production/inventory/stock-levels|admin JWT (Bearer or cookie selorg_admin_token); roles: production, admin, super_admin|ctrl.getStockLevels|src/modules/production/production.routes.ts
DELETE|/api/v1/production/inventory/stock-levels/:sku|admin JWT (Bearer or cookie selorg_admin_token); roles: production, admin, super_admin|ctrl.deleteInventoryStockItem|src/modules/production/production.routes.ts
PUT|/api/v1/production/inventory/stock-levels/:sku|admin JWT (Bearer or cookie selorg_admin_token); roles: production, admin, super_admin|ctrl.updateStockLevel|src/modules/production/production.routes.ts
PUT|/api/v1/production/inventory/stock-levels/:sku/status|admin JWT (Bearer or cookie selorg_admin_token); roles: production, admin, super_admin|ctrl.changeInventoryItemStatus|src/modules/production/production.routes.ts
GET|/api/v1/production/maintenance/equipment|admin JWT (Bearer or cookie selorg_admin_token); roles: production, admin, super_admin|ctrl.getMaintenanceEquipment|src/modules/production/production.routes.ts
POST|/api/v1/production/maintenance/equipment|admin JWT (Bearer or cookie selorg_admin_token); roles: production, admin, super_admin|ctrl.createMaintenanceEquipment|src/modules/production/production.routes.ts
DELETE|/api/v1/production/maintenance/equipment/:equipmentId|admin JWT (Bearer or cookie selorg_admin_token); roles: production, admin, super_admin|ctrl.deleteMaintenanceEquipment|src/modules/production/production.routes.ts
PUT|/api/v1/production/maintenance/equipment/:equipmentId|admin JWT (Bearer or cookie selorg_admin_token); roles: production, admin, super_admin|ctrl.updateMaintenanceEquipment|src/modules/production/production.routes.ts
GET|/api/v1/production/maintenance/iot|admin JWT (Bearer or cookie selorg_admin_token); roles: production, admin, super_admin|ctrl.getIotDevices|src/modules/production/production.routes.ts
GET|/api/v1/production/maintenance/tasks|admin JWT (Bearer or cookie selorg_admin_token); roles: production, admin, super_admin|ctrl.getMaintenanceTasks|src/modules/production/production.routes.ts
POST|/api/v1/production/maintenance/tasks|admin JWT (Bearer or cookie selorg_admin_token); roles: production, admin, super_admin|ctrl.createMaintenanceTask|src/modules/production/production.routes.ts
DELETE|/api/v1/production/maintenance/tasks/:taskId|admin JWT (Bearer or cookie selorg_admin_token); roles: production, admin, super_admin|ctrl.deleteMaintenanceTask|src/modules/production/production.routes.ts
PUT|/api/v1/production/maintenance/tasks/:taskId|admin JWT (Bearer or cookie selorg_admin_token); roles: production, admin, super_admin|ctrl.updateMaintenanceTask|src/modules/production/production.routes.ts
PATCH|/api/v1/production/maintenance/tasks/:taskId/status|admin JWT (Bearer or cookie selorg_admin_token); roles: production, admin, super_admin|ctrl.updateMaintenanceTaskStatus|src/modules/production/production.routes.ts
GET|/api/v1/production/orders|admin JWT (Bearer or cookie selorg_admin_token); roles: production, admin, super_admin|ctrl.getProductionOrders|src/modules/production/production.routes.ts
GET|/api/v1/production/orders/:orderId/call-customer|admin JWT (Bearer or cookie selorg_admin_token); roles: production, admin, super_admin|ctrl.callProductionCustomerLog|src/modules/production/production.routes.ts
POST|/api/v1/production/orders/:orderId/call-customer|admin JWT (Bearer or cookie selorg_admin_token); roles: production, admin, super_admin|ctrl.callProductionCustomer|src/modules/production/production.routes.ts
GET|/api/v1/production/orders/:orderId/mark-rto|admin JWT (Bearer or cookie selorg_admin_token); roles: production, admin, super_admin|ctrl.markProductionRTOStatus|src/modules/production/production.routes.ts
POST|/api/v1/production/orders/:orderId/mark-rto|admin JWT (Bearer or cookie selorg_admin_token); roles: production, admin, super_admin|ctrl.markProductionRTO|src/modules/production/production.routes.ts
GET|/api/v1/production/outbound/dispatch|admin JWT (Bearer or cookie selorg_admin_token); roles: production, admin, super_admin|ctrl.getDispatchQueue|src/modules/production/production.routes.ts
POST|/api/v1/production/outbound/dispatch/assign|admin JWT (Bearer or cookie selorg_admin_token); roles: production, admin, super_admin|ctrl.manuallyAssignRider|src/modules/production/production.routes.ts
POST|/api/v1/production/outbound/dispatch/batch|admin JWT (Bearer or cookie selorg_admin_token); roles: production, admin, super_admin|ctrl.batchDispatchOrders|src/modules/production/production.routes.ts
GET|/api/v1/production/outbound/riders|admin JWT (Bearer or cookie selorg_admin_token); roles: production, admin, super_admin|ctrl.getActiveRiders|src/modules/production/production.routes.ts
GET|/api/v1/production/outbound/summary|admin JWT (Bearer or cookie selorg_admin_token); roles: production, admin, super_admin|ctrl.getOutboundSummary|src/modules/production/production.routes.ts
GET|/api/v1/production/outbound/transfers|admin JWT (Bearer or cookie selorg_admin_token); roles: production, admin, super_admin|ctrl.getOutboundTransferRequests|src/modules/production/production.routes.ts
POST|/api/v1/production/outbound/transfers/:requestId/approve|admin JWT (Bearer or cookie selorg_admin_token); roles: production, admin, super_admin|ctrl.approveOutboundTransferRequest|src/modules/production/production.routes.ts
GET|/api/v1/production/outbound/transfers/:requestId/fulfillment|admin JWT (Bearer or cookie selorg_admin_token); roles: production, admin, super_admin|ctrl.getTransferFulfillmentStatus|src/modules/production/production.routes.ts
POST|/api/v1/production/outbound/transfers/:requestId/reject|admin JWT (Bearer or cookie selorg_admin_token); roles: production, admin, super_admin|ctrl.rejectOutboundTransferRequest|src/modules/production/production.routes.ts
GET|/api/v1/production/outbound/transfers/sla-summary|admin JWT (Bearer or cookie selorg_admin_token); roles: production, admin, super_admin|ctrl.getTransferSLASummary|src/modules/production/production.routes.ts
GET|/api/v1/production/overview|admin JWT (Bearer or cookie selorg_admin_token); roles: production, admin, super_admin|ctrl.getOverview|src/modules/production/production.routes.ts
POST|/api/v1/production/overview/batch|admin JWT (Bearer or cookie selorg_admin_token); roles: production, admin, super_admin|ctrl.startBatch|src/modules/production/production.routes.ts
POST|/api/v1/production/overview/lines|admin JWT (Bearer or cookie selorg_admin_token); roles: production, admin, super_admin|ctrl.createLine|src/modules/production/production.routes.ts
DELETE|/api/v1/production/overview/lines/:lineId|admin JWT (Bearer or cookie selorg_admin_token); roles: production, admin, super_admin|ctrl.deleteLine|src/modules/production/production.routes.ts
PATCH|/api/v1/production/overview/lines/:lineId|admin JWT (Bearer or cookie selorg_admin_token); roles: production, admin, super_admin|ctrl.updateLine|src/modules/production/production.routes.ts
PUT|/api/v1/production/overview/lines/:lineId|admin JWT (Bearer or cookie selorg_admin_token); roles: production, admin, super_admin|ctrl.updateLineDetails|src/modules/production/production.routes.ts
GET|/api/v1/production/packing/orders/:orderId|admin JWT (Bearer or cookie selorg_admin_token); roles: production, admin, super_admin|ctrl.getPackingOrderDetails|src/modules/production/production.routes.ts
POST|/api/v1/production/packing/orders/:orderId/complete|admin JWT (Bearer or cookie selorg_admin_token); roles: production, admin, super_admin|ctrl.completePackingOrder|src/modules/production/production.routes.ts
POST|/api/v1/production/packing/orders/:orderId/report-damaged|admin JWT (Bearer or cookie selorg_admin_token); roles: production, admin, super_admin|ctrl.reportDamagedPackingItem|src/modules/production/production.routes.ts
POST|/api/v1/production/packing/orders/:orderId/report-missing|admin JWT (Bearer or cookie selorg_admin_token); roles: production, admin, super_admin|ctrl.reportMissingPackingItem|src/modules/production/production.routes.ts
POST|/api/v1/production/packing/orders/:orderId/scan|admin JWT (Bearer or cookie selorg_admin_token); roles: production, admin, super_admin|ctrl.scanPackingItem|src/modules/production/production.routes.ts
GET|/api/v1/production/packing/queue|admin JWT (Bearer or cookie selorg_admin_token); roles: production, admin, super_admin|ctrl.getPackQueue|src/modules/production/production.routes.ts
GET|/api/v1/production/picker/available|admin JWT (Bearer or cookie selorg_admin_token); roles: production, admin, super_admin|ctrl.getAvailablePickers|src/modules/production/production.routes.ts
GET|/api/v1/production/picklist|admin JWT (Bearer or cookie selorg_admin_token); roles: production, admin, super_admin|ctrl.getProductionPicklists|src/modules/production/production.routes.ts
POST|/api/v1/production/picklist|admin JWT (Bearer or cookie selorg_admin_token); roles: production, admin, super_admin|ctrl.createProductionPicklist|src/modules/production/production.routes.ts
GET|/api/v1/production/picklist/:picklistId|admin JWT (Bearer or cookie selorg_admin_token); roles: production, admin, super_admin|ctrl.getProductionPicklistDetails|src/modules/production/production.routes.ts
POST|/api/v1/production/picklist/:picklistId/assign|admin JWT (Bearer or cookie selorg_admin_token); roles: production, admin, super_admin|ctrl.assignProductionPicker|src/modules/production/production.routes.ts
POST|/api/v1/production/picklist/:picklistId/complete|admin JWT (Bearer or cookie selorg_admin_token); roles: production, admin, super_admin|ctrl.completeProductionPicking|src/modules/production/production.routes.ts
POST|/api/v1/production/picklist/:picklistId/move-to-packing|admin JWT (Bearer or cookie selorg_admin_token); roles: production, admin, super_admin|ctrl.moveToProductionPacking|src/modules/production/production.routes.ts
POST|/api/v1/production/picklist/:picklistId/pause|admin JWT (Bearer or cookie selorg_admin_token); roles: production, admin, super_admin|ctrl.pauseProductionPicking|src/modules/production/production.routes.ts
POST|/api/v1/production/picklist/:picklistId/start|admin JWT (Bearer or cookie selorg_admin_token); roles: production, admin, super_admin|ctrl.startProductionPicking|src/modules/production/production.routes.ts
GET|/api/v1/production/planning|admin JWT (Bearer or cookie selorg_admin_token); roles: production, admin, super_admin|ctrl.listPlans|src/modules/production/production.routes.ts
POST|/api/v1/production/planning|admin JWT (Bearer or cookie selorg_admin_token); roles: production, admin, super_admin|ctrl.createPlan|src/modules/production/production.routes.ts
DELETE|/api/v1/production/planning/:id|admin JWT (Bearer or cookie selorg_admin_token); roles: production, admin, super_admin|ctrl.deletePlan|src/modules/production/production.routes.ts
PUT|/api/v1/production/planning/:id|admin JWT (Bearer or cookie selorg_admin_token); roles: production, admin, super_admin|ctrl.updatePlan|src/modules/production/production.routes.ts
GET|/api/v1/production/qc/checks|admin JWT (Bearer or cookie selorg_admin_token); roles: production, admin, super_admin|ctrl.getQCComplianceChecks|src/modules/production/production.routes.ts
PUT|/api/v1/production/qc/checks/:itemId|admin JWT (Bearer or cookie selorg_admin_token); roles: production, admin, super_admin|ctrl.toggleQCComplianceCheck|src/modules/production/production.routes.ts
GET|/api/v1/production/qc/compliance/audit-status|admin JWT (Bearer or cookie selorg_admin_token); roles: production, admin, super_admin|ctrl.getQCComplianceAuditStatus|src/modules/production/production.routes.ts
GET|/api/v1/production/qc/compliance/logs|admin JWT (Bearer or cookie selorg_admin_token); roles: production, admin, super_admin|ctrl.getQCComplianceLogs|src/modules/production/production.routes.ts
POST|/api/v1/production/qc/compliance/logs|admin JWT (Bearer or cookie selorg_admin_token); roles: production, admin, super_admin|ctrl.createQCComplianceLog|src/modules/production/production.routes.ts
GET|/api/v1/production/qc/docs|admin JWT (Bearer or cookie selorg_admin_token); roles: production, admin, super_admin|ctrl.getQCComplianceDocs|src/modules/production/production.routes.ts
GET|/api/v1/production/qc/failures|admin JWT (Bearer or cookie selorg_admin_token); roles: production, admin, super_admin|ctrl.getQCRecentFailures|src/modules/production/production.routes.ts
POST|/api/v1/production/qc/failures/:failureId/resolve|admin JWT (Bearer or cookie selorg_admin_token); roles: production, admin, super_admin|ctrl.resolveQCFailure|src/modules/production/production.routes.ts
GET|/api/v1/production/qc/history|admin JWT (Bearer or cookie selorg_admin_token); roles: production, admin, super_admin|ctrl.getQCActionHistory|src/modules/production/production.routes.ts
GET|/api/v1/production/qc/inspections|admin JWT (Bearer or cookie selorg_admin_token); roles: production, admin, super_admin|ctrl.getQCInspections|src/modules/production/production.routes.ts
POST|/api/v1/production/qc/inspections|admin JWT (Bearer or cookie selorg_admin_token); roles: production, admin, super_admin|ctrl.createQCInspection|src/modules/production/production.routes.ts
DELETE|/api/v1/production/qc/inspections/:id|admin JWT (Bearer or cookie selorg_admin_token); roles: production, admin, super_admin|ctrl.deleteQCInspection|src/modules/production/production.routes.ts
PUT|/api/v1/production/qc/inspections/:id|admin JWT (Bearer or cookie selorg_admin_token); roles: production, admin, super_admin|ctrl.updateQCInspection|src/modules/production/production.routes.ts
GET|/api/v1/production/qc/recent-failures|admin JWT (Bearer or cookie selorg_admin_token); roles: production, admin, super_admin|ctrl.getQCRecentFailures|src/modules/production/production.routes.ts
GET|/api/v1/production/qc/rejections|admin JWT (Bearer or cookie selorg_admin_token); roles: production, admin, super_admin|ctrl.getQCRejections|src/modules/production/production.routes.ts
POST|/api/v1/production/qc/rejections|admin JWT (Bearer or cookie selorg_admin_token); roles: production, admin, super_admin|ctrl.createQCRejection|src/modules/production/production.routes.ts
GET|/api/v1/production/qc/samples|admin JWT (Bearer or cookie selorg_admin_token); roles: production, admin, super_admin|ctrl.getQCSampleTests|src/modules/production/production.routes.ts
POST|/api/v1/production/qc/samples|admin JWT (Bearer or cookie selorg_admin_token); roles: production, admin, super_admin|ctrl.createQCSampleTest|src/modules/production/production.routes.ts
DELETE|/api/v1/production/qc/samples/:sampleId|admin JWT (Bearer or cookie selorg_admin_token); roles: production, admin, super_admin|ctrl.deleteQCSampleTest|src/modules/production/production.routes.ts
PUT|/api/v1/production/qc/samples/:sampleId|admin JWT (Bearer or cookie selorg_admin_token); roles: production, admin, super_admin|ctrl.updateQCSampleResult|src/modules/production/production.routes.ts
GET|/api/v1/production/qc/summary|admin JWT (Bearer or cookie selorg_admin_token); roles: production, admin, super_admin|ctrl.getQCSummary|src/modules/production/production.routes.ts
GET|/api/v1/production/qc/temperature|admin JWT (Bearer or cookie selorg_admin_token); roles: production, admin, super_admin|ctrl.getQCTemperatureLogs|src/modules/production/production.routes.ts
POST|/api/v1/production/qc/temperature|admin JWT (Bearer or cookie selorg_admin_token); roles: production, admin, super_admin|ctrl.createQCTemperatureLog|src/modules/production/production.routes.ts
GET|/api/v1/production/qc/watchlist|admin JWT (Bearer or cookie selorg_admin_token); roles: production, admin, super_admin|ctrl.getQCWatchlist|src/modules/production/production.routes.ts
POST|/api/v1/production/qc/watchlist|admin JWT (Bearer or cookie selorg_admin_token); roles: production, admin, super_admin|ctrl.addToQCWatchlist|src/modules/production/production.routes.ts
POST|/api/v1/production/qc/watchlist/:sku/log-check|admin JWT (Bearer or cookie selorg_admin_token); roles: production, admin, super_admin|ctrl.logQCWatchlistCheck|src/modules/production/production.routes.ts
GET|/api/v1/production/raw-materials/materials|admin JWT (Bearer or cookie selorg_admin_token); roles: production, admin, super_admin|ctrl.listMaterials|src/modules/production/production.routes.ts
POST|/api/v1/production/raw-materials/materials|admin JWT (Bearer or cookie selorg_admin_token); roles: production, admin, super_admin|ctrl.createMaterial|src/modules/production/production.routes.ts
DELETE|/api/v1/production/raw-materials/materials/:id|admin JWT (Bearer or cookie selorg_admin_token); roles: production, admin, super_admin|ctrl.deleteMaterial|src/modules/production/production.routes.ts
PUT|/api/v1/production/raw-materials/materials/:id|admin JWT (Bearer or cookie selorg_admin_token); roles: production, admin, super_admin|ctrl.updateMaterial|src/modules/production/production.routes.ts
POST|/api/v1/production/raw-materials/materials/:id/order|admin JWT (Bearer or cookie selorg_admin_token); roles: production, admin, super_admin|ctrl.orderMaterial|src/modules/production/production.routes.ts
GET|/api/v1/production/raw-materials/receipts|admin JWT (Bearer or cookie selorg_admin_token); roles: production, admin, super_admin|ctrl.listReceipts|src/modules/production/production.routes.ts
POST|/api/v1/production/raw-materials/receipts/:id/receive|admin JWT (Bearer or cookie selorg_admin_token); roles: production, admin, super_admin|ctrl.markReceived|src/modules/production/production.routes.ts
GET|/api/v1/production/raw-materials/requisitions|admin JWT (Bearer or cookie selorg_admin_token); roles: production, admin, super_admin|ctrl.listRequisitions|src/modules/production/production.routes.ts
POST|/api/v1/production/raw-materials/requisitions|admin JWT (Bearer or cookie selorg_admin_token); roles: production, admin, super_admin|ctrl.createRequisition|src/modules/production/production.routes.ts
PATCH|/api/v1/production/raw-materials/requisitions/:id/status|admin JWT (Bearer or cookie selorg_admin_token); roles: production, admin, super_admin|ctrl.updateRequisitionStatus|src/modules/production/production.routes.ts
GET|/api/v1/production/settings|admin JWT (Bearer or cookie selorg_admin_token); roles: production, admin, super_admin|ctrl.getSettings|src/modules/production/production.routes.ts
PUT|/api/v1/production/settings|admin JWT (Bearer or cookie selorg_admin_token); roles: production, admin, super_admin|ctrl.updateSettings|src/modules/production/production.routes.ts
POST|/api/v1/production/staff|admin JWT (Bearer or cookie selorg_admin_token); roles: production, admin, super_admin|ctrl.createProductionStaff|src/modules/production/production.routes.ts
PATCH|/api/v1/production/staff/:staffId/status|admin JWT (Bearer or cookie selorg_admin_token); roles: production, admin, super_admin|ctrl.updateProductionStaffStatus|src/modules/production/production.routes.ts
GET|/api/v1/production/staff/absences|admin JWT (Bearer or cookie selorg_admin_token); roles: production, admin, super_admin|ctrl.getProductionAbsences|src/modules/production/production.routes.ts
POST|/api/v1/production/staff/absences|admin JWT (Bearer or cookie selorg_admin_token); roles: production, admin, super_admin|ctrl.logProductionAbsence|src/modules/production/production.routes.ts
GET|/api/v1/production/staff/attendance|admin JWT (Bearer or cookie selorg_admin_token); roles: production, admin, super_admin|ctrl.getProductionAttendance|src/modules/production/production.routes.ts
PATCH|/api/v1/production/staff/attendance/:recordId/mark-present|admin JWT (Bearer or cookie selorg_admin_token); roles: production, admin, super_admin|ctrl.markProductionAttendancePresent|src/modules/production/production.routes.ts
GET|/api/v1/production/staff/performance|admin JWT (Bearer or cookie selorg_admin_token); roles: production, admin, super_admin|ctrl.getProductionStaffPerformance|src/modules/production/production.routes.ts
GET|/api/v1/production/staff/performance/download|admin JWT (Bearer or cookie selorg_admin_token); roles: production, admin, super_admin|ctrl.downloadProductionPerformanceReport|src/modules/production/production.routes.ts
GET|/api/v1/production/staff/roster|admin JWT (Bearer or cookie selorg_admin_token); roles: production, admin, super_admin|ctrl.getStaffRoster|src/modules/production/production.routes.ts
GET|/api/v1/production/staff/shift-coverage|admin JWT (Bearer or cookie selorg_admin_token); roles: production, admin, super_admin|ctrl.getProductionShiftCoverage|src/modules/production/production.routes.ts
POST|/api/v1/production/staff/shift-coverage|admin JWT (Bearer or cookie selorg_admin_token); roles: production, admin, super_admin|ctrl.createProductionShiftCoverage|src/modules/production/production.routes.ts
POST|/api/v1/production/staff/shifts/auto-assign-ot|admin JWT (Bearer or cookie selorg_admin_token); roles: production, admin, super_admin|ctrl.autoAssignProductionOT|src/modules/production/production.routes.ts
GET|/api/v1/production/staff/summary|admin JWT (Bearer or cookie selorg_admin_token); roles: production, admin, super_admin|ctrl.getProductionStaffSummary|src/modules/production/production.routes.ts
GET|/api/v1/production/staff/weekly-roster|admin JWT (Bearer or cookie selorg_admin_token); roles: production, admin, super_admin|ctrl.getProductionWeeklyRoster|src/modules/production/production.routes.ts
POST|/api/v1/production/staff/weekly-roster/publish|admin JWT (Bearer or cookie selorg_admin_token); roles: production, admin, super_admin|ctrl.publishProductionRoster|src/modules/production/production.routes.ts
GET|/api/v1/production/utilities/audit-logs|admin JWT (Bearer or cookie selorg_admin_token); roles: production, admin, super_admin|ctrl.getProductionAuditLogs|src/modules/production/production.routes.ts
POST|/api/v1/production/utilities/audit-logs/export|admin JWT (Bearer or cookie selorg_admin_token); roles: production, admin, super_admin|ctrl.exportProductionAuditLogs|src/modules/production/production.routes.ts
POST|/api/v1/production/utilities/inventory/bulk-upload|admin JWT (Bearer or cookie selorg_admin_token); roles: production, admin, super_admin|ctrl.bulkUploadProductionInventory|src/modules/production/production.routes.ts
GET|/api/v1/production/utilities/inventory/upload-template|admin JWT (Bearer or cookie selorg_admin_token); roles: production, admin, super_admin|ctrl.downloadProductionUploadTemplate|src/modules/production/production.routes.ts
POST|/api/v1/production/utilities/labels/generate|admin JWT (Bearer or cookie selorg_admin_token); roles: production, admin, super_admin|ctrl.generateProductionLabel|src/modules/production/production.routes.ts
POST|/api/v1/production/utilities/system/diagnostics|admin JWT (Bearer or cookie selorg_admin_token); roles: production, admin, super_admin|ctrl.runProductionDiagnostics|src/modules/production/production.routes.ts
GET|/api/v1/production/utilities/system/status|admin JWT (Bearer or cookie selorg_admin_token); roles: production, admin, super_admin|ctrl.getProductionSystemStatus|src/modules/production/production.routes.ts
POST|/api/v1/production/utilities/system/sync|admin JWT (Bearer or cookie selorg_admin_token); roles: production, admin, super_admin|ctrl.forceProductionSync|src/modules/production/production.routes.ts
GET|/api/v1/production/work-orders|admin JWT (Bearer or cookie selorg_admin_token); roles: production, admin, super_admin|ctrl.listWorkOrders|src/modules/production/production.routes.ts
POST|/api/v1/production/work-orders|admin JWT (Bearer or cookie selorg_admin_token); roles: production, admin, super_admin|ctrl.createWorkOrder|src/modules/production/production.routes.ts
DELETE|/api/v1/production/work-orders/:id|admin JWT (Bearer or cookie selorg_admin_token); roles: production, admin, super_admin|ctrl.deleteWorkOrder|src/modules/production/production.routes.ts
GET|/api/v1/production/work-orders/:id|admin JWT (Bearer or cookie selorg_admin_token); roles: production, admin, super_admin|ctrl.getWorkOrder|src/modules/production/production.routes.ts
PUT|/api/v1/production/work-orders/:id|admin JWT (Bearer or cookie selorg_admin_token); roles: production, admin, super_admin|ctrl.updateWorkOrder|src/modules/production/production.routes.ts
POST|/api/v1/production/work-orders/:id/assign|admin JWT (Bearer or cookie selorg_admin_token); roles: production, admin, super_admin|ctrl.assignOperator|src/modules/production/production.routes.ts
PATCH|/api/v1/production/work-orders/:id/status|admin JWT (Bearer or cookie selorg_admin_token); roles: production, admin, super_admin|ctrl.updateWorkOrderStatus|src/modules/production/production.routes.ts
GET|/api/v1/rider|admin JWT (Bearer or cookie selorg_admin_token)|ctrl.listRiders|src/modules/rider/rider.routes.ts
POST|/api/v1/rider|admin JWT (Bearer or cookie selorg_admin_token)|ctrl.createRider|src/modules/rider/rider.routes.ts
GET|/api/v1/rider/:riderId|admin JWT (Bearer or cookie selorg_admin_token)|ctrl.getRiderById|src/modules/rider/rider.routes.ts
PUT|/api/v1/rider/:riderId|admin JWT (Bearer or cookie selorg_admin_token)|ctrl.updateRider|src/modules/rider/rider.routes.ts
GET|/api/v1/rider/:riderId/compliance|admin JWT (Bearer or cookie selorg_admin_token)|ctrl.getRiderCompliance|src/modules/rider/rider.routes.ts
GET|/api/v1/rider/:riderId/contract|admin JWT (Bearer or cookie selorg_admin_token)|ctrl.getRiderContract|src/modules/rider/rider.routes.ts
GET|/api/v1/rider/:riderId/location|admin JWT (Bearer or cookie selorg_admin_token)|ctrl.getRiderLocation|src/modules/rider/rider.routes.ts
GET|/api/v1/rider/:riderId/shifts|admin JWT (Bearer or cookie selorg_admin_token)|ctrl.listRiderShifts|src/modules/rider/rider.routes.ts
GET|/api/v1/rider/:riderId/training|admin JWT (Bearer or cookie selorg_admin_token)|ctrl.getRiderTraining|src/modules/rider/rider.routes.ts
GET|/api/v1/rider/audit/logs|admin JWT (Bearer or cookie selorg_admin_token)|ctrl.listAuditLogs|src/modules/rider/rider.routes.ts
GET|/api/v1/rider/compliance|admin JWT (Bearer or cookie selorg_admin_token)|ctrl.listCompliance|src/modules/rider/rider.routes.ts
GET|/api/v1/rider/compliance/:riderId|admin JWT (Bearer or cookie selorg_admin_token)|ctrl.getRiderCompliance|src/modules/rider/rider.routes.ts
POST|/api/v1/rider/compliance/:riderId/suspend|admin JWT (Bearer or cookie selorg_admin_token)|ctrl.suspendRider|src/modules/rider/rider.routes.ts
POST|/api/v1/rider/compliance/:riderId/unsuspend|admin JWT (Bearer or cookie selorg_admin_token)|ctrl.unsuspendRider|src/modules/rider/rider.routes.ts
GET|/api/v1/rider/contracts|admin JWT (Bearer or cookie selorg_admin_token)|ctrl.listContracts|src/modules/rider/rider.routes.ts
GET|/api/v1/rider/contracts/:riderId|admin JWT (Bearer or cookie selorg_admin_token)|ctrl.getRiderContract|src/modules/rider/rider.routes.ts
POST|/api/v1/rider/contracts/:riderId/renew|admin JWT (Bearer or cookie selorg_admin_token)|ctrl.renewContract|src/modules/rider/rider.routes.ts
POST|/api/v1/rider/contracts/:riderId/terminate|admin JWT (Bearer or cookie selorg_admin_token)|ctrl.terminateContract|src/modules/rider/rider.routes.ts
GET|/api/v1/rider/dashboard/counts|admin JWT (Bearer or cookie selorg_admin_token)|ctrl.getDashboardCounts|src/modules/rider/rider.routes.ts
POST|/api/v1/rider/dispatch/assign|admin JWT (Bearer or cookie selorg_admin_token)|ctrl.assignOrder|src/modules/rider/rider.routes.ts
POST|/api/v1/rider/dispatch/auto-assign|admin JWT (Bearer or cookie selorg_admin_token)|ctrl.autoAssignOrders|src/modules/rider/rider.routes.ts
GET|/api/v1/rider/dispatch/auto-assign/rules|admin JWT (Bearer or cookie selorg_admin_token)|ctrl.getAutoAssignRules|src/modules/rider/rider.routes.ts
PUT|/api/v1/rider/dispatch/auto-assign/rules|admin JWT (Bearer or cookie selorg_admin_token)|ctrl.updateAutoAssignRule|src/modules/rider/rider.routes.ts
POST|/api/v1/rider/dispatch/batch-assign|admin JWT (Bearer or cookie selorg_admin_token)|ctrl.batchAssignOrders|src/modules/rider/rider.routes.ts
POST|/api/v1/rider/dispatch/batch-assign-by-store|admin JWT (Bearer or cookie selorg_admin_token)|ctrl.batchAssignByStore|src/modules/rider/rider.routes.ts
POST|/api/v1/rider/dispatch/cluster-metrics|admin JWT (Bearer or cookie selorg_admin_token)|ctrl.computeClusterMetrics|src/modules/rider/rider.routes.ts
GET|/api/v1/rider/dispatch/clusters|admin JWT (Bearer or cookie selorg_admin_token)|ctrl.listClusters|src/modules/rider/rider.routes.ts
POST|/api/v1/rider/dispatch/clusters|admin JWT (Bearer or cookie selorg_admin_token)|ctrl.saveClusters|src/modules/rider/rider.routes.ts
DELETE|/api/v1/rider/dispatch/clusters/:clusterId|admin JWT (Bearer or cookie selorg_admin_token)|ctrl.deleteCluster|src/modules/rider/rider.routes.ts
POST|/api/v1/rider/dispatch/clusters/:clusterId/assign|admin JWT (Bearer or cookie selorg_admin_token)|ctrl.assignCluster|src/modules/rider/rider.routes.ts
PUT|/api/v1/rider/dispatch/clusters/:clusterId/orders|admin JWT (Bearer or cookie selorg_admin_token)|ctrl.updateClusterOrders|src/modules/rider/rider.routes.ts
GET|/api/v1/rider/dispatch/group-delivery|admin JWT (Bearer or cookie selorg_admin_token)|ctrl.listGroupDeliveryOrders|src/modules/rider/rider.routes.ts
GET|/api/v1/rider/dispatch/group-delivery/filter-options|admin JWT (Bearer or cookie selorg_admin_token)|ctrl.getGroupDeliveryFilterOptions|src/modules/rider/rider.routes.ts
GET|/api/v1/rider/dispatch/group-orders|admin JWT (Bearer or cookie selorg_admin_token)|ctrl.groupOrders|src/modules/rider/rider.routes.ts
POST|/api/v1/rider/dispatch/manual-order|admin JWT (Bearer or cookie selorg_admin_token)|ctrl.createManualOrder|src/modules/rider/rider.routes.ts
GET|/api/v1/rider/dispatch/map|admin JWT (Bearer or cookie selorg_admin_token)|ctrl.getMapData|src/modules/rider/rider.routes.ts
GET|/api/v1/rider/dispatch/map/orders|admin JWT (Bearer or cookie selorg_admin_token)|ctrl.getMapOrders|src/modules/rider/rider.routes.ts
GET|/api/v1/rider/dispatch/map/riders|admin JWT (Bearer or cookie selorg_admin_token)|ctrl.getMapRiders|src/modules/rider/rider.routes.ts
GET|/api/v1/rider/dispatch/orders/:orderId/assignment|admin JWT (Bearer or cookie selorg_admin_token)|ctrl.getOrderAssignmentDetails|src/modules/rider/rider.routes.ts
GET|/api/v1/rider/dispatch/orders/:orderId/recommendations|admin JWT (Bearer or cookie selorg_admin_token)|ctrl.getRecommendedRiders|src/modules/rider/rider.routes.ts
POST|/api/v1/rider/dispatch/simulate|admin JWT (Bearer or cookie selorg_admin_token)|ctrl.simulateAutoAssign|src/modules/rider/rider.routes.ts
GET|/api/v1/rider/dispatch/unassigned|admin JWT (Bearer or cookie selorg_admin_token)|ctrl.listUnassignedOrders|src/modules/rider/rider.routes.ts
GET|/api/v1/rider/dispatch/unassigned/count|admin JWT (Bearer or cookie selorg_admin_token)|ctrl.getUnassignedOrdersCount|src/modules/rider/rider.routes.ts
GET|/api/v1/rider/distribution|admin JWT (Bearer or cookie selorg_admin_token)|ctrl.getRiderDistribution|src/modules/rider/rider.routes.ts
GET|/api/v1/rider/fleet|admin JWT (Bearer or cookie selorg_admin_token)|ctrl.listVehicles|src/modules/rider/rider.routes.ts
POST|/api/v1/rider/fleet|admin JWT (Bearer or cookie selorg_admin_token)|ctrl.createVehicle|src/modules/rider/rider.routes.ts
DELETE|/api/v1/rider/fleet/:vehicleId|admin JWT (Bearer or cookie selorg_admin_token)|ctrl.deleteVehicle|src/modules/rider/rider.routes.ts
PUT|/api/v1/rider/fleet/:vehicleId|admin JWT (Bearer or cookie selorg_admin_token)|ctrl.updateVehicle|src/modules/rider/rider.routes.ts
GET|/api/v1/rider/fleet/maintenance|admin JWT (Bearer or cookie selorg_admin_token)|ctrl.listMaintenanceTasks|src/modules/rider/rider.routes.ts
POST|/api/v1/rider/fleet/maintenance|admin JWT (Bearer or cookie selorg_admin_token)|ctrl.createMaintenanceTask|src/modules/rider/rider.routes.ts
GET|/api/v1/rider/fleet/maintenance/:taskId|admin JWT (Bearer or cookie selorg_admin_token)|ctrl.getMaintenanceTaskById|src/modules/rider/rider.routes.ts
PUT|/api/v1/rider/fleet/maintenance/:taskId|admin JWT (Bearer or cookie selorg_admin_token)|ctrl.updateMaintenanceTask|src/modules/rider/rider.routes.ts
GET|/api/v1/rider/fleet/summary|admin JWT (Bearer or cookie selorg_admin_token)|ctrl.getFleetSummary|src/modules/rider/rider.routes.ts
GET|/api/v1/rider/fleet/vehicles|admin JWT (Bearer or cookie selorg_admin_token)|ctrl.listVehicles|src/modules/rider/rider.routes.ts
POST|/api/v1/rider/fleet/vehicles|admin JWT (Bearer or cookie selorg_admin_token)|ctrl.createVehicle|src/modules/rider/rider.routes.ts
GET|/api/v1/rider/fleet/vehicles/:vehicleId|admin JWT (Bearer or cookie selorg_admin_token)|ctrl.getVehicleById|src/modules/rider/rider.routes.ts
PUT|/api/v1/rider/fleet/vehicles/:vehicleId|admin JWT (Bearer or cookie selorg_admin_token)|ctrl.updateVehicle|src/modules/rider/rider.routes.ts
GET|/api/v1/rider/health|public|(handler)|src/modules/rider/rider.routes.ts
GET|/api/v1/rider/hr/access|admin JWT (Bearer or cookie selorg_admin_token)|ctrl.listRiderAccess|src/modules/rider/rider.routes.ts
PUT|/api/v1/rider/hr/access/:riderId|admin JWT (Bearer or cookie selorg_admin_token)|ctrl.updateRiderAccess|src/modules/rider/rider.routes.ts
GET|/api/v1/rider/hr/compliance/:riderId/suspension|admin JWT (Bearer or cookie selorg_admin_token)|ctrl.getRiderSuspension|src/modules/rider/rider.routes.ts
PUT|/api/v1/rider/hr/compliance/:riderId/suspension|admin JWT (Bearer or cookie selorg_admin_token)|ctrl.manageSuspension|src/modules/rider/rider.routes.ts
GET|/api/v1/rider/hr/compliance/:riderId/violations|admin JWT (Bearer or cookie selorg_admin_token)|ctrl.getRiderViolations|src/modules/rider/rider.routes.ts
GET|/api/v1/rider/hr/compliance/alerts|admin JWT (Bearer or cookie selorg_admin_token)|ctrl.listComplianceAlerts|src/modules/rider/rider.routes.ts
GET|/api/v1/rider/hr/contracts|admin JWT (Bearer or cookie selorg_admin_token)|ctrl.listContracts|src/modules/rider/rider.routes.ts
GET|/api/v1/rider/hr/contracts/:riderId|admin JWT (Bearer or cookie selorg_admin_token)|ctrl.getRiderContract|src/modules/rider/rider.routes.ts
PUT|/api/v1/rider/hr/contracts/:riderId|admin JWT (Bearer or cookie selorg_admin_token)|ctrl.updateContract|src/modules/rider/rider.routes.ts
POST|/api/v1/rider/hr/contracts/:riderId/renew|admin JWT (Bearer or cookie selorg_admin_token)|ctrl.renewContract|src/modules/rider/rider.routes.ts
POST|/api/v1/rider/hr/contracts/:riderId/terminate|admin JWT (Bearer or cookie selorg_admin_token)|ctrl.terminateContract|src/modules/rider/rider.routes.ts
GET|/api/v1/rider/hr/dashboard/summary|admin JWT (Bearer or cookie selorg_admin_token)|ctrl.getHRDashboardSummary|src/modules/rider/rider.routes.ts
DELETE|/api/v1/rider/hr/devices/:riderId|admin JWT (Bearer or cookie selorg_admin_token)|ctrl.unassignDevice|src/modules/rider/rider.routes.ts
POST|/api/v1/rider/hr/devices/:riderId|admin JWT (Bearer or cookie selorg_admin_token)|ctrl.assignDevice|src/modules/rider/rider.routes.ts
GET|/api/v1/rider/hr/documents|admin JWT (Bearer or cookie selorg_admin_token)|ctrl.listDocuments|src/modules/rider/rider.routes.ts
GET|/api/v1/rider/hr/documents/:documentId|admin JWT (Bearer or cookie selorg_admin_token)|ctrl.getDocumentById|src/modules/rider/rider.routes.ts
PUT|/api/v1/rider/hr/documents/:documentId|admin JWT (Bearer or cookie selorg_admin_token)|ctrl.reviewDocument|src/modules/rider/rider.routes.ts
GET|/api/v1/rider/hr/documents/:documentId/download|admin JWT (Bearer or cookie selorg_admin_token)|ctrl.downloadDocument|src/modules/rider/rider.routes.ts
GET|/api/v1/rider/hr/documents/:documentId/history|admin JWT (Bearer or cookie selorg_admin_token)|ctrl.getDocumentHistory|src/modules/rider/rider.routes.ts
GET|/api/v1/rider/hr/documents/:documentId/rejection-reason|admin JWT (Bearer or cookie selorg_admin_token)|ctrl.getDocumentRejectionReason|src/modules/rider/rider.routes.ts
GET|/api/v1/rider/hr/riders|admin JWT (Bearer or cookie selorg_admin_token)|ctrl.listHRRiders|src/modules/rider/rider.routes.ts
POST|/api/v1/rider/hr/riders|admin JWT (Bearer or cookie selorg_admin_token)|ctrl.onboardRider|src/modules/rider/rider.routes.ts
GET|/api/v1/rider/hr/riders/:riderId|admin JWT (Bearer or cookie selorg_admin_token)|ctrl.getRiderHR|src/modules/rider/rider.routes.ts
PUT|/api/v1/rider/hr/riders/:riderId|admin JWT (Bearer or cookie selorg_admin_token)|ctrl.updateRiderHR|src/modules/rider/rider.routes.ts
POST|/api/v1/rider/hr/riders/:riderId/approve|admin JWT (Bearer or cookie selorg_admin_token)|ctrl.approveOnboarding|src/modules/rider/rider.routes.ts
POST|/api/v1/rider/hr/riders/:riderId/remind|admin JWT (Bearer or cookie selorg_admin_token)|ctrl.sendRiderReminder|src/modules/rider/rider.routes.ts
GET|/api/v1/rider/hr/training|admin JWT (Bearer or cookie selorg_admin_token)|ctrl.listTraining|src/modules/rider/rider.routes.ts
PUT|/api/v1/rider/hr/training/:riderId|admin JWT (Bearer or cookie selorg_admin_token)|ctrl.markTrainingCompleted|src/modules/rider/rider.routes.ts
GET|/api/v1/rider/kit/config|public|ctrl.getKitConfig|src/modules/rider/rider.routes.ts
POST|/api/v1/rider/kit/config|admin JWT (Bearer or cookie selorg_admin_token)|ctrl.updateKitConfig|src/modules/rider/rider.routes.ts
GET|/api/v1/rider/kit/training-videos|public|ctrl.getKitTrainingVideos|src/modules/rider/rider.routes.ts
POST|/api/v1/rider/kit/training-videos|admin JWT (Bearer or cookie selorg_admin_token)|ctrl.createKitTrainingVideo|src/modules/rider/rider.routes.ts
DELETE|/api/v1/rider/kit/training-videos/:id|admin JWT (Bearer or cookie selorg_admin_token)|ctrl.deleteKitTrainingVideo|src/modules/rider/rider.routes.ts
PUT|/api/v1/rider/kit/training-videos/:id|admin JWT (Bearer or cookie selorg_admin_token)|ctrl.updateKitTrainingVideo|src/modules/rider/rider.routes.ts
GET|/api/v1/rider/legal/config|public|ctrl.getLegalConfig|src/modules/rider/rider.routes.ts
GET|/api/v1/rider/legal/privacy|public|ctrl.getLegalPrivacy|src/modules/rider/rider.routes.ts
GET|/api/v1/rider/legal/terms|public|ctrl.getLegalTerms|src/modules/rider/rider.routes.ts
GET|/api/v1/rider/live-positions|admin JWT (Bearer or cookie selorg_admin_token)|ctrl.getLiveRiderPositions|src/modules/rider/rider.routes.ts
GET|/api/v1/rider/notifications|admin JWT (Bearer or cookie selorg_admin_token)|ctrl.listDashboardNotifications|src/modules/rider/rider.routes.ts
PUT|/api/v1/rider/notifications/:notificationId/read|admin JWT (Bearer or cookie selorg_admin_token)|ctrl.markNotificationRead|src/modules/rider/rider.routes.ts
POST|/api/v1/rider/notifications/read-all|admin JWT (Bearer or cookie selorg_admin_token)|ctrl.markAllNotificationsRead|src/modules/rider/rider.routes.ts
GET|/api/v1/rider/orders|admin JWT (Bearer or cookie selorg_admin_token)|ctrl.listRiderOrders|src/modules/rider/rider.routes.ts
POST|/api/v1/rider/orders/:orderId/alert|admin JWT (Bearer or cookie selorg_admin_token)|ctrl.alertRiderOrder|src/modules/rider/rider.routes.ts
POST|/api/v1/rider/orders/:orderId/assign|admin JWT (Bearer or cookie selorg_admin_token)|ctrl.assignRiderOrder|src/modules/rider/rider.routes.ts
GET|/api/v1/rider/search|admin JWT (Bearer or cookie selorg_admin_token)|ctrl.search|src/modules/rider/rider.routes.ts
GET|/api/v1/rider/shifts|admin JWT (Bearer or cookie selorg_admin_token)|ctrl.listShifts|src/modules/rider/rider.routes.ts
POST|/api/v1/rider/shifts|admin JWT (Bearer or cookie selorg_admin_token)|ctrl.createShift|src/modules/rider/rider.routes.ts
DELETE|/api/v1/rider/shifts/:shiftId|admin JWT (Bearer or cookie selorg_admin_token)|ctrl.deleteShift|src/modules/rider/rider.routes.ts
GET|/api/v1/rider/shifts/:shiftId|admin JWT (Bearer or cookie selorg_admin_token)|ctrl.getShiftById|src/modules/rider/rider.routes.ts
PUT|/api/v1/rider/shifts/:shiftId|admin JWT (Bearer or cookie selorg_admin_token)|ctrl.updateShift|src/modules/rider/rider.routes.ts
POST|/api/v1/rider/shifts/:shiftId/assign|admin JWT (Bearer or cookie selorg_admin_token)|ctrl.adminAssignRiderToShift|src/modules/rider/rider.routes.ts
GET|/api/v1/rider/shifts/:shiftId/assignments|admin JWT (Bearer or cookie selorg_admin_token)|ctrl.getShiftAssignments|src/modules/rider/rider.routes.ts
DELETE|/api/v1/rider/shifts/:shiftId/assignments/:riderId|admin JWT (Bearer or cookie selorg_admin_token)|ctrl.adminUnassignRiderFromShift|src/modules/rider/rider.routes.ts
POST|/api/v1/rider/shifts/:shiftId/unassign|admin JWT (Bearer or cookie selorg_admin_token)|ctrl.adminUnassignRiderFromShift|src/modules/rider/rider.routes.ts
GET|/api/v1/rider/shifts/available/list|admin JWT (Bearer or cookie selorg_admin_token)|ctrl.listAvailableShiftsForRider|src/modules/rider/rider.routes.ts
POST|/api/v1/rider/shifts/cancel|admin JWT (Bearer or cookie selorg_admin_token)|ctrl.cancelShiftForRider|src/modules/rider/rider.routes.ts
POST|/api/v1/rider/shifts/end|admin JWT (Bearer or cookie selorg_admin_token)|ctrl.endShiftForRider|src/modules/rider/rider.routes.ts
GET|/api/v1/rider/shifts/filter-options|admin JWT (Bearer or cookie selorg_admin_token)|ctrl.getShiftFilterOptions|src/modules/rider/rider.routes.ts
GET|/api/v1/rider/shifts/my|admin JWT (Bearer or cookie selorg_admin_token)|ctrl.getMyShiftsForRider|src/modules/rider/rider.routes.ts
POST|/api/v1/rider/shifts/select|admin JWT (Bearer or cookie selorg_admin_token)|ctrl.selectShiftForRider|src/modules/rider/rider.routes.ts
POST|/api/v1/rider/shifts/start|admin JWT (Bearer or cookie selorg_admin_token)|ctrl.startShiftForRider|src/modules/rider/rider.routes.ts
GET|/api/v1/rider/summary|admin JWT (Bearer or cookie selorg_admin_token)|ctrl.getSummary|src/modules/rider/rider.routes.ts
GET|/api/v1/rider/support-chat/conversation|customer JWT (Bearer)|controller.riderGetConversation|src/modules/support-chat/support-chat.routes.ts
GET|/api/v1/rider/support-chat/conversation/messages|customer JWT (Bearer)|controller.riderGetMessages|src/modules/support-chat/support-chat.routes.ts
POST|/api/v1/rider/support-chat/conversation/messages|customer JWT (Bearer)|controller.riderSendMessage|src/modules/support-chat/support-chat.routes.ts
POST|/api/v1/rider/support-chat/conversation/read|customer JWT (Bearer)|controller.riderMarkRead|src/modules/support-chat/support-chat.routes.ts
GET|/api/v1/rider/training/:riderId|admin JWT (Bearer or cookie selorg_admin_token)|ctrl.getRiderTraining|src/modules/rider/rider.routes.ts
POST|/api/v1/rider/training/:riderId/modules/:moduleId/complete|admin JWT (Bearer or cookie selorg_admin_token)|ctrl.markModuleComplete|src/modules/rider/rider.routes.ts
DELETE|/api/v1/shared/alerts|admin JWT (Bearer or cookie selorg_admin_token)|ctrl.clearResolvedAlerts|src/modules/shared/shared.routes.ts
GET|/api/v1/shared/alerts|admin JWT (Bearer or cookie selorg_admin_token)|ctrl.listAlerts|src/modules/shared/shared.routes.ts
GET|/api/v1/shared/alerts/:id|admin JWT (Bearer or cookie selorg_admin_token)|ctrl.getAlertById|src/modules/shared/shared.routes.ts
POST|/api/v1/shared/alerts/:id/action|admin JWT (Bearer or cookie selorg_admin_token)|ctrl.performAlertAction|src/modules/shared/shared.routes.ts
PUT|/api/v1/shared/alerts/read-all|admin JWT (Bearer or cookie selorg_admin_token)|ctrl.markAllAlertsRead|src/modules/shared/shared.routes.ts
GET|/api/v1/shared/analytics/dispatch-efficiency|admin JWT (Bearer or cookie selorg_admin_token)|ctrl.getDispatchEfficiency|src/modules/shared/shared.routes.ts
GET|/api/v1/shared/analytics/drill-down|admin JWT (Bearer or cookie selorg_admin_token)|ctrl.getDrillDown|src/modules/shared/shared.routes.ts
GET|/api/v1/shared/analytics/fleet-utilization|admin JWT (Bearer or cookie selorg_admin_token)|ctrl.getFleetUtilization|src/modules/shared/shared.routes.ts
GET|/api/v1/shared/analytics/hub-comparison|admin JWT (Bearer or cookie selorg_admin_token)|ctrl.getHubComparison|src/modules/shared/shared.routes.ts
POST|/api/v1/shared/analytics/reports/export|admin JWT (Bearer or cookie selorg_admin_token)|ctrl.exportReport|src/modules/shared/shared.routes.ts
GET|/api/v1/shared/analytics/reports/schedules|admin JWT (Bearer or cookie selorg_admin_token)|ctrl.getReportSchedules|src/modules/shared/shared.routes.ts
POST|/api/v1/shared/analytics/reports/schedules|admin JWT (Bearer or cookie selorg_admin_token)|ctrl.createReportSchedule|src/modules/shared/shared.routes.ts
GET|/api/v1/shared/analytics/rider-leaderboard|admin JWT (Bearer or cookie selorg_admin_token)|ctrl.getRiderLeaderboard|src/modules/shared/shared.routes.ts
GET|/api/v1/shared/analytics/rider-performance|admin JWT (Bearer or cookie selorg_admin_token)|ctrl.getRiderPerformance|src/modules/shared/shared.routes.ts
GET|/api/v1/shared/analytics/sla-adherence|admin JWT (Bearer or cookie selorg_admin_token)|ctrl.getSlaAdherence|src/modules/shared/shared.routes.ts
POST|/api/v1/shared/approvals/batch-approve|admin JWT (Bearer or cookie selorg_admin_token)|ctrl.batchApprove|src/modules/shared/shared.routes.ts
GET|/api/v1/shared/approvals/queue|admin JWT (Bearer or cookie selorg_admin_token)|ctrl.listApprovals|src/modules/shared/shared.routes.ts
POST|/api/v1/shared/approvals/queue|admin JWT (Bearer or cookie selorg_admin_token)|ctrl.createApprovalRequest|src/modules/shared/shared.routes.ts
GET|/api/v1/shared/approvals/queue/:id|admin JWT (Bearer or cookie selorg_admin_token)|ctrl.getApprovalById|src/modules/shared/shared.routes.ts
POST|/api/v1/shared/approvals/queue/:id/approve|admin JWT (Bearer or cookie selorg_admin_token)|ctrl.approveRequest|src/modules/shared/shared.routes.ts
POST|/api/v1/shared/approvals/queue/:id/reject|admin JWT (Bearer or cookie selorg_admin_token)|ctrl.rejectRequest|src/modules/shared/shared.routes.ts
GET|/api/v1/shared/approvals/summary|admin JWT (Bearer or cookie selorg_admin_token)|ctrl.getApprovalSummary|src/modules/shared/shared.routes.ts
DELETE|/api/v1/shared/bulk-ops/:type|admin JWT (Bearer or cookie selorg_admin_token)|ctrl.deleteByType|src/modules/shared/shared.routes.ts
GET|/api/v1/shared/bulk-ops/export/:type|admin JWT (Bearer or cookie selorg_admin_token)|ctrl.exportByType|src/modules/shared/shared.routes.ts
POST|/api/v1/shared/bulk-ops/import/products|admin JWT (Bearer or cookie selorg_admin_token)|ctrl.importProducts|src/modules/shared/shared.routes.ts
POST|/api/v1/shared/bulk-ops/inventory|admin JWT (Bearer or cookie selorg_admin_token)|ctrl.bulkInventory|src/modules/shared/shared.routes.ts
POST|/api/v1/shared/bulk-ops/orders|admin JWT (Bearer or cookie selorg_admin_token)|ctrl.bulkOrders|src/modules/shared/shared.routes.ts
POST|/api/v1/shared/bulk-ops/products|admin JWT (Bearer or cookie selorg_admin_token)|ctrl.bulkProducts|src/modules/shared/shared.routes.ts
POST|/api/v1/shared/call-logs|admin JWT (Bearer or cookie selorg_admin_token)|ctrl.createCallLog|src/modules/shared/shared.routes.ts
GET|/api/v1/shared/call-logs/by-customer/:customerId|admin JWT (Bearer or cookie selorg_admin_token)|ctrl.getCallLogsByCustomer|src/modules/shared/shared.routes.ts
GET|/api/v1/shared/call-logs/by-order/:orderId|admin JWT (Bearer or cookie selorg_admin_token)|ctrl.getCallLogsByOrder|src/modules/shared/shared.routes.ts
GET|/api/v1/shared/call-logs/by-ticket/:ticketId|admin JWT (Bearer or cookie selorg_admin_token)|ctrl.getCallLogsByTicket|src/modules/shared/shared.routes.ts
POST|/api/v1/shared/communication/broadcasts|admin JWT (Bearer or cookie selorg_admin_token)|ctrl.createBroadcast|src/modules/shared/shared.routes.ts
GET|/api/v1/shared/communication/chats|admin JWT (Bearer or cookie selorg_admin_token)|ctrl.listChats|src/modules/shared/shared.routes.ts
GET|/api/v1/shared/communication/chats/:id|admin JWT (Bearer or cookie selorg_admin_token)|ctrl.getChatById|src/modules/shared/shared.routes.ts
POST|/api/v1/shared/communication/chats/:id/flag|admin JWT (Bearer or cookie selorg_admin_token)|ctrl.flagChat|src/modules/shared/shared.routes.ts
POST|/api/v1/shared/communication/chats/:id/messages|admin JWT (Bearer or cookie selorg_admin_token)|ctrl.sendChatMessage|src/modules/shared/shared.routes.ts
PUT|/api/v1/shared/communication/chats/:id/read|admin JWT (Bearer or cookie selorg_admin_token)|ctrl.markChatRead|src/modules/shared/shared.routes.ts
GET|/api/v1/shared/dashboard/summary|admin JWT (Bearer or cookie selorg_admin_token)|ctrl.getDashboardSummary|src/modules/shared/shared.routes.ts
POST|/api/v1/shared/escalations|admin JWT (Bearer or cookie selorg_admin_token)|ctrl.createEscalation|src/modules/shared/shared.routes.ts
GET|/api/v1/shared/escalations/:id|admin JWT (Bearer or cookie selorg_admin_token)|ctrl.getEscalationById|src/modules/shared/shared.routes.ts
PATCH|/api/v1/shared/escalations/:id|admin JWT (Bearer or cookie selorg_admin_token)|ctrl.updateEscalation|src/modules/shared/shared.routes.ts
PATCH|/api/v1/shared/escalations/:id/assign|admin JWT (Bearer or cookie selorg_admin_token)|ctrl.assignEscalation|src/modules/shared/shared.routes.ts
PATCH|/api/v1/shared/escalations/:id/resolve|admin JWT (Bearer or cookie selorg_admin_token)|ctrl.resolveEscalation|src/modules/shared/shared.routes.ts
GET|/api/v1/shared/escalations/by-team/:team|admin JWT (Bearer or cookie selorg_admin_token)|ctrl.getEscalationsByTeam|src/modules/shared/shared.routes.ts
POST|/api/v1/shared/inventory-sync/bulk|admin JWT (Bearer or cookie selorg_admin_token)|ctrl.bulkInventorySync|src/modules/shared/shared.routes.ts
GET|/api/v1/shared/inventory-sync/status|admin JWT (Bearer or cookie selorg_admin_token)|ctrl.getInventorySyncStatus|src/modules/shared/shared.routes.ts
POST|/api/v1/shared/inventory-sync/store-to-warehouse|admin JWT (Bearer or cookie selorg_admin_token)|ctrl.syncStoreToWarehouse|src/modules/shared/shared.routes.ts
POST|/api/v1/shared/inventory-sync/warehouse-to-store|admin JWT (Bearer or cookie selorg_admin_token)|ctrl.syncWarehouseToStore|src/modules/shared/shared.routes.ts
GET|/api/v1/shared/search|admin JWT (Bearer or cookie selorg_admin_token)|ctrl.globalSearch|src/modules/shared/shared.routes.ts
GET|/api/v1/shared/search/recent|admin JWT (Bearer or cookie selorg_admin_token)|ctrl.getRecentSearches|src/modules/shared/shared.routes.ts
GET|/api/v1/shared/search/suggestions|admin JWT (Bearer or cookie selorg_admin_token)|ctrl.getSearchSuggestions|src/modules/shared/shared.routes.ts
GET|/api/v1/shared/system-health|admin JWT (Bearer or cookie selorg_admin_token)|ctrl.getSystemHealthSummary|src/modules/shared/shared.routes.ts
GET|/api/v1/shared/system-health/devices|admin JWT (Bearer or cookie selorg_admin_token)|ctrl.listSystemDevices|src/modules/shared/shared.routes.ts
GET|/api/v1/shared/system-health/devices/:id|admin JWT (Bearer or cookie selorg_admin_token)|ctrl.getSystemDeviceById|src/modules/shared/shared.routes.ts
GET|/api/v1/shared/system-health/diagnostics/reports/:reportId|admin JWT (Bearer or cookie selorg_admin_token)|ctrl.getDiagnosticsReport|src/modules/shared/shared.routes.ts
POST|/api/v1/shared/system-health/diagnostics/run|admin JWT (Bearer or cookie selorg_admin_token)|ctrl.runDiagnostics|src/modules/shared/shared.routes.ts
GET|/api/v1/shared/workflow/rules|admin JWT (Bearer or cookie selorg_admin_token)|ctrl.listWorkflowRules|src/modules/shared/shared.routes.ts
POST|/api/v1/shared/workflow/rules|admin JWT (Bearer or cookie selorg_admin_token)|ctrl.createWorkflowRule|src/modules/shared/shared.routes.ts
POST|/api/v1/shared/workflow/schedule|admin JWT (Bearer or cookie selorg_admin_token)|ctrl.scheduleWorkflow|src/modules/shared/shared.routes.ts
POST|/api/v1/shared/workflow/trigger|admin JWT (Bearer or cookie selorg_admin_token)|ctrl.triggerWorkflow|src/modules/shared/shared.routes.ts
POST|/api/v1/support/tickets|public|supportController.createPublicTicket|src/modules/support/support.routes.ts
GET|/api/v1/warehouse/analytics|admin JWT (Bearer or cookie selorg_admin_token)|getAnalytics|src/modules/warehouse/warehouse.routes.ts
GET|/api/v1/warehouse/attendance/live|admin JWT (Bearer or cookie selorg_admin_token)|getLiveAttendance|src/modules/warehouse/warehouse.routes.ts
GET|/api/v1/warehouse/daily-report|admin JWT (Bearer or cookie selorg_admin_token)|getDailyReport|src/modules/warehouse/warehouse.routes.ts
GET|/api/v1/warehouse/darkstore-requests|admin JWT (Bearer or cookie selorg_admin_token)|getWDTransferRequests|src/modules/warehouse/warehouse.routes.ts
GET|/api/v1/warehouse/darkstore-requests/:id|admin JWT (Bearer or cookie selorg_admin_token)|getWDTransferRequestById|src/modules/warehouse/warehouse.routes.ts
POST|/api/v1/warehouse/darkstore-requests/:id/accept|admin JWT (Bearer or cookie selorg_admin_token)|acceptWDTransferRequest|src/modules/warehouse/warehouse.routes.ts
POST|/api/v1/warehouse/darkstore-requests/:id/dispatch|admin JWT (Bearer or cookie selorg_admin_token)|dispatchWDTransferRequest|src/modules/warehouse/warehouse.routes.ts
GET|/api/v1/warehouse/darkstore-requests/:id/logs|admin JWT (Bearer or cookie selorg_admin_token)|getWDTransferLogs|src/modules/warehouse/warehouse.routes.ts
POST|/api/v1/warehouse/darkstore-requests/:id/pack|admin JWT (Bearer or cookie selorg_admin_token)|packWDTransferRequest|src/modules/warehouse/warehouse.routes.ts
POST|/api/v1/warehouse/darkstore-requests/:id/reject|admin JWT (Bearer or cookie selorg_admin_token)|rejectWDTransferRequest|src/modules/warehouse/warehouse.routes.ts
GET|/api/v1/warehouse/devices|admin JWT (Bearer or cookie selorg_admin_token)|listDevices|src/modules/warehouse/warehouse.routes.ts
POST|/api/v1/warehouse/devices|admin JWT (Bearer or cookie selorg_admin_token)|createDevice|src/modules/warehouse/warehouse.routes.ts
PATCH|/api/v1/warehouse/devices/:id|admin JWT (Bearer or cookie selorg_admin_token)|patchDevice|src/modules/warehouse/warehouse.routes.ts
GET|/api/v1/warehouse/equipment/devices|admin JWT (Bearer or cookie selorg_admin_token)|getEquipmentDevices|src/modules/warehouse/warehouse.routes.ts
GET|/api/v1/warehouse/equipment/devices/:id|admin JWT (Bearer or cookie selorg_admin_token)|getEquipmentDeviceDetails|src/modules/warehouse/warehouse.routes.ts
GET|/api/v1/warehouse/equipment/export|admin JWT (Bearer or cookie selorg_admin_token)|exportEquipment|src/modules/warehouse/warehouse.routes.ts
GET|/api/v1/warehouse/equipment/machinery|admin JWT (Bearer or cookie selorg_admin_token)|getMachinery|src/modules/warehouse/warehouse.routes.ts
POST|/api/v1/warehouse/equipment/machinery|admin JWT (Bearer or cookie selorg_admin_token)|addMachinery|src/modules/warehouse/warehouse.routes.ts
GET|/api/v1/warehouse/equipment/machinery/:id|admin JWT (Bearer or cookie selorg_admin_token)|getMachineryDetails|src/modules/warehouse/warehouse.routes.ts
POST|/api/v1/warehouse/equipment/machinery/:id/issue|admin JWT (Bearer or cookie selorg_admin_token)|reportEquipmentIssue|src/modules/warehouse/warehouse.routes.ts
POST|/api/v1/warehouse/equipment/machinery/:id/resolve|admin JWT (Bearer or cookie selorg_admin_token)|resolveEquipmentIssue|src/modules/warehouse/warehouse.routes.ts
GET|/api/v1/warehouse/exceptions|admin JWT (Bearer or cookie selorg_admin_token)|getExceptions|src/modules/warehouse/warehouse.routes.ts
POST|/api/v1/warehouse/exceptions|admin JWT (Bearer or cookie selorg_admin_token)|reportException|src/modules/warehouse/warehouse.routes.ts
GET|/api/v1/warehouse/exceptions/:id|admin JWT (Bearer or cookie selorg_admin_token)|getExceptionDetails|src/modules/warehouse/warehouse.routes.ts
POST|/api/v1/warehouse/exceptions/:id/accept-partial|admin JWT (Bearer or cookie selorg_admin_token)|acceptPartial|src/modules/warehouse/warehouse.routes.ts
POST|/api/v1/warehouse/exceptions/:id/reject-shipment|admin JWT (Bearer or cookie selorg_admin_token)|rejectShipment|src/modules/warehouse/warehouse.routes.ts
PUT|/api/v1/warehouse/exceptions/:id/status|admin JWT (Bearer or cookie selorg_admin_token)|updateExceptionStatus|src/modules/warehouse/warehouse.routes.ts
GET|/api/v1/warehouse/exceptions/export|admin JWT (Bearer or cookie selorg_admin_token)|exportExceptions|src/modules/warehouse/warehouse.routes.ts
GET|/api/v1/warehouse/health|admin JWT (Bearer or cookie selorg_admin_token)|(handler)|src/modules/warehouse/warehouse.routes.ts
GET|/api/v1/warehouse/inbound/docks|admin JWT (Bearer or cookie selorg_admin_token)|getDocks|src/modules/warehouse/warehouse.routes.ts
PUT|/api/v1/warehouse/inbound/docks/:id|admin JWT (Bearer or cookie selorg_admin_token)|updateDock|src/modules/warehouse/warehouse.routes.ts
GET|/api/v1/warehouse/inbound/grns|admin JWT (Bearer or cookie selorg_admin_token)|getGRNs|src/modules/warehouse/warehouse.routes.ts
POST|/api/v1/warehouse/inbound/grns|admin JWT (Bearer or cookie selorg_admin_token)|createGRN|src/modules/warehouse/warehouse.routes.ts
GET|/api/v1/warehouse/inbound/grns/:id|admin JWT (Bearer or cookie selorg_admin_token)|getGRNDetails|src/modules/warehouse/warehouse.routes.ts
POST|/api/v1/warehouse/inbound/grns/:id/complete|admin JWT (Bearer or cookie selorg_admin_token)|completeGRN|src/modules/warehouse/warehouse.routes.ts
POST|/api/v1/warehouse/inbound/grns/:id/discrepancy|admin JWT (Bearer or cookie selorg_admin_token)|logGRNDiscrepancy|src/modules/warehouse/warehouse.routes.ts
POST|/api/v1/warehouse/inbound/grns/:id/start|admin JWT (Bearer or cookie selorg_admin_token)|startGRN|src/modules/warehouse/warehouse.routes.ts
GET|/api/v1/warehouse/inbound/grns/export|admin JWT (Bearer or cookie selorg_admin_token)|exportGRNs|src/modules/warehouse/warehouse.routes.ts
GET|/api/v1/warehouse/inbound/summary|admin JWT (Bearer or cookie selorg_admin_token)|getInboundSummary|src/modules/warehouse/warehouse.routes.ts
GET|/api/v1/warehouse/inventory/adjustments|admin JWT (Bearer or cookie selorg_admin_token)|listAdjustments|src/modules/warehouse/warehouse.routes.ts
POST|/api/v1/warehouse/inventory/adjustments|admin JWT (Bearer or cookie selorg_admin_token)|createAdjustment|src/modules/warehouse/warehouse.routes.ts
GET|/api/v1/warehouse/inventory/alerts|admin JWT (Bearer or cookie selorg_admin_token)|listStockAlerts|src/modules/warehouse/warehouse.routes.ts
POST|/api/v1/warehouse/inventory/alerts/:id/reorder|admin JWT (Bearer or cookie selorg_admin_token)|createReorderRequest|src/modules/warehouse/warehouse.routes.ts
POST|/api/v1/warehouse/inventory/alerts/generate|admin JWT (Bearer or cookie selorg_admin_token)|generateStockAlerts|src/modules/warehouse/warehouse.routes.ts
GET|/api/v1/warehouse/inventory/cycle-counts|admin JWT (Bearer or cookie selorg_admin_token)|listCycleCounts|src/modules/warehouse/warehouse.routes.ts
POST|/api/v1/warehouse/inventory/cycle-counts|admin JWT (Bearer or cookie selorg_admin_token)|createCycleCount|src/modules/warehouse/warehouse.routes.ts
GET|/api/v1/warehouse/inventory/cycle-counts/:id|admin JWT (Bearer or cookie selorg_admin_token)|getCycleCountById|src/modules/warehouse/warehouse.routes.ts
PUT|/api/v1/warehouse/inventory/cycle-counts/:id|admin JWT (Bearer or cookie selorg_admin_token)|updateCycleCount|src/modules/warehouse/warehouse.routes.ts
POST|/api/v1/warehouse/inventory/cycle-counts/:id/complete|admin JWT (Bearer or cookie selorg_admin_token)|completeCycleCount|src/modules/warehouse/warehouse.routes.ts
PUT|/api/v1/warehouse/inventory/cycle-counts/:id/complete|admin JWT (Bearer or cookie selorg_admin_token)|completeCycleCount|src/modules/warehouse/warehouse.routes.ts
POST|/api/v1/warehouse/inventory/cycle-counts/:id/start|admin JWT (Bearer or cookie selorg_admin_token)|startCycleCount|src/modules/warehouse/warehouse.routes.ts
PUT|/api/v1/warehouse/inventory/cycle-counts/:id/start|admin JWT (Bearer or cookie selorg_admin_token)|startCycleCount|src/modules/warehouse/warehouse.routes.ts
GET|/api/v1/warehouse/inventory/export|admin JWT (Bearer or cookie selorg_admin_token)|exportInventory|src/modules/warehouse/warehouse.routes.ts
GET|/api/v1/warehouse/inventory/items|admin JWT (Bearer or cookie selorg_admin_token)|listInventoryItems|src/modules/warehouse/warehouse.routes.ts
GET|/api/v1/warehouse/inventory/items/:id|admin JWT (Bearer or cookie selorg_admin_token)|getInventoryItemById|src/modules/warehouse/warehouse.routes.ts
PUT|/api/v1/warehouse/inventory/items/:id|admin JWT (Bearer or cookie selorg_admin_token)|updateInventoryItem|src/modules/warehouse/warehouse.routes.ts
GET|/api/v1/warehouse/inventory/locations|admin JWT (Bearer or cookie selorg_admin_token)|listStorageLocations|src/modules/warehouse/warehouse.routes.ts
GET|/api/v1/warehouse/inventory/locations/:id|admin JWT (Bearer or cookie selorg_admin_token)|getStorageLocationById|src/modules/warehouse/warehouse.routes.ts
GET|/api/v1/warehouse/inventory/meta|admin JWT (Bearer or cookie selorg_admin_token)|getInventoryMeta|src/modules/warehouse/warehouse.routes.ts
POST|/api/v1/warehouse/inventory/reorder|admin JWT (Bearer or cookie selorg_admin_token)|createReorderRequest|src/modules/warehouse/warehouse.routes.ts
POST|/api/v1/warehouse/inventory/stock/:sku/adjust|admin JWT (Bearer or cookie selorg_admin_token)|createAdjustment|src/modules/warehouse/warehouse.routes.ts
GET|/api/v1/warehouse/inventory/summary|admin JWT (Bearer or cookie selorg_admin_token)|getInventorySummary|src/modules/warehouse/warehouse.routes.ts
GET|/api/v1/warehouse/inventory/transfers|admin JWT (Bearer or cookie selorg_admin_token)|listInternalTransfers|src/modules/warehouse/warehouse.routes.ts
POST|/api/v1/warehouse/inventory/transfers|admin JWT (Bearer or cookie selorg_admin_token)|createInternalTransfer|src/modules/warehouse/warehouse.routes.ts
GET|/api/v1/warehouse/inventory/transfers/:id|admin JWT (Bearer or cookie selorg_admin_token)|getInternalTransferById|src/modules/warehouse/warehouse.routes.ts
POST|/api/v1/warehouse/inventory/transfers/:id/complete|admin JWT (Bearer or cookie selorg_admin_token)|updateTransferStatus|src/modules/warehouse/warehouse.routes.ts
PUT|/api/v1/warehouse/inventory/transfers/:id/status|admin JWT (Bearer or cookie selorg_admin_token)|updateTransferStatus|src/modules/warehouse/warehouse.routes.ts
GET|/api/v1/warehouse/metrics|admin JWT (Bearer or cookie selorg_admin_token)|getWarehouseMetrics|src/modules/warehouse/warehouse.routes.ts
GET|/api/v1/warehouse/notifications|admin JWT (Bearer or cookie selorg_admin_token)|listNotifications|src/modules/warehouse/warehouse.routes.ts
PATCH|/api/v1/warehouse/notifications/:id/read|admin JWT (Bearer or cookie selorg_admin_token)|markNotificationRead|src/modules/warehouse/warehouse.routes.ts
POST|/api/v1/warehouse/notifications/read-all|admin JWT (Bearer or cookie selorg_admin_token)|markAllNotificationsRead|src/modules/warehouse/warehouse.routes.ts
GET|/api/v1/warehouse/operations|admin JWT (Bearer or cookie selorg_admin_token)|getOperationsView|src/modules/warehouse/warehouse.routes.ts
GET|/api/v1/warehouse/order-flow|admin JWT (Bearer or cookie selorg_admin_token)|getOrderFlow|src/modules/warehouse/warehouse.routes.ts
GET|/api/v1/warehouse/orders|admin JWT (Bearer or cookie selorg_admin_token)|listOrders|src/modules/warehouse/warehouse.routes.ts
POST|/api/v1/warehouse/orders/:orderId/alert|admin JWT (Bearer or cookie selorg_admin_token)|alertOrder|src/modules/warehouse/warehouse.routes.ts
POST|/api/v1/warehouse/orders/:orderId/assign|admin JWT (Bearer or cookie selorg_admin_token)|assignOrder|src/modules/warehouse/warehouse.routes.ts
GET|/api/v1/warehouse/outbound/batches|admin JWT (Bearer or cookie selorg_admin_token)|listBatches|src/modules/warehouse/warehouse.routes.ts
POST|/api/v1/warehouse/outbound/batches|admin JWT (Bearer or cookie selorg_admin_token)|createBatch|src/modules/warehouse/warehouse.routes.ts
GET|/api/v1/warehouse/outbound/batches/:id|admin JWT (Bearer or cookie selorg_admin_token)|getBatchDetails|src/modules/warehouse/warehouse.routes.ts
GET|/api/v1/warehouse/outbound/consolidated-picks|admin JWT (Bearer or cookie selorg_admin_token)|getConsolidatedPicks|src/modules/warehouse/warehouse.routes.ts
GET|/api/v1/warehouse/outbound/pickers|admin JWT (Bearer or cookie selorg_admin_token)|getPickers|src/modules/warehouse/warehouse.routes.ts
GET|/api/v1/warehouse/outbound/pickers/:id/orders|admin JWT (Bearer or cookie selorg_admin_token)|getPickerOrders|src/modules/warehouse/warehouse.routes.ts
GET|/api/v1/warehouse/outbound/picklists|admin JWT (Bearer or cookie selorg_admin_token)|getPicklists|src/modules/warehouse/warehouse.routes.ts
GET|/api/v1/warehouse/outbound/picklists/:id|admin JWT (Bearer or cookie selorg_admin_token)|getPicklistDetails|src/modules/warehouse/warehouse.routes.ts
POST|/api/v1/warehouse/outbound/picklists/:id/assign|admin JWT (Bearer or cookie selorg_admin_token)|assignPicker|src/modules/warehouse/warehouse.routes.ts
GET|/api/v1/warehouse/outbound/routes/:id/map|admin JWT (Bearer or cookie selorg_admin_token)|getRouteMap|src/modules/warehouse/warehouse.routes.ts
GET|/api/v1/warehouse/outbound/routes/active/map|admin JWT (Bearer or cookie selorg_admin_token)|getActiveRoutes|src/modules/warehouse/warehouse.routes.ts
GET|/api/v1/warehouse/qc/checks|admin JWT (Bearer or cookie selorg_admin_token)|getComplianceChecks|src/modules/warehouse/warehouse.routes.ts
PUT|/api/v1/warehouse/qc/checks/:id|admin JWT (Bearer or cookie selorg_admin_token)|toggleComplianceCheck|src/modules/warehouse/warehouse.routes.ts
GET|/api/v1/warehouse/qc/compliance-docs|admin JWT (Bearer or cookie selorg_admin_token)|getComplianceDocs|src/modules/warehouse/warehouse.routes.ts
GET|/api/v1/warehouse/qc/compliance-docs/:id|admin JWT (Bearer or cookie selorg_admin_token)|getComplianceDoc|src/modules/warehouse/warehouse.routes.ts
GET|/api/v1/warehouse/qc/compliance-docs/:id/download|admin JWT (Bearer or cookie selorg_admin_token)|getComplianceDoc|src/modules/warehouse/warehouse.routes.ts
GET|/api/v1/warehouse/qc/compliance-docs/:id/view|admin JWT (Bearer or cookie selorg_admin_token)|getComplianceDoc|src/modules/warehouse/warehouse.routes.ts
GET|/api/v1/warehouse/qc/inspections|admin JWT (Bearer or cookie selorg_admin_token)|getInspections|src/modules/warehouse/warehouse.routes.ts
POST|/api/v1/warehouse/qc/inspections|admin JWT (Bearer or cookie selorg_admin_token)|createInspection|src/modules/warehouse/warehouse.routes.ts
GET|/api/v1/warehouse/qc/inspections/:id|admin JWT (Bearer or cookie selorg_admin_token)|getInspectionDetails|src/modules/warehouse/warehouse.routes.ts
GET|/api/v1/warehouse/qc/inspections/:id/report|admin JWT (Bearer or cookie selorg_admin_token)|getInspectionDetails|src/modules/warehouse/warehouse.routes.ts
PUT|/api/v1/warehouse/qc/inspections/:id/update|admin JWT (Bearer or cookie selorg_admin_token)|updateInspection|src/modules/warehouse/warehouse.routes.ts
GET|/api/v1/warehouse/qc/rejections|admin JWT (Bearer or cookie selorg_admin_token)|getRejections|src/modules/warehouse/warehouse.routes.ts
POST|/api/v1/warehouse/qc/rejections|admin JWT (Bearer or cookie selorg_admin_token)|logRejection|src/modules/warehouse/warehouse.routes.ts
GET|/api/v1/warehouse/qc/samples|admin JWT (Bearer or cookie selorg_admin_token)|getSamples|src/modules/warehouse/warehouse.routes.ts
POST|/api/v1/warehouse/qc/samples|admin JWT (Bearer or cookie selorg_admin_token)|createSample|src/modules/warehouse/warehouse.routes.ts
GET|/api/v1/warehouse/qc/samples/:id/report|admin JWT (Bearer or cookie selorg_admin_token)|updateSample|src/modules/warehouse/warehouse.routes.ts
PUT|/api/v1/warehouse/qc/samples/:id/update|admin JWT (Bearer or cookie selorg_admin_token)|updateSample|src/modules/warehouse/warehouse.routes.ts
GET|/api/v1/warehouse/qc/temperature-logs|admin JWT (Bearer or cookie selorg_admin_token)|getTemperatureLogs|src/modules/warehouse/warehouse.routes.ts
POST|/api/v1/warehouse/qc/temperature-logs|admin JWT (Bearer or cookie selorg_admin_token)|createTemperatureLog|src/modules/warehouse/warehouse.routes.ts
GET|/api/v1/warehouse/qc/temperature-logs/:id/chart|admin JWT (Bearer or cookie selorg_admin_token)|getTempChart|src/modules/warehouse/warehouse.routes.ts
GET|/api/v1/warehouse/reports/daily|admin JWT (Bearer or cookie selorg_admin_token)|getReportsDaily|src/modules/warehouse/warehouse.routes.ts
GET|/api/v1/warehouse/reports/inventory-by-category|admin JWT (Bearer or cookie selorg_admin_token)|getInventoryByCategory|src/modules/warehouse/warehouse.routes.ts
GET|/api/v1/warehouse/reports/inventory-health|admin JWT (Bearer or cookie selorg_admin_token)|getInventoryHealth|src/modules/warehouse/warehouse.routes.ts
GET|/api/v1/warehouse/reports/inventory-health/export|admin JWT (Bearer or cookie selorg_admin_token)|exportInventoryHealth|src/modules/warehouse/warehouse.routes.ts
GET|/api/v1/warehouse/reports/operational-slas|admin JWT (Bearer or cookie selorg_admin_token)|getOperationalSLAs|src/modules/warehouse/warehouse.routes.ts
GET|/api/v1/warehouse/reports/operational-slas/export|admin JWT (Bearer or cookie selorg_admin_token)|exportSLAMetrics|src/modules/warehouse/warehouse.routes.ts
GET|/api/v1/warehouse/reports/operations-view|admin JWT (Bearer or cookie selorg_admin_token)|getReportsOperationsView|src/modules/warehouse/warehouse.routes.ts
GET|/api/v1/warehouse/reports/output-trends|admin JWT (Bearer or cookie selorg_admin_token)|getOutputTrends|src/modules/warehouse/warehouse.routes.ts
GET|/api/v1/warehouse/reports/productivity|admin JWT (Bearer or cookie selorg_admin_token)|getProductivity|src/modules/warehouse/warehouse.routes.ts
GET|/api/v1/warehouse/reports/productivity/export|admin JWT (Bearer or cookie selorg_admin_token)|exportProductivity|src/modules/warehouse/warehouse.routes.ts
GET|/api/v1/warehouse/reports/storage-utilization|admin JWT (Bearer or cookie selorg_admin_token)|getStorageUtilization|src/modules/warehouse/warehouse.routes.ts
GET|/api/v1/warehouse/staff|admin JWT (Bearer or cookie selorg_admin_token)|listStaff|src/modules/warehouse/warehouse.routes.ts
GET|/api/v1/warehouse/staff/absences|admin JWT (Bearer or cookie selorg_admin_token)|listAbsences|src/modules/warehouse/warehouse.routes.ts
POST|/api/v1/warehouse/staff/absences|admin JWT (Bearer or cookie selorg_admin_token)|logAbsence|src/modules/warehouse/warehouse.routes.ts
GET|/api/v1/warehouse/staff/incentive-criteria|admin JWT (Bearer or cookie selorg_admin_token)|getIncentiveCriteria|src/modules/warehouse/warehouse.routes.ts
GET|/api/v1/warehouse/staff/performance|admin JWT (Bearer or cookie selorg_admin_token)|getStaffPerformance|src/modules/warehouse/warehouse.routes.ts
GET|/api/v1/warehouse/staff/roster/weekly|admin JWT (Bearer or cookie selorg_admin_token)|getWeeklyRoster|src/modules/warehouse/warehouse.routes.ts
POST|/api/v1/warehouse/staff/roster/weekly/publish|admin JWT (Bearer or cookie selorg_admin_token)|publishWeeklyRoster|src/modules/warehouse/warehouse.routes.ts
GET|/api/v1/warehouse/staff/shifts|admin JWT (Bearer or cookie selorg_admin_token)|listShifts|src/modules/warehouse/warehouse.routes.ts
POST|/api/v1/warehouse/staff/shifts|admin JWT (Bearer or cookie selorg_admin_token)|createShift|src/modules/warehouse/warehouse.routes.ts
GET|/api/v1/warehouse/staff/shifts/:id|admin JWT (Bearer or cookie selorg_admin_token)|getShiftById|src/modules/warehouse/warehouse.routes.ts
PUT|/api/v1/warehouse/staff/shifts/:id|admin JWT (Bearer or cookie selorg_admin_token)|updateShift|src/modules/warehouse/warehouse.routes.ts
POST|/api/v1/warehouse/staff/shifts/auto-assign|admin JWT (Bearer or cookie selorg_admin_token)|autoAssignShifts|src/modules/warehouse/warehouse.routes.ts
GET|/api/v1/warehouse/staff/shifts/coverage|admin JWT (Bearer or cookie selorg_admin_token)|getShiftCoverage|src/modules/warehouse/warehouse.routes.ts
GET|/api/v1/warehouse/staff/summary|admin JWT (Bearer or cookie selorg_admin_token)|getStaffSummary|src/modules/warehouse/warehouse.routes.ts
GET|/api/v1/warehouse/transfers|admin JWT (Bearer or cookie selorg_admin_token)|listInterWarehouseTransfers|src/modules/warehouse/warehouse.routes.ts
POST|/api/v1/warehouse/transfers|admin JWT (Bearer or cookie selorg_admin_token)|requestInterWarehouseTransfer|src/modules/warehouse/warehouse.routes.ts
GET|/api/v1/warehouse/transfers/:id|admin JWT (Bearer or cookie selorg_admin_token)|getInterWarehouseTransferDetails|src/modules/warehouse/warehouse.routes.ts
GET|/api/v1/warehouse/transfers/:id/items|admin JWT (Bearer or cookie selorg_admin_token)|getInterWarehouseTransferItems|src/modules/warehouse/warehouse.routes.ts
PUT|/api/v1/warehouse/transfers/:id/status|admin JWT (Bearer or cookie selorg_admin_token)|updateInterWarehouseTransferStatus|src/modules/warehouse/warehouse.routes.ts
GET|/api/v1/warehouse/transfers/export|admin JWT (Bearer or cookie selorg_admin_token)|exportInterWarehouseTransfers|src/modules/warehouse/warehouse.routes.ts
POST|/api/v1/warehouse/utilities/bin-reassignment|admin JWT (Bearer or cookie selorg_admin_token)|reassignBins|src/modules/warehouse/warehouse.routes.ts
POST|/api/v1/warehouse/utilities/generate-labels|admin JWT (Bearer or cookie selorg_admin_token)|generateLabels|src/modules/warehouse/warehouse.routes.ts
GET|/api/v1/warehouse/utilities/logs|admin JWT (Bearer or cookie selorg_admin_token)|getLogs|src/modules/warehouse/warehouse.routes.ts
POST|/api/v1/warehouse/utilities/print-barcodes|admin JWT (Bearer or cookie selorg_admin_token)|printBarcodes|src/modules/warehouse/warehouse.routes.ts
POST|/api/v1/warehouse/utilities/reassign-bins|admin JWT (Bearer or cookie selorg_admin_token)|reassignBins|src/modules/warehouse/warehouse.routes.ts
POST|/api/v1/warehouse/utilities/upload-skus|admin JWT (Bearer or cookie selorg_admin_token)|uploadSKUs|src/modules/warehouse/warehouse.routes.ts
GET|/api/v1/warehouse/utilities/zones|admin JWT (Bearer or cookie selorg_admin_token)|getZones|src/modules/warehouse/warehouse.routes.ts
GET|/api/v1/warehouse/workforce/attendance|admin JWT (Bearer or cookie selorg_admin_token)|getWorkforceAttendance|src/modules/warehouse/warehouse.routes.ts
POST|/api/v1/warehouse/workforce/attendance|admin JWT (Bearer or cookie selorg_admin_token)|logWorkforceAttendance|src/modules/warehouse/warehouse.routes.ts
GET|/api/v1/warehouse/workforce/leave-requests|admin JWT (Bearer or cookie selorg_admin_token)|getLeaveRequests|src/modules/warehouse/warehouse.routes.ts
POST|/api/v1/warehouse/workforce/leave-requests|admin JWT (Bearer or cookie selorg_admin_token)|createLeaveRequest|src/modules/warehouse/warehouse.routes.ts
PUT|/api/v1/warehouse/workforce/leave-requests/:id/status|admin JWT (Bearer or cookie selorg_admin_token)|updateLeaveStatus|src/modules/warehouse/warehouse.routes.ts
GET|/api/v1/warehouse/workforce/performance|admin JWT (Bearer or cookie selorg_admin_token)|getWorkforcePerformance|src/modules/warehouse/warehouse.routes.ts
GET|/api/v1/warehouse/workforce/schedule|admin JWT (Bearer or cookie selorg_admin_token)|getWorkforceSchedule|src/modules/warehouse/warehouse.routes.ts
POST|/api/v1/warehouse/workforce/schedule|admin JWT (Bearer or cookie selorg_admin_token)|createWorkforceSchedule|src/modules/warehouse/warehouse.routes.ts
GET|/api/v1/warehouse/workforce/schedule/:id|admin JWT (Bearer or cookie selorg_admin_token)|getWorkforceSchedule|src/modules/warehouse/warehouse.routes.ts
POST|/api/v1/warehouse/workforce/schedule/:id/assign|admin JWT (Bearer or cookie selorg_admin_token)|assignWorkforceStaff|src/modules/warehouse/warehouse.routes.ts
GET|/api/v1/warehouse/workforce/staff|admin JWT (Bearer or cookie selorg_admin_token)|getWorkforceStaff|src/modules/warehouse/warehouse.routes.ts
POST|/api/v1/warehouse/workforce/staff|admin JWT (Bearer or cookie selorg_admin_token)|addWorkforceStaff|src/modules/warehouse/warehouse.routes.ts
GET|/api/v1/warehouse/workforce/staff/:id|admin JWT (Bearer or cookie selorg_admin_token)|getWorkforceStaffDetails|src/modules/warehouse/warehouse.routes.ts
GET|/api/v1/warehouse/workforce/staff/:id/details|admin JWT (Bearer or cookie selorg_admin_token)|getWorkforceStaffDetails|src/modules/warehouse/warehouse.routes.ts
GET|/api/v1/warehouse/workforce/training|admin JWT (Bearer or cookie selorg_admin_token)|getTrainings|src/modules/warehouse/warehouse.routes.ts
POST|/api/v1/warehouse/workforce/training|admin JWT (Bearer or cookie selorg_admin_token)|createTraining|src/modules/warehouse/warehouse.routes.ts
GET|/api/v1/warehouse/workforce/training/:id|admin JWT (Bearer or cookie selorg_admin_token)|getTrainingDetails|src/modules/warehouse/warehouse.routes.ts
GET|/api/v1/warehouse/workforce/training/:id/details|admin JWT (Bearer or cookie selorg_admin_token)|getTrainingDetails|src/modules/warehouse/warehouse.routes.ts
POST|/api/v1/warehouse/workforce/training/:id/enroll|admin JWT (Bearer or cookie selorg_admin_token)|enrollStaff|src/modules/warehouse/warehouse.routes.ts
GET|/health|public|(app.ts)|src/app.ts
GET|/health/db|public|(app.ts)|src/app.ts
GET|/health/ready|public|(app.ts)|src/app.ts
GET|/healthz|public|(app.ts)|src/app.ts