METHOD	FULL_PATH	MODULE	AUTH	ROLE	CONTROLLER_HANDLER	SERVICE	NOTES
POST	/api/payment/callback	payments	yes	customer-jwt	paymentCallback	payment-api.service	-
POST	/api/payment/initiate	payments	yes	customer-jwt	initiateStandalonePayment	payment-api.service	-
GET	/api/payment/status/:orderId	payments	yes	customer-jwt	getPaymentStatus	payment-api.service	-
POST	/api/payment/transaction-status	payments	no	-	getTransactionStatusPostTxn	payment-api.service	-
GET	/api/v1/admin/analytics/categories	admin	yes	admin|super_admin	controller.getCategoryAnalytics	analytics.service	analytics.routes.ts
POST	/api/v1/admin/analytics/custom-report	admin	yes	admin|super_admin	controller.createCustomReport	analytics.service	analytics.routes.ts
GET	/api/v1/admin/analytics/customers	admin	yes	admin|super_admin	controller.getCustomerMetrics	analytics.service	analytics.routes.ts
GET	/api/v1/admin/analytics/export	admin	yes	admin|super_admin	controller.exportReport	analytics.service	analytics.routes.ts
GET	/api/v1/admin/analytics/financial-summary	admin	yes	admin|super_admin	controller.getFinancialSummary	analytics.service	analytics.routes.ts
GET	/api/v1/admin/analytics/funnel	admin	yes	admin|super_admin	controller.getConversionFunnel	analytics.service	analytics.routes.ts
GET	/api/v1/admin/analytics/growth	admin	yes	admin|super_admin	controller.getGrowthTrends	analytics.service	analytics.routes.ts
GET	/api/v1/admin/analytics/inventory-health	admin	yes	admin|super_admin	controller.getInventoryHealth	analytics.service	analytics.routes.ts
GET	/api/v1/admin/analytics/operational	admin	yes	admin|super_admin	controller.getOperationalMetrics	analytics.service	analytics.routes.ts
GET	/api/v1/admin/analytics/orders-by-hour	admin	yes	admin|super_admin	controller.getOrdersByHour	analytics.service	analytics.routes.ts
GET	/api/v1/admin/analytics/payment-methods	admin	yes	admin|super_admin	controller.getPaymentMethods	analytics.service	analytics.routes.ts
GET	/api/v1/admin/analytics/peak-hours	admin	yes	admin|super_admin	controller.getPeakHours	analytics.service	analytics.routes.ts
GET	/api/v1/admin/analytics/picker-drilldown/:pickerId	admin	yes	admin|super_admin	controller.getPickerDrilldown	analytics.service	analytics.routes.ts
GET	/api/v1/admin/analytics/pickers	admin	yes	admin|super_admin	controller.getPickerAnalytics	analytics.service	analytics.routes.ts
GET	/api/v1/admin/analytics/products	admin	yes	admin|super_admin	controller.getProductPerformance	analytics.service	analytics.routes.ts
GET	/api/v1/admin/analytics/realtime	admin	yes	admin|super_admin	controller.getRealtimeMetrics	analytics.service	analytics.routes.ts
GET	/api/v1/admin/analytics/regional	admin	yes	admin|super_admin	controller.getRegionalPerformance	analytics.service	analytics.routes.ts
GET	/api/v1/admin/analytics/revenue	admin	yes	admin|super_admin	controller.getRevenueBreakdown	analytics.service	analytics.routes.ts
GET	/api/v1/admin/analytics/rider-performance	admin	yes	admin|super_admin	controller.getRiderPerformance	analytics.service	analytics.routes.ts
GET	/api/v1/admin/analytics/timeseries	admin	yes	admin|super_admin	controller.getTimeSeriesData	analytics.service	analytics.routes.ts
GET	/api/v1/admin/app-settings	admin	partial	admin|super_admin	PERMISSIONS.ADMIN_CONFIG_READ	app-settings.service	app-settings.routes.ts
PUT	/api/v1/admin/app-settings	admin	partial	admin|super_admin	PERMISSIONS.ADMIN_CONFIG_WRITE	app-settings.service	app-settings.routes.ts
GET	/api/v1/admin/applications	admin	yes	admin|super_admin	inline-handler	-	MOCK/stub hardcoded success
PATCH	/api/v1/admin/applications/:id	admin	yes	admin|super_admin	inline-handler	-	MOCK/stub hardcoded success
PUT	/api/v1/admin/applications/:id	admin	yes	admin|super_admin	inline-handler	-	MOCK/stub hardcoded success
GET	/api/v1/admin/applications/:id/health	admin	yes	admin|super_admin	inline-handler	-	MOCK/stub hardcoded success
POST	/api/v1/admin/applications/:id/test	admin	yes	admin|super_admin	inline-handler	-	MOCK/stub hardcoded success
POST	/api/v1/admin/applications/:id/test-connection	admin	yes	admin|super_admin	inline-handler	-	MOCK/stub hardcoded success
POST	/api/v1/admin/auth/login	admin	no	-	authController.login	admin.service	admin login/logout — no JWT
POST	/api/v1/admin/auth/logout	admin	no	-	authController.logout	admin.service	admin login/logout — no JWT
POST	/api/v1/admin/cache/clear	admin	partial	admin|super_admin;permission-gated	inline-handler	-	protectedRouter
GET	/api/v1/admin/cache/stats	admin	partial	admin|super_admin;permission-gated	inline-handler	-	protectedRouter
GET	/api/v1/admin/cities	admin	yes	admin|super_admin	masterDataController.listCities	master-data.service	master-data.routes.ts
POST	/api/v1/admin/cities	admin	yes	admin|super_admin	masterDataController.createCity	master-data.service	master-data.routes.ts
DELETE	/api/v1/admin/cities/:id	admin	yes	admin|super_admin	masterDataController.deleteCity	master-data.service	master-data.routes.ts
GET	/api/v1/admin/cities/:id	admin	yes	admin|super_admin	masterDataController.getCity	master-data.service	master-data.routes.ts
PUT	/api/v1/admin/cities/:id	admin	yes	admin|super_admin	masterDataController.updateCity	master-data.service	master-data.routes.ts
GET	/api/v1/admin/compliance/audits	admin	yes	admin|super_admin	controller.listAudits	compliance.service	compliance.routes.ts
POST	/api/v1/admin/compliance/audits	admin	yes	admin|super_admin	controller.createAudit	compliance.service	compliance.routes.ts
PATCH	/api/v1/admin/compliance/audits/:auditId/findings/:findingId	admin	yes	admin|super_admin	controller.updateFindingStatus	compliance.service	compliance.routes.ts
GET	/api/v1/admin/compliance/certifications	admin	yes	admin|super_admin	controller.listCertifications	compliance.service	compliance.routes.ts
GET	/api/v1/admin/compliance/documents	admin	yes	admin|super_admin	controller.listDocuments	compliance.service	compliance.routes.ts
POST	/api/v1/admin/compliance/documents	admin	yes	admin|super_admin	controller.uploadDocument	compliance.service	compliance.routes.ts
DELETE	/api/v1/admin/compliance/documents/:id	admin	yes	admin|super_admin	controller.deleteDocument	compliance.service	compliance.routes.ts
PATCH	/api/v1/admin/compliance/documents/:id	admin	yes	admin|super_admin	controller.updateDocument	compliance.service	compliance.routes.ts
GET	/api/v1/admin/compliance/metrics	admin	yes	admin|super_admin	controller.getMetrics	compliance.service	compliance.routes.ts
GET	/api/v1/admin/compliance/policies	admin	yes	admin|super_admin	controller.listPolicies	compliance.service	compliance.routes.ts
POST	/api/v1/admin/compliance/policies/:id/acknowledge	admin	yes	admin|super_admin	controller.acknowledgePolicy	compliance.service	compliance.routes.ts
POST	/api/v1/admin/compliance/reports/generate	admin	yes	admin|super_admin	controller.generateReport	compliance.service	compliance.routes.ts
GET	/api/v1/admin/compliance/violations	admin	yes	admin|super_admin	controller.listViolations	compliance.service	compliance.routes.ts
GET	/api/v1/admin/customers	admin	yes	admin|super_admin	customersCtrl.listCustomers	admin.service	protectedRouter
POST	/api/v1/admin/customers	admin	yes	admin|super_admin	customersCtrl.createCustomer	admin.service	protectedRouter
GET	/api/v1/admin/customers/:id	admin	yes	admin|super_admin	customersCtrl.getCustomerById	admin.service	protectedRouter
PATCH	/api/v1/admin/customers/:id	admin	yes	admin|super_admin	customersCtrl.updateCustomer	admin.service	protectedRouter
GET	/api/v1/admin/customers/:id/addresses	admin	yes	admin|super_admin	customersCtrl.getCustomerAddresses	admin.service	protectedRouter
GET	/api/v1/admin/customers/:id/orders	admin	yes	admin|super_admin	customersCtrl.getCustomerOrders	admin.service	protectedRouter
GET	/api/v1/admin/customers/:id/password-info	admin	yes	admin|super_admin	customersCtrl.getCustomerPasswordInfo	admin.service	protectedRouter
GET	/api/v1/admin/customers/:id/payment-methods	admin	yes	admin|super_admin	customersCtrl.getCustomerPaymentMethods	admin.service	protectedRouter
GET	/api/v1/admin/customers/:id/refunds	admin	yes	admin|super_admin	customersCtrl.getCustomerRefunds	admin.service	protectedRouter
PUT	/api/v1/admin/customers/:id/reset-password	admin	yes	admin|super_admin	customersCtrl.resetCustomerPassword	admin.service	protectedRouter
GET	/api/v1/admin/customers/:id/risk	admin	yes	admin|super_admin	customersCtrl.getCustomerRisk	admin.service	protectedRouter
PUT	/api/v1/admin/customers/:id/set-password	admin	yes	admin|super_admin	customersCtrl.setCustomerPassword	admin.service	protectedRouter
GET	/api/v1/admin/customers/:id/tickets	admin	yes	admin|super_admin	customersCtrl.getCustomerTickets	admin.service	protectedRouter
GET	/api/v1/admin/customers/:id/wallet	admin	yes	admin|super_admin	customersCtrl.getCustomerWallet	admin.service	protectedRouter
POST	/api/v1/admin/customers/:id/wallet/credit	admin	yes	admin|super_admin	customersCtrl.creditCustomerWallet	admin.service	protectedRouter
GET	/api/v1/admin/customers/stats	admin	yes	admin|super_admin	customersCtrl.getCustomerStats	admin.service	protectedRouter
GET	/api/v1/admin/finance/accounting/accounts	finance	yes	admin-jwt	ctrl.getAccounts	finance.service	-
POST	/api/v1/admin/finance/accounting/journal	finance	yes	admin-jwt	ctrl.createJournalEntry	finance.service	-
GET	/api/v1/admin/finance/accounting/journal/:id	finance	yes	admin-jwt	ctrl.getJournalDetails	finance.service	-
GET	/api/v1/admin/finance/accounting/ledger	finance	yes	admin-jwt	ctrl.getLedgerEntries	finance.service	-
GET	/api/v1/admin/finance/accounting/summary	finance	yes	admin-jwt	ctrl.getAccountingSummary	finance.service	-
POST	/api/v1/admin/finance/accounting/sync	finance	yes	admin-jwt	ctrl.syncLedger	finance.service	-
GET	/api/v1/admin/finance/alerts	finance	yes	admin-jwt	ctrl.getAlerts	finance.service	-
GET	/api/v1/admin/finance/alerts/:id	finance	yes	admin-jwt	ctrl.getAlertDetails	finance.service	-
POST	/api/v1/admin/finance/alerts/:id/action	finance	yes	admin-jwt	ctrl.performAlertAction	finance.service	-
POST	/api/v1/admin/finance/alerts/clear-resolved	finance	yes	admin-jwt	ctrl.clearResolvedAlerts	finance.service	-
DELETE	/api/v1/admin/finance/alerts/resolved	finance	yes	admin-jwt	ctrl.clearResolvedAlerts	finance.service	-
POST	/api/v1/admin/finance/alerts/resolved/clear	finance	yes	admin-jwt	ctrl.clearResolvedAlerts	finance.service	-
GET	/api/v1/admin/finance/analytics/cash-flow	finance	yes	admin-jwt	ctrl.getCashFlow	finance.service	-
GET	/api/v1/admin/finance/analytics/expense-breakdown	finance	yes	admin-jwt	ctrl.getExpenseBreakdown	finance.service	-
POST	/api/v1/admin/finance/analytics/export	finance	yes	admin-jwt	ctrl.exportAnalyticsReport	finance.service	-
GET	/api/v1/admin/finance/analytics/revenue-growth	finance	yes	admin-jwt	ctrl.getRevenueGrowth	finance.service	-
GET	/api/v1/admin/finance/approvals	finance	yes	admin-jwt	ctrl.getApprovalTasks	finance.service	-
GET	/api/v1/admin/finance/approvals/:id	finance	yes	admin-jwt	ctrl.getTaskDetails	finance.service	-
POST	/api/v1/admin/finance/approvals/:id/decision	finance	yes	admin-jwt	ctrl.submitTaskDecision	finance.service	-
GET	/api/v1/admin/finance/approvals/summary	finance	yes	admin-jwt	ctrl.getApprovalSummary	finance.service	-
GET	/api/v1/admin/finance/approvals/tasks	finance	yes	admin-jwt	ctrl.getApprovalTasks	finance.service	-
GET	/api/v1/admin/finance/approvals/tasks/:id	finance	yes	admin-jwt	ctrl.getTaskDetails	finance.service	-
POST	/api/v1/admin/finance/approvals/tasks/:id/decision	finance	yes	admin-jwt	ctrl.submitTaskDecision	finance.service	-
GET	/api/v1/admin/finance/config/commission-slabs	finance	yes	admin-jwt	ctrl.getCommissionSlabs	finance.service	-
POST	/api/v1/admin/finance/config/commission-slabs	finance	yes	admin-jwt	ctrl.createCommissionSlab	finance.service	-
PUT	/api/v1/admin/finance/config/commission-slabs/:slabId	finance	yes	admin-jwt	ctrl.updateCommissionSlab	finance.service	-
GET	/api/v1/admin/finance/config/financial-limits	finance	yes	admin-jwt	ctrl.getFinancialLimits	finance.service	-
PUT	/api/v1/admin/finance/config/financial-limits/:limitId	finance	yes	admin-jwt	ctrl.updateFinancialLimit	finance.service	-
GET	/api/v1/admin/finance/config/financial-year	finance	yes	admin-jwt	ctrl.getFinancialYear	finance.service	-
PUT	/api/v1/admin/finance/config/financial-year	finance	yes	admin-jwt	ctrl.updateFinancialYear	finance.service	-
GET	/api/v1/admin/finance/config/invoice-settings	finance	yes	admin-jwt	ctrl.getInvoiceSettings	finance.service	-
PUT	/api/v1/admin/finance/config/invoice-settings	finance	yes	admin-jwt	ctrl.updateInvoiceSettings	finance.service	-
GET	/api/v1/admin/finance/config/payment-terms	finance	yes	admin-jwt	ctrl.getPaymentTerms	finance.service	-
PUT	/api/v1/admin/finance/config/payment-terms/:termId	finance	yes	admin-jwt	ctrl.updatePaymentTerm	finance.service	-
GET	/api/v1/admin/finance/config/payout-schedules	finance	yes	admin-jwt	ctrl.getPayoutSchedules	finance.service	-
POST	/api/v1/admin/finance/config/payout-schedules	finance	yes	admin-jwt	ctrl.createPayoutSchedule	finance.service	-
PUT	/api/v1/admin/finance/config/payout-schedules/:scheduleId	finance	yes	admin-jwt	ctrl.updatePayoutSchedule	finance.service	-
GET	/api/v1/admin/finance/config/reconciliation-rules	finance	yes	admin-jwt	ctrl.getReconciliationRules	finance.service	-
PUT	/api/v1/admin/finance/config/reconciliation-rules/:ruleId	finance	yes	admin-jwt	ctrl.updateReconciliationRule	finance.service	-
GET	/api/v1/admin/finance/config/refund-policies	finance	yes	admin-jwt	ctrl.getRefundPolicies	finance.service	-
PUT	/api/v1/admin/finance/config/refund-policies/:policyId	finance	yes	admin-jwt	ctrl.updateRefundPolicy	finance.service	-
GET	/api/v1/admin/finance/config/tax-rules	finance	yes	admin-jwt	ctrl.getTaxRules	finance.service	-
POST	/api/v1/admin/finance/config/tax-rules	finance	yes	admin-jwt	ctrl.createTaxRule	finance.service	-
PUT	/api/v1/admin/finance/config/tax-rules/:ruleId	finance	yes	admin-jwt	ctrl.updateTaxRule	finance.service	-
GET	/api/v1/admin/finance/customer-payments	finance	yes	admin-jwt	ctrl.getCustomerPayments	finance.service	-
GET	/api/v1/admin/finance/customer-payments/:id	finance	yes	admin-jwt	ctrl.getCustomerPaymentDetails	finance.service	-
POST	/api/v1/admin/finance/customer-payments/:id/retry	finance	yes	admin-jwt	ctrl.retryCustomerPayment	finance.service	-
GET	/api/v1/admin/finance/dashboard/daily-metrics	finance	yes	admin-jwt	ctrl.getDailyMetrics	finance.service	-
POST	/api/v1/admin/finance/dashboard/export	finance	yes	admin-jwt	ctrl.exportFinanceReport	finance.service	-
GET	/api/v1/admin/finance/dashboard/gateway-status	finance	yes	admin-jwt	ctrl.getGatewayStatus	finance.service	-
GET	/api/v1/admin/finance/dashboard/hourly-trends	finance	yes	admin-jwt	ctrl.getHourlyTrends	finance.service	-
GET	/api/v1/admin/finance/dashboard/live-transactions	finance	yes	admin-jwt	ctrl.getLiveTransactions	finance.service	-
GET	/api/v1/admin/finance/dashboard/payment-method-split	finance	yes	admin-jwt	ctrl.getPaymentMethodSplit	finance.service	-
GET	/api/v1/admin/finance/dashboard/summary	finance	yes	admin-jwt	ctrl.getFinanceSummary	finance.service	-
GET	/api/v1/admin/finance/dashboard/wallet-liability	finance	yes	admin-jwt	ctrl.getWalletLiability	finance.service	-
GET	/api/v1/admin/finance/invoices	finance	yes	admin-jwt	ctrl.getInvoices	finance.service	-
POST	/api/v1/admin/finance/invoices	finance	yes	admin-jwt	ctrl.createInvoice	finance.service	-
GET	/api/v1/admin/finance/invoices/:id	finance	yes	admin-jwt	ctrl.getInvoiceDetails	finance.service	-
POST	/api/v1/admin/finance/invoices/:id/mark-paid	finance	yes	admin-jwt	ctrl.markInvoicePaid	finance.service	-
POST	/api/v1/admin/finance/invoices/:id/reminder	finance	yes	admin-jwt	ctrl.sendReminder	finance.service	-
POST	/api/v1/admin/finance/invoices/:id/send	finance	yes	admin-jwt	ctrl.sendInvoice	finance.service	-
POST	/api/v1/admin/finance/invoices/:id/send-reminder	finance	yes	admin-jwt	ctrl.sendReminder	finance.service	-
PATCH	/api/v1/admin/finance/invoices/:id/status	finance	yes	admin-jwt	ctrl.updateInvoiceStatus	finance.service	-
GET	/api/v1/admin/finance/invoices/summary	finance	yes	admin-jwt	ctrl.getInvoiceSummary	finance.service	-
GET	/api/v1/admin/finance/picker-attendance	finance	yes	admin-jwt	ctrl.getPickerAttendance	finance.service	-
GET	/api/v1/admin/finance/picker-earnings/:pickerId/breakdown	finance	yes	admin-jwt	ctrl.getPickerEarningsBreakdown	finance.service	-
GET	/api/v1/admin/finance/picker-earnings/:pickerId/wallet	finance	yes	admin-jwt	ctrl.getPickerWalletBalance	finance.service	-
GET	/api/v1/admin/finance/picker-transactions	finance	yes	admin-jwt	ctrl.listAllPickerTransactions	finance.service	-
GET	/api/v1/admin/finance/picker-withdrawals	finance	yes	admin-jwt	ctrl.list	finance.service	-
GET	/api/v1/admin/finance/picker-withdrawals/:id	finance	yes	admin-jwt	ctrl.getDetails	finance.service	-
PATCH	/api/v1/admin/finance/picker-withdrawals/:id	finance	yes	admin-jwt	ctrl.updateAction	finance.service	-
GET	/api/v1/admin/finance/picker-withdrawals/:pickerId/earnings-breakdown	finance	yes	admin-jwt	ctrl.getPickerEarningsBreakdown	finance.service	-
GET	/api/v1/admin/finance/picker-withdrawals/:pickerId/wallet-balance	finance	yes	admin-jwt	ctrl.getPickerWalletBalance	finance.service	-
GET	/api/v1/admin/finance/reconciliation/exceptions	finance	yes	admin-jwt	ctrl.getExceptions	finance.service	-
POST	/api/v1/admin/finance/reconciliation/exceptions/:id/investigate	finance	yes	admin-jwt	ctrl.investigateException	finance.service	-
POST	/api/v1/admin/finance/reconciliation/exceptions/:id/resolve	finance	yes	admin-jwt	ctrl.resolveException	finance.service	-
GET	/api/v1/admin/finance/reconciliation/gateways	finance	yes	admin-jwt	ctrl.getAvailableGateways	finance.service	-
GET	/api/v1/admin/finance/reconciliation/gateways/:id	finance	yes	admin-jwt	ctrl.getGatewayDetails	finance.service	-
POST	/api/v1/admin/finance/reconciliation/run	finance	yes	admin-jwt	ctrl.runReconciliation	finance.service	-
GET	/api/v1/admin/finance/reconciliation/runs/:id	finance	yes	admin-jwt	ctrl.getRunStatus	finance.service	-
GET	/api/v1/admin/finance/reconciliation/summary	finance	yes	admin-jwt	ctrl.getReconSummary	finance.service	-
GET	/api/v1/admin/finance/refunds/:id	finance	yes	admin-jwt	ctrl.getRefundDetails	finance.service	-
POST	/api/v1/admin/finance/refunds/:id/approve	finance	yes	admin-jwt	ctrl.approveRefund	finance.service	-
POST	/api/v1/admin/finance/refunds/:id/complete	finance	yes	admin-jwt	ctrl.markCompleted	finance.service	-
POST	/api/v1/admin/finance/refunds/:id/mark-completed	finance	yes	admin-jwt	ctrl.markCompleted	finance.service	-
POST	/api/v1/admin/finance/refunds/:id/reject	finance	yes	admin-jwt	ctrl.rejectRefund	finance.service	-
GET	/api/v1/admin/finance/refunds/chargebacks	finance	yes	admin-jwt	ctrl.getChargebacks	finance.service	-
GET	/api/v1/admin/finance/refunds/queue	finance	yes	admin-jwt	ctrl.getRefundQueue	finance.service	-
GET	/api/v1/admin/finance/refunds/summary	finance	yes	admin-jwt	ctrl.getRefundsSummary	finance.service	-
GET	/api/v1/admin/finance/refunds/wallet-transactions	finance	yes	admin-jwt	ctrl.getWalletTransactions	finance.service	-
GET	/api/v1/admin/finance/rider-cash/:riderId	finance	yes	admin-jwt	ctrl.getRiderPaymentDetails	finance.service	-
GET	/api/v1/admin/finance/rider-cash/cod-reconciliation	finance	yes	admin-jwt	ctrl.getCodReconciliation	finance.service	-
GET	/api/v1/admin/finance/rider-cash/payouts	finance	yes	admin-jwt	ctrl.getRiderPayouts	finance.service	-
GET	/api/v1/admin/finance/rider-cash/riders/:riderId/payment-details	finance	yes	admin-jwt	ctrl.getRiderPaymentDetails	finance.service	-
GET	/api/v1/admin/finance/rider-cash/summary	finance	yes	admin-jwt	ctrl.getRiderCashSummary	finance.service	-
GET	/api/v1/admin/finance/vendor-payments/invoices	finance	yes	admin-jwt	ctrl.getVendorInvoices	finance.service	-
POST	/api/v1/admin/finance/vendor-payments/invoices	finance	yes	admin-jwt	ctrl.uploadVendorInvoice	finance.service	-
GET	/api/v1/admin/finance/vendor-payments/invoices/:id	finance	yes	admin-jwt	ctrl.getVendorInvoiceDetails	finance.service	-
POST	/api/v1/admin/finance/vendor-payments/invoices/:id/approve	finance	yes	admin-jwt	ctrl.approveVendorInvoice	finance.service	-
POST	/api/v1/admin/finance/vendor-payments/invoices/:id/mark-paid	finance	yes	admin-jwt	ctrl.markVendorInvoicePaid	finance.service	-
POST	/api/v1/admin/finance/vendor-payments/invoices/:id/reject	finance	yes	admin-jwt	ctrl.rejectVendorInvoice	finance.service	-
POST	/api/v1/admin/finance/vendor-payments/invoices/bulk-approve	finance	yes	admin-jwt	ctrl.bulkApproveVendorInvoices	finance.service	-
GET	/api/v1/admin/finance/vendor-payments/payments	finance	yes	admin-jwt	ctrl.listPayments	finance.service	-
POST	/api/v1/admin/finance/vendor-payments/payments	finance	yes	admin-jwt	ctrl.createVendorPayment	finance.service	-
GET	/api/v1/admin/finance/vendor-payments/payments/:paymentId	finance	yes	admin-jwt	ctrl.getPayment	finance.service	-
POST	/api/v1/admin/finance/vendor-payments/payments/:paymentId/advance	finance	yes	admin-jwt	ctrl.advanceWorkflowStep	finance.service	-
POST	/api/v1/admin/finance/vendor-payments/payments/:paymentId/cancel	finance	yes	admin-jwt	ctrl.cancelVendorPayment	finance.service	-
POST	/api/v1/admin/finance/vendor-payments/payments/:paymentId/invoices/:invoiceId/workflow/advance	finance	yes	admin-jwt	ctrl.advanceWorkflowStep	finance.service	-
GET	/api/v1/admin/finance/vendor-payments/summary	finance	yes	admin-jwt	ctrl.getVendorPaymentsSummary	finance.service	-
GET	/api/v1/admin/finance/vendor-payments/vendors	finance	yes	admin-jwt	ctrl.getVendors	finance.service	-
GET	/api/v1/admin/finance/wallet-transactions	finance	yes	admin-jwt	ctrl.getWalletTransactions	finance.service	-
GET	/api/v1/admin/fraud/alerts	admin	yes	admin|super_admin	controller.listAlerts	fraud.service	fraud.routes.ts
GET	/api/v1/admin/fraud/alerts/:id	admin	yes	admin|super_admin	controller.getAlert	fraud.service	fraud.routes.ts
PATCH	/api/v1/admin/fraud/alerts/:id	admin	yes	admin|super_admin	controller.updateAlert	fraud.service	fraud.routes.ts
GET	/api/v1/admin/fraud/blocked	admin	yes	admin|super_admin	controller.listBlockedEntities	fraud.service	fraud.routes.ts
POST	/api/v1/admin/fraud/blocked	admin	yes	admin|super_admin	controller.createBlockedEntity	fraud.service	fraud.routes.ts
DELETE	/api/v1/admin/fraud/blocked/:id	admin	yes	admin|super_admin	controller.unblockEntity	fraud.service	fraud.routes.ts
GET	/api/v1/admin/fraud/chargebacks	admin	yes	admin|super_admin	controller.listChargebacks	fraud.service	fraud.routes.ts
PATCH	/api/v1/admin/fraud/chargebacks/:id	admin	yes	admin|super_admin	controller.updateChargeback	fraud.service	fraud.routes.ts
GET	/api/v1/admin/fraud/investigations	admin	yes	admin|super_admin	controller.listInvestigations	fraud.service	fraud.routes.ts
GET	/api/v1/admin/fraud/metrics	admin	yes	admin|super_admin	controller.getMetrics	fraud.service	fraud.routes.ts
GET	/api/v1/admin/fraud/patterns	admin	yes	admin|super_admin	controller.listFraudPatterns	fraud.service	fraud.routes.ts
GET	/api/v1/admin/fraud/risk-profiles	admin	yes	admin|super_admin	controller.listRiskProfiles	fraud.service	fraud.routes.ts
GET	/api/v1/admin/fraud/rules	admin	yes	admin|super_admin	controller.listFraudRules	fraud.service	fraud.routes.ts
PATCH	/api/v1/admin/fraud/rules/:id/toggle	admin	yes	admin|super_admin	controller.toggleFraudRule	fraud.service	fraud.routes.ts
GET	/api/v1/admin/integrations	admin	yes	admin|super_admin	integrationController.list	integration.service	integration.routes.ts
PATCH	/api/v1/admin/integrations/:id	admin	yes	admin|super_admin	integrationController.toggle	integration.service	integration.routes.ts
PUT	/api/v1/admin/integrations/:id	admin	yes	admin|super_admin	integrationController.update	integration.service	integration.routes.ts
POST	/api/v1/admin/integrations/:id/test	admin	yes	admin|super_admin	integrationController.test	integration.service	integration.routes.ts
GET	/api/v1/admin/integrations/api-keys	admin	yes	admin|super_admin	integrationController.listApiKeys	integration.service	integration.routes.ts
POST	/api/v1/admin/integrations/api-keys	admin	yes	admin|super_admin	integrationController.createApiKey	integration.service	integration.routes.ts
DELETE	/api/v1/admin/integrations/api-keys/:keyId	admin	yes	admin|super_admin	integrationController.revokeApiKey	integration.service	integration.routes.ts
GET	/api/v1/admin/integrations/health	admin	yes	admin|super_admin	integrationController.health	integration.service	integration.routes.ts
GET	/api/v1/admin/integrations/logs	admin	yes	admin|super_admin	integrationController.listLogs	integration.service	integration.routes.ts
GET	/api/v1/admin/integrations/stats	admin	yes	admin|super_admin	integrationController.stats	integration.service	integration.routes.ts
GET	/api/v1/admin/integrations/webhooks	admin	yes	admin|super_admin	integrationController.listWebhooks	integration.service	integration.routes.ts
POST	/api/v1/admin/integrations/webhooks	admin	yes	admin|super_admin	integrationController.createWebhook	integration.service	integration.routes.ts
POST	/api/v1/admin/integrations/webhooks/:webhookId/retry	admin	yes	admin|super_admin	integrationController.retryWebhook	integration.service	integration.routes.ts
GET	/api/v1/admin/notifications/analytics	admin	yes	admin|super_admin	controller.getAnalytics	notification-campaign.service	notification-campaign.routes.ts
GET	/api/v1/admin/notifications/automation	admin	yes	admin|super_admin	controller.listAutomation	notification-campaign.service	notification-campaign.routes.ts
POST	/api/v1/admin/notifications/automation	admin	yes	admin|super_admin	controller.createAutomation	notification-campaign.service	notification-campaign.routes.ts
PUT	/api/v1/admin/notifications/automation/:id	admin	yes	admin|super_admin	controller.updateAutomation	notification-campaign.service	notification-campaign.routes.ts
GET	/api/v1/admin/notifications/campaigns	admin	yes	admin|super_admin	controller.listCampaigns	notification-campaign.service	notification-campaign.routes.ts
POST	/api/v1/admin/notifications/campaigns	admin	yes	admin|super_admin	controller.createCampaign	notification-campaign.service	notification-campaign.routes.ts
GET	/api/v1/admin/notifications/campaigns/:id	admin	yes	admin|super_admin	controller.getCampaignById	notification-campaign.service	notification-campaign.routes.ts
PUT	/api/v1/admin/notifications/campaigns/:id	admin	yes	admin|super_admin	controller.updateCampaignStatus	notification-campaign.service	notification-campaign.routes.ts
GET	/api/v1/admin/notifications/channels	admin	yes	admin|super_admin	controller.getChannels	notification-campaign.service	notification-campaign.routes.ts
GET	/api/v1/admin/notifications/history	admin	yes	admin|super_admin	controller.listHistory	notification-campaign.service	notification-campaign.routes.ts
POST	/api/v1/admin/notifications/history/:id/retry	admin	yes	admin|super_admin	controller.retryHistory	notification-campaign.service	notification-campaign.routes.ts
POST	/api/v1/admin/notifications/history/retry-failed	admin	yes	admin|super_admin	controller.retryFailedBatch	notification-campaign.service	notification-campaign.routes.ts
GET	/api/v1/admin/notifications/scheduled	admin	yes	admin|super_admin	controller.listScheduled	notification-campaign.service	notification-campaign.routes.ts
GET	/api/v1/admin/notifications/templates	admin	yes	admin|super_admin	controller.listTemplates	notification-campaign.service	notification-campaign.routes.ts
POST	/api/v1/admin/notifications/templates	admin	yes	admin|super_admin	controller.createTemplate	notification-campaign.service	notification-campaign.routes.ts
DELETE	/api/v1/admin/notifications/templates/:id	admin	yes	admin|super_admin	controller.deleteTemplate	notification-campaign.service	notification-campaign.routes.ts
PUT	/api/v1/admin/notifications/templates/:id	admin	yes	admin|super_admin	controller.updateTemplate	notification-campaign.service	notification-campaign.routes.ts
GET	/api/v1/admin/notifications/timeseries	admin	yes	admin|super_admin	controller.getTimeSeries	notification-campaign.service	notification-campaign.routes.ts
GET	/api/v1/admin/orders	admin	yes	admin|super_admin	adminOrdersCtrl.listAdminOrders	admin.service	protectedRouter
POST	/api/v1/admin/orders	admin	yes	admin|super_admin	adminOrdersCtrl.placeOrderOnBehalf	admin.service	protectedRouter
GET	/api/v1/admin/orders/:id	admin	yes	admin|super_admin	adminOrdersCtrl.getAdminOrder	admin.service	protectedRouter
GET	/api/v1/admin/orders/:id/logs	admin	yes	admin|super_admin	adminOrdersCtrl.getAdminOrderLogs	admin.service	protectedRouter
GET	/api/v1/admin/permissions	admin	yes	admin|super_admin;permission-gated	permissionsController.getPermissions	admin.service	protectedRouter
POST	/api/v1/admin/permissions	admin	yes	admin|super_admin;permission-gated	permissionsController.createPermission	admin.service	protectedRouter
DELETE	/api/v1/admin/permissions/:id	admin	yes	admin|super_admin;permission-gated	permissionsController.deletePermission	admin.service	protectedRouter
GET	/api/v1/admin/permissions/:id	admin	yes	admin|super_admin;permission-gated	permissionsController.getPermissionById	admin.service	protectedRouter
PUT	/api/v1/admin/permissions/:id	admin	yes	admin|super_admin;permission-gated	permissionsController.updatePermission	admin.service	protectedRouter
GET	/api/v1/admin/permissions/matrix	admin	yes	admin|super_admin;permission-gated	permissionsController.getPermissionsMatrix	admin.service	protectedRouter
GET	/api/v1/admin/picker-action-logs	admin	yes	admin|super_admin	pickerActionLogsCtrl.listPickerActionLogs	admin.service	protectedRouter
GET	/api/v1/admin/picker-config	admin	yes	admin|super_admin	pickerConfigCtrl.getPickerConfig	admin.service	protectedRouter
PUT	/api/v1/admin/picker-config	admin	yes	admin|super_admin	pickerConfigCtrl.updatePickerConfig	admin.service	protectedRouter
GET	/api/v1/admin/picker/agencies	admin	yes	admin|super_admin	pickerOpsCtrl.listAgencies	admin.service	protectedRouter
GET	/api/v1/admin/picker/agencies	picker	yes	admin-jwt	ctrl.adminListAgencies	picker.service	-
POST	/api/v1/admin/picker/agencies	admin	yes	admin|super_admin	pickerOpsCtrl.createAgency	admin.service	protectedRouter
POST	/api/v1/admin/picker/agencies	picker	yes	admin-jwt	ctrl.adminCreateAgency	picker.service	-
POST	/api/v1/admin/picker/agencies/:agencyId/activate	admin	yes	admin|super_admin	pickerOpsCtrl.activateAgency	admin.service	protectedRouter
POST	/api/v1/admin/picker/agencies/:agencyId/activate	picker	yes	admin-jwt	ctrl.adminActivateAgency	picker.service	-
POST	/api/v1/admin/picker/agencies/:agencyId/deactivate	admin	yes	admin|super_admin	pickerOpsCtrl.deactivateAgency	admin.service	protectedRouter
POST	/api/v1/admin/picker/agencies/:agencyId/deactivate	picker	yes	admin-jwt	ctrl.adminDeactivateAgency	picker.service	-
GET	/api/v1/admin/picker/approvals	admin	yes	admin|super_admin	pickerOpsCtrl.listPickerApprovals	admin.service	protectedRouter
GET	/api/v1/admin/picker/approvals	picker	yes	admin-jwt	ctrl.adminListPickers	picker.service	-
GET	/api/v1/admin/picker/attendance	admin	yes	admin|super_admin	pickerOpsCtrl.listAttendance	admin.service	protectedRouter
GET	/api/v1/admin/picker/attendance	picker	yes	admin-jwt	ctrl.adminGetAttendanceByMonth	picker.service	-
GET	/api/v1/admin/picker/attendance/export	admin	yes	admin|super_admin	pickerOpsCtrl.exportAttendance	admin.service	protectedRouter
GET	/api/v1/admin/picker/attendance/export	picker	yes	admin-jwt	ctrl.adminExportAttendance	picker.service	-
GET	/api/v1/admin/picker/attendance/live	picker	yes	admin-jwt	ctrl.adminLiveAttendance	picker.service	-
GET	/api/v1/admin/picker/devices	picker	yes	admin-jwt	ctrl.adminListDevices	picker.service	-
DELETE	/api/v1/admin/picker/devices/:deviceId/unassign	picker	yes	admin-jwt	ctrl.adminUnassignDevice	picker.service	-
POST	/api/v1/admin/picker/devices/assign	picker	yes	admin-jwt	ctrl.adminAssignDevice	picker.service	-
PUT	/api/v1/admin/picker/documents/:documentId/review	picker	yes	admin-jwt	ctrl.adminReviewDocument	picker.service	-
GET	/api/v1/admin/picker/ot-requests	admin	yes	admin|super_admin	pickerOpsCtrl.listOtRequests	admin.service	protectedRouter
GET	/api/v1/admin/picker/ot-requests	picker	yes	admin-jwt	ctrl.adminListOtRequests	picker.service	-
POST	/api/v1/admin/picker/ot-requests/:requestId/decision	admin	yes	admin|super_admin	pickerOpsCtrl.decideOtRequest	admin.service	protectedRouter
POST	/api/v1/admin/picker/ot-requests/:requestId/decision	picker	yes	admin-jwt	ctrl.adminDecideOtRequest	picker.service	-
GET	/api/v1/admin/picker/pickers	admin	yes	admin|super_admin	pickerOpsCtrl.listPickers	admin.service	protectedRouter
GET	/api/v1/admin/picker/pickers	picker	yes	admin-jwt	ctrl.adminListPickers	picker.service	-
GET	/api/v1/admin/picker/pickers/:id	admin	yes	admin|super_admin	pickerOpsCtrl.getPickerById	admin.service	protectedRouter
GET	/api/v1/admin/picker/pickers/:id	picker	yes	admin-jwt	ctrl.adminGetPickerById	picker.service	-
GET	/api/v1/admin/picker/pickers/:id/action-logs	admin	yes	admin|super_admin	pickerOpsCtrl.getPickerActionLogs	admin.service	protectedRouter
GET	/api/v1/admin/picker/pickers/:id/action-logs	picker	yes	admin-jwt	ctrl.adminGetPickerActionLogs	picker.service	-
PATCH	/api/v1/admin/picker/pickers/:id/bank/:accountId/review	admin	yes	admin|super_admin	pickerOpsCtrl.reviewPickerBankAccount	admin.service	protectedRouter
PATCH	/api/v1/admin/picker/pickers/:id/bank/:accountId/review	picker	yes	admin-jwt	ctrl.adminReviewBankAccount	picker.service	-
PATCH	/api/v1/admin/picker/pickers/:id/documents/review	admin	yes	admin|super_admin	pickerOpsCtrl.reviewPickerDocument	admin.service	protectedRouter
PATCH	/api/v1/admin/picker/pickers/:id/documents/review	picker	yes	admin-jwt	ctrl.adminReviewDocument	picker.service	-
GET	/api/v1/admin/picker/pickers/:id/face-verification	admin	yes	admin|super_admin	pickerOpsCtrl.getPickerFaceVerification	admin.service	protectedRouter
GET	/api/v1/admin/picker/pickers/:id/face-verification	picker	yes	admin-jwt	ctrl.adminGetFaceVerification	picker.service	-
PATCH	/api/v1/admin/picker/pickers/:id/face-verification/override	admin	yes	admin|super_admin	pickerOpsCtrl.overridePickerFaceVerification	admin.service	protectedRouter
PATCH	/api/v1/admin/picker/pickers/:id/face-verification/override	picker	yes	admin-jwt	ctrl.adminOverrideFaceVerification	picker.service	-
DELETE	/api/v1/admin/picker/pickers/:id/link-hhd	admin	yes	admin|super_admin	pickerOpsCtrl.unlinkPickerHhd	admin.service	protectedRouter
DELETE	/api/v1/admin/picker/pickers/:id/link-hhd	picker	yes	admin-jwt	ctrl.adminUnlinkHHD	picker.service	-
POST	/api/v1/admin/picker/pickers/:id/link-hhd	admin	yes	admin|super_admin	pickerOpsCtrl.linkPickerHhd	admin.service	protectedRouter
POST	/api/v1/admin/picker/pickers/:id/link-hhd	picker	yes	admin-jwt	ctrl.adminLinkHHD	picker.service	-
PATCH	/api/v1/admin/picker/pickers/:id/status	admin	yes	admin|super_admin	pickerOpsCtrl.updatePickerStatus	admin.service	protectedRouter
PATCH	/api/v1/admin/picker/pickers/:id/status	picker	yes	admin-jwt	ctrl.adminUpdatePickerStatus	picker.service	-
GET	/api/v1/admin/picker/pickers/:id/training-progress	admin	yes	admin|super_admin	pickerOpsCtrl.getPickerTrainingProgress	admin.service	protectedRouter
GET	/api/v1/admin/picker/pickers/:id/training-progress	picker	yes	admin-jwt	ctrl.adminGetPickerTrainingProgress	picker.service	-
PUT	/api/v1/admin/picker/pickers/:pickerId/approve	picker	yes	admin-jwt	ctrl.adminApprovePicker	picker.service	-
PATCH	/api/v1/admin/picker/pickers/:pickerId/assignment	admin	yes	admin|super_admin	pickerOpsCtrl.updatePickerAssignment	admin.service	protectedRouter
PATCH	/api/v1/admin/picker/pickers/:pickerId/assignment	picker	yes	admin-jwt	ctrl.adminUpdateAssignment	picker.service	-
POST	/api/v1/admin/picker/pickers/:pickerId/push	admin	yes	admin|super_admin	pickerOpsCtrl.pushPickerNotification	admin.service	protectedRouter
POST	/api/v1/admin/picker/pickers/:pickerId/push	picker	yes	admin-jwt	ctrl.adminSendPickerPush	picker.service	-
PUT	/api/v1/admin/picker/pickers/:pickerId/reject	picker	yes	admin-jwt	ctrl.adminRejectPicker	picker.service	-
GET	/api/v1/admin/picker/shift-change-requests	admin	yes	admin|super_admin	pickerOpsCtrl.listShiftChangeRequests	admin.service	protectedRouter
GET	/api/v1/admin/picker/shift-change-requests	picker	yes	admin-jwt	ctrl.adminListShiftChangeRequests	picker.service	-
POST	/api/v1/admin/picker/shift-change-requests/:requestId/decision	admin	yes	admin|super_admin	pickerOpsCtrl.decideShiftChangeRequest	admin.service	protectedRouter
POST	/api/v1/admin/picker/shift-change-requests/:requestId/decision	picker	yes	admin-jwt	ctrl.adminDecideShiftChangeRequest	picker.service	-
POST	/api/v1/admin/picker/shifts/:shiftId/reassign	picker	yes	admin-jwt	ctrl.adminReassignPickerShift	picker.service	-
GET	/api/v1/admin/picker/stores/:storeId/shift-slots	admin	yes	admin|super_admin	pickerOpsCtrl.listStoreShiftSlots	admin.service	protectedRouter
GET	/api/v1/admin/picker/stores/:storeId/shift-slots	picker	yes	admin-jwt	ctrl.adminListStoreShiftSlots	picker.service	-
POST	/api/v1/admin/picker/stores/:storeId/shift-slots	admin	yes	admin|super_admin	pickerOpsCtrl.createStoreShiftSlot	admin.service	protectedRouter
POST	/api/v1/admin/picker/stores/:storeId/shift-slots	picker	yes	admin-jwt	ctrl.adminCreateStoreShiftSlot	picker.service	-
GET	/api/v1/admin/picker/withdrawals	picker	yes	admin-jwt	ctrl.adminListWithdrawals	picker.service	-
PUT	/api/v1/admin/picker/withdrawals/:requestId/process	picker	yes	admin-jwt	ctrl.adminProcessWithdrawal	picker.service	-
GET	/api/v1/admin/pickers	admin	yes	admin|super_admin	pickerOpsCtrl.listPickers	admin.service	alias of /admin/picker/pickers/*
GET	/api/v1/admin/pickers/:id	admin	yes	admin|super_admin	pickerOpsCtrl.getPickerById	admin.service	alias of /admin/picker/pickers/*
PATCH	/api/v1/admin/pickers/:id	admin	yes	admin|super_admin	pickerOpsCtrl.updatePickerStatus	admin.service	alias of /admin/picker/pickers/*
GET	/api/v1/admin/pickers/:id/action-logs	admin	yes	admin|super_admin	pickerOpsCtrl.getPickerActionLogs	admin.service	alias of /admin/picker/pickers/*
PATCH	/api/v1/admin/pickers/:id/bank/:accountId/review	admin	yes	admin|super_admin	pickerOpsCtrl.reviewPickerBankAccount	admin.service	alias of /admin/picker/pickers/*
PATCH	/api/v1/admin/pickers/:id/documents/review	admin	yes	admin|super_admin	pickerOpsCtrl.reviewPickerDocument	admin.service	alias of /admin/picker/pickers/*
GET	/api/v1/admin/pickers/:id/face-verification	admin	yes	admin|super_admin	pickerOpsCtrl.getPickerFaceVerification	admin.service	alias of /admin/picker/pickers/*
PATCH	/api/v1/admin/pickers/:id/face-verification/override	admin	yes	admin|super_admin	pickerOpsCtrl.overridePickerFaceVerification	admin.service	alias of /admin/picker/pickers/*
DELETE	/api/v1/admin/pickers/:id/link-hhd	admin	yes	admin|super_admin	pickerOpsCtrl.unlinkPickerHhd	admin.service	alias of /admin/picker/pickers/*
POST	/api/v1/admin/pickers/:id/link-hhd	admin	yes	admin|super_admin	pickerOpsCtrl.linkPickerHhd	admin.service	alias of /admin/picker/pickers/*
GET	/api/v1/admin/pickers/:id/training-progress	admin	yes	admin|super_admin	pickerOpsCtrl.getPickerTrainingProgress	admin.service	alias of /admin/picker/pickers/*
GET	/api/v1/admin/platform-config	admin	partial	admin|super_admin	platformConfigController.list	platform-config.service	platform-config.routes.ts
DELETE	/api/v1/admin/platform-config/:key	admin	partial	admin|super_admin	platformConfigController.remove	platform-config.service	platform-config.routes.ts
GET	/api/v1/admin/platform-config/:key	admin	partial	admin|super_admin	platformConfigController.getOne	platform-config.service	platform-config.routes.ts
PUT	/api/v1/admin/platform-config/:key	admin	partial	admin|super_admin	platformConfigController.upsert	platform-config.service	platform-config.routes.ts
GET	/api/v1/admin/products	products	yes	admin-jwt	adminProductsController.listProducts	products.service	-
POST	/api/v1/admin/products	products	yes	admin-jwt	adminProductsController.createProduct	products.service	-
DELETE	/api/v1/admin/products/:id	products	yes	admin-jwt	adminProductsController.deleteProduct	products.service	-
GET	/api/v1/admin/products/:id	products	yes	admin-jwt	adminProductsController.getProduct	products.service	-
PUT	/api/v1/admin/products/:id	products	yes	admin-jwt	adminProductsController.updateProduct	products.service	-
POST	/api/v1/admin/products/bulk-upload	products	yes	admin-jwt	adminProductsController.bulkUpload	products.service	-
GET	/api/v1/admin/products/bulk-upload/template	products	yes	admin-jwt	adminProductsController.downloadTemplate	products.service	-
GET	/api/v1/admin/riders	admin	yes	admin|super_admin	riderCtrl.listRiders	admin.service	protectedRouter
GET	/api/v1/admin/riders/:id	admin	yes	admin|super_admin	riderCtrl.getRiderById	admin.service	protectedRouter
PATCH	/api/v1/admin/riders/:id/status	admin	yes	admin|super_admin	riderCtrl.updateRiderStatus	admin.service	protectedRouter
GET	/api/v1/admin/roles	admin	yes	admin|super_admin;permission-gated	rolesController.getRoles	admin.service	protectedRouter
POST	/api/v1/admin/roles	admin	yes	admin|super_admin;permission-gated	rolesController.createRole	admin.service	protectedRouter
DELETE	/api/v1/admin/roles/:id	admin	yes	admin|super_admin;permission-gated	rolesController.deleteRole	admin.service	protectedRouter
GET	/api/v1/admin/roles/:id	admin	yes	admin|super_admin;permission-gated	rolesController.getRoleById	admin.service	protectedRouter
PUT	/api/v1/admin/roles/:id	admin	yes	admin|super_admin;permission-gated	rolesController.updateRole	admin.service	protectedRouter
GET	/api/v1/admin/roles/:id/export	admin	yes	admin|super_admin;permission-gated	rolesController.exportRoleConfig	admin.service	protectedRouter
PUT	/api/v1/admin/roles/:id/matrix	admin	yes	admin|super_admin;permission-gated	rolesController.updateRoleMatrix	admin.service	protectedRouter
POST	/api/v1/admin/roles/from-template	admin	yes	admin|super_admin;permission-gated	rolesController.createRoleFromTemplate	admin.service	protectedRouter
POST	/api/v1/admin/roles/import	admin	yes	admin|super_admin;permission-gated	rolesController.importRoleConfig	admin.service	protectedRouter
GET	/api/v1/admin/roles/templates	admin	yes	admin|super_admin;permission-gated	rolesController.getRoleTemplates	admin.service	protectedRouter
GET	/api/v1/admin/sku-units	admin	yes	admin|super_admin	masterDataController.listSkuUnits	master-data.service	master-data.routes.ts
POST	/api/v1/admin/sku-units	admin	yes	admin|super_admin	masterDataController.createSkuUnit	master-data.service	master-data.routes.ts
DELETE	/api/v1/admin/sku-units/:id	admin	yes	admin|super_admin	masterDataController.deleteSkuUnit	master-data.service	master-data.routes.ts
GET	/api/v1/admin/sku-units/:id	admin	yes	admin|super_admin	masterDataController.getSkuUnit	master-data.service	master-data.routes.ts
PUT	/api/v1/admin/sku-units/:id	admin	yes	admin|super_admin	masterDataController.updateSkuUnit	master-data.service	master-data.routes.ts
GET	/api/v1/admin/staff	admin	yes	admin|super_admin	storeWarehouseController.listStaff	store-warehouse.service	store-warehouse.routes.ts
GET	/api/v1/admin/staff	staff	yes	admin-jwt	staffController.listRiders	staff.service	-
POST	/api/v1/admin/staff	admin	yes	admin|super_admin	storeWarehouseController.createStaff	store-warehouse.service	store-warehouse.routes.ts
DELETE	/api/v1/admin/staff/:id	admin	yes	admin|super_admin	storeWarehouseController.deleteStaff	store-warehouse.service	store-warehouse.routes.ts
GET	/api/v1/admin/staff/:id	admin	yes	admin|super_admin	storeWarehouseController.getStaff	store-warehouse.service	store-warehouse.routes.ts
PUT	/api/v1/admin/staff/:id	admin	yes	admin|super_admin	storeWarehouseController.updateStaff	store-warehouse.service	store-warehouse.routes.ts
GET	/api/v1/admin/staff/shifts	staff	yes	admin-jwt	staffController.listShifts	staff.service	-
POST	/api/v1/admin/staff/shifts	staff	yes	admin-jwt	staffController.createShift	staff.service	-
GET	/api/v1/admin/staff/shifts/:id	staff	yes	admin-jwt	staffController.getShiftById	staff.service	-
PUT	/api/v1/admin/staff/shifts/:id	staff	yes	admin-jwt	staffController.updateShift	staff.service	-
GET	/api/v1/admin/staff/summary	staff	yes	admin-jwt	staffController.getSummary	staff.service	-
GET	/api/v1/admin/store-warehouse/bins	admin	yes	admin|super_admin	inline-handler	-	store-warehouse-sub.routes.ts
GET	/api/v1/admin/store-warehouse/bins/:id	admin	yes	admin|super_admin	inline-handler	-	store-warehouse-sub.routes.ts
GET	/api/v1/admin/store-warehouse/delivery-zones	admin	yes	admin|super_admin	inline-handler	-	store-warehouse-sub.routes.ts
GET	/api/v1/admin/store-warehouse/grns	admin	yes	admin|super_admin	inline-handler	-	store-warehouse-sub.routes.ts
GET	/api/v1/admin/store-warehouse/grns/:id	admin	yes	admin|super_admin	inline-handler	-	store-warehouse-sub.routes.ts
GET	/api/v1/admin/store-warehouse/inventories	admin	yes	admin|super_admin	inline-handler	-	store-warehouse-sub.routes.ts
GET	/api/v1/admin/store-warehouse/inventories/:id	admin	yes	admin|super_admin	inline-handler	-	store-warehouse-sub.routes.ts
GET	/api/v1/admin/store-warehouse/putaway	admin	yes	admin|super_admin	inline-handler	-	store-warehouse-sub.routes.ts
GET	/api/v1/admin/store-warehouse/stock-movements	admin	yes	admin|super_admin	inline-handler	-	store-warehouse-sub.routes.ts
GET	/api/v1/admin/stores	admin	yes	admin|super_admin	storeWarehouseController.listStores	store-warehouse.service	store-warehouse.routes.ts
POST	/api/v1/admin/stores	admin	yes	admin|super_admin	storeWarehouseController.createStore	store-warehouse.service	store-warehouse.routes.ts
DELETE	/api/v1/admin/stores/:id	admin	yes	admin|super_admin	storeWarehouseController.deleteStore	store-warehouse.service	store-warehouse.routes.ts
GET	/api/v1/admin/stores/:id	admin	yes	admin|super_admin	storeWarehouseController.getStore	store-warehouse.service	store-warehouse.routes.ts
PUT	/api/v1/admin/stores/:id	admin	yes	admin|super_admin	storeWarehouseController.updateStore	store-warehouse.service	store-warehouse.routes.ts
GET	/api/v1/admin/stores/performance	admin	yes	admin|super_admin	storeWarehouseController.getStorePerformance	store-warehouse.service	store-warehouse.routes.ts
GET	/api/v1/admin/stores/stats	admin	yes	admin|super_admin	storeWarehouseController.getStoreStats	store-warehouse.service	store-warehouse.routes.ts
GET	/api/v1/admin/support-chat/conversations	support-chat	yes	admin-jwt	controller.adminListConversations	support-chat.service	-
GET	/api/v1/admin/support-chat/conversations/:id	support-chat	yes	admin-jwt	controller.adminGetConversation	support-chat.service	-
GET	/api/v1/admin/support-chat/conversations/:id/context	support-chat	yes	admin-jwt	controller.adminGetConversationContext	support-chat.service	-
POST	/api/v1/admin/support-chat/conversations/:id/messages	support-chat	yes	admin-jwt	controller.adminSendMessage	support-chat.service	-
POST	/api/v1/admin/support-chat/conversations/:id/read	support-chat	yes	admin-jwt	controller.adminMarkRead	support-chat.service	-
PATCH	/api/v1/admin/support-chat/conversations/:id/status	support-chat	yes	admin-jwt	controller.adminUpdateStatus	support-chat.service	-
GET	/api/v1/admin/support/agents	admin	yes	admin|super_admin	supportCtrl.listAgents	admin.service	protectedRouter
GET	/api/v1/admin/support/canned-responses	admin	yes	admin|super_admin	supportCtrl.listCannedResponses	admin.service	protectedRouter
GET	/api/v1/admin/support/categories	admin	yes	admin|super_admin	supportCtrl.listCategories	admin.service	protectedRouter
GET	/api/v1/admin/support/faqs	admin	yes	admin|super_admin	supportCtrl.listFaqs	admin.service	protectedRouter
POST	/api/v1/admin/support/faqs	admin	yes	admin|super_admin	supportCtrl.createFaq	admin.service	protectedRouter
DELETE	/api/v1/admin/support/faqs/:id	admin	yes	admin|super_admin	supportCtrl.deleteFaq	admin.service	protectedRouter
PATCH	/api/v1/admin/support/faqs/:id	admin	yes	admin|super_admin	supportCtrl.updateFaq	admin.service	protectedRouter
GET	/api/v1/admin/support/feedback	admin	yes	admin|super_admin	supportCtrl.listFeedback	admin.service	protectedRouter
GET	/api/v1/admin/support/live-chats	admin	yes	admin|super_admin	supportCtrl.listLiveChats	admin.service	protectedRouter
POST	/api/v1/admin/support/live-chats/:id/accept	admin	yes	admin|super_admin	supportCtrl.acceptLiveChat	admin.service	protectedRouter
POST	/api/v1/admin/support/live-chats/:id/messages	admin	yes	admin|super_admin	supportCtrl.sendLiveChatMessage	admin.service	protectedRouter
GET	/api/v1/admin/support/sla-metrics	admin	yes	admin|super_admin	supportCtrl.getSlaMetrics	admin.service	protectedRouter
GET	/api/v1/admin/support/tickets	admin	yes	admin|super_admin	supportCtrl.listTickets	admin.service	protectedRouter
POST	/api/v1/admin/support/tickets	admin	yes	admin|super_admin	supportCtrl.createTicket	admin.service	protectedRouter
GET	/api/v1/admin/support/tickets/:id	admin	yes	admin|super_admin	supportCtrl.getTicketById	admin.service	protectedRouter
PATCH	/api/v1/admin/support/tickets/:id	admin	yes	admin|super_admin	supportCtrl.updateTicket	admin.service	protectedRouter
POST	/api/v1/admin/support/tickets/:id/assign	admin	yes	admin|super_admin	supportCtrl.assignTicket	admin.service	protectedRouter
POST	/api/v1/admin/support/tickets/:id/close	admin	yes	admin|super_admin	supportCtrl.closeTicket	admin.service	protectedRouter
POST	/api/v1/admin/support/tickets/:id/escalate	admin	yes	admin|super_admin	supportCtrl.escalateTicket	admin.service	protectedRouter
POST	/api/v1/admin/support/tickets/:id/notes	admin	yes	admin|super_admin	supportCtrl.addTicketNote	admin.service	protectedRouter
POST	/api/v1/admin/support/tickets/:id/redelivery	admin	yes	admin|super_admin	supportCtrl.redeliveryTicket	admin.service	protectedRouter
POST	/api/v1/admin/support/tickets/:id/refund	admin	yes	admin|super_admin	supportCtrl.refundTicket	admin.service	protectedRouter
GET	/api/v1/admin/system/advanced	admin	yes	admin|super_admin	controller.getAdvanced	system-config.service	system-config.routes.ts
PUT	/api/v1/admin/system/advanced	admin	yes	admin|super_admin	controller.updateAdvanced	system-config.service	system-config.routes.ts
GET	/api/v1/admin/system/api-endpoints	admin	partial	admin|super_admin;permission-gated	inline-handler	-	MOCK/stub hardcoded success; inline on protectedRouter
GET	/api/v1/admin/system/api-keys	admin	yes	admin|super_admin	controller.listApiKeys	system-config.service	system-config.routes.ts
POST	/api/v1/admin/system/api-keys	admin	yes	admin|super_admin	controller.createApiKey	system-config.service	system-config.routes.ts
POST	/api/v1/admin/system/api-keys/:id/revoke	admin	yes	admin|super_admin	controller.revokeApiKey	system-config.service	system-config.routes.ts
POST	/api/v1/admin/system/api-keys/:id/rotate	admin	yes	admin|super_admin	controller.rotateApiKey	system-config.service	system-config.routes.ts
POST	/api/v1/admin/system/cache/clear	admin	partial	admin|super_admin;permission-gated	inline-handler	-	MOCK/stub hardcoded success; inline on protectedRouter
GET	/api/v1/admin/system/cache/stats	admin	partial	admin|super_admin;permission-gated	inline-handler	-	MOCK/stub hardcoded success; inline on protectedRouter
GET	/api/v1/admin/system/cron-jobs	admin	yes	admin|super_admin	controller.listCronJobs	system-config.service	system-config.routes.ts
PUT	/api/v1/admin/system/cron-jobs/:jobId	admin	yes	admin|super_admin	controller.toggleCronJob	system-config.service	system-config.routes.ts
POST	/api/v1/admin/system/cron-jobs/:jobId/trigger	admin	yes	admin|super_admin	controller.triggerCronJob	system-config.service	system-config.routes.ts
GET	/api/v1/admin/system/delivery	admin	yes	admin|super_admin	controller.getDelivery	system-config.service	system-config.routes.ts
PUT	/api/v1/admin/system/delivery	admin	yes	admin|super_admin	controller.updateDelivery	system-config.service	system-config.routes.ts
GET	/api/v1/admin/system/env-variables	admin	yes	admin|super_admin	controller.listEnvVariables	system-config.service	system-config.routes.ts
PUT	/api/v1/admin/system/env-variables/:key	admin	yes	admin|super_admin	controller.updateEnvVariable	system-config.service	system-config.routes.ts
GET	/api/v1/admin/system/feature-flags	admin	yes	admin|super_admin	controller.listFeatureFlags	system-config.service	system-config.routes.ts
PUT	/api/v1/admin/system/feature-flags/:id/toggle	admin	yes	admin|super_admin	controller.toggleFeatureFlag	system-config.service	system-config.routes.ts
GET	/api/v1/admin/system/general	admin	yes	admin|super_admin	controller.getGeneral	system-config.service	system-config.routes.ts
PUT	/api/v1/admin/system/general	admin	yes	admin|super_admin	controller.updateGeneral	system-config.service	system-config.routes.ts
GET	/api/v1/admin/system/instances	admin	partial	admin|super_admin;permission-gated	inline-handler	-	MOCK/stub hardcoded success; inline on protectedRouter
POST	/api/v1/admin/system/instances/:id/restart	admin	partial	admin|super_admin;permission-gated	inline-handler	-	MOCK/stub hardcoded success; inline on protectedRouter
GET	/api/v1/admin/system/integrations	admin	yes	admin|super_admin	controller.listIntegrations	system-config.service	system-config.routes.ts
PUT	/api/v1/admin/system/integrations/:id	admin	yes	admin|super_admin	controller.updateIntegration	system-config.service	system-config.routes.ts
POST	/api/v1/admin/system/integrations/:id/test	admin	yes	admin|super_admin	controller.testIntegration	system-config.service	system-config.routes.ts
GET	/api/v1/admin/system/logs	admin	partial	admin|super_admin;permission-gated	inline-handler	-	MOCK/stub hardcoded success; inline on protectedRouter
GET	/api/v1/admin/system/maintenance	admin	yes	admin|super_admin	controller.getMaintenanceMode	system-config.service	system-config.routes.ts
POST	/api/v1/admin/system/maintenance	admin	yes	admin|super_admin	controller.toggleMaintenanceMode	system-config.service	system-config.routes.ts
GET	/api/v1/admin/system/migrations	admin	partial	admin|super_admin;permission-gated	inline-handler	-	MOCK/stub hardcoded success; inline on protectedRouter
GET	/api/v1/admin/system/notifications	admin	yes	admin|super_admin	controller.getNotifications	system-config.service	system-config.routes.ts
PUT	/api/v1/admin/system/notifications	admin	yes	admin|super_admin	controller.updateNotifications	system-config.service	system-config.routes.ts
GET	/api/v1/admin/system/payment-gateways	admin	yes	admin|super_admin	controller.listPaymentGateways	system-config.service	system-config.routes.ts
PUT	/api/v1/admin/system/payment-gateways/:id	admin	yes	admin|super_admin	controller.updatePaymentGateway	system-config.service	system-config.routes.ts
GET	/api/v1/admin/system/performance	admin	partial	admin|super_admin;permission-gated	inline-handler	-	inline on protectedRouter
GET	/api/v1/admin/system/server-status	admin	partial	admin|super_admin;permission-gated	inline-handler	-	inline on protectedRouter
GET	/api/v1/admin/system/tax-settings	admin	yes	admin|super_admin	controller.getTax	system-config.service	system-config.routes.ts
PUT	/api/v1/admin/system/tax-settings	admin	yes	admin|super_admin	controller.updateTax	system-config.service	system-config.routes.ts
GET	/api/v1/admin/training-videos	admin	yes	admin|super_admin	trainingVideosCtrl.listTrainingVideos	admin.service	protectedRouter
POST	/api/v1/admin/training-videos	admin	yes	admin|super_admin	trainingVideosCtrl.createTrainingVideo	admin.service	protectedRouter
DELETE	/api/v1/admin/training-videos/:id	admin	yes	admin|super_admin	trainingVideosCtrl.deleteTrainingVideo	admin.service	protectedRouter
GET	/api/v1/admin/training-videos/:id	admin	yes	admin|super_admin	trainingVideosCtrl.getTrainingVideoById	admin.service	protectedRouter
PUT	/api/v1/admin/training-videos/:id	admin	yes	admin|super_admin	trainingVideosCtrl.updateTrainingVideo	admin.service	protectedRouter
GET	/api/v1/admin/training-videos/picker-progress	admin	yes	admin|super_admin	trainingVideosCtrl.getPickerProgress	admin.service	protectedRouter
GET	/api/v1/admin/users	admin	yes	admin|super_admin;permission-gated	usersController.getUsers	admin.service	protectedRouter
POST	/api/v1/admin/users	admin	yes	admin|super_admin;permission-gated	usersController.createUser	admin.service	protectedRouter
DELETE	/api/v1/admin/users/:id	admin	yes	admin|super_admin;permission-gated	usersController.deleteUser	admin.service	protectedRouter
GET	/api/v1/admin/users/:id	admin	yes	admin|super_admin;permission-gated	usersController.getUserById	admin.service	protectedRouter
PUT	/api/v1/admin/users/:id	admin	yes	admin|super_admin;permission-gated	usersController.updateUser	admin.service	protectedRouter
PUT	/api/v1/admin/users/:id/reset-password	admin	yes	admin|super_admin;permission-gated	usersController.resetPassword	admin.service	protectedRouter
PUT	/api/v1/admin/users/:id/role	admin	yes	admin|super_admin;permission-gated	usersController.assignRole	admin.service	protectedRouter
POST	/api/v1/admin/users/bulk	admin	yes	admin|super_admin;permission-gated	usersController.bulkUserAction	admin.service	protectedRouter
GET	/api/v1/admin/users/managers	admin	yes	admin|super_admin;permission-gated	masterDataController.listManagers	admin.service	protectedRouter
GET	/api/v1/admin/users/me	admin	yes	admin|super_admin	usersController.getCurrentUserProfile	admin.service	protectedRouter
GET	/api/v1/admin/vehicle-types	admin	yes	admin|super_admin	masterDataController.listVehicleTypes	master-data.service	master-data.routes.ts
POST	/api/v1/admin/vehicle-types	admin	yes	admin|super_admin	masterDataController.createVehicleType	master-data.service	master-data.routes.ts
DELETE	/api/v1/admin/vehicle-types/:id	admin	yes	admin|super_admin	masterDataController.deleteVehicleType	master-data.service	master-data.routes.ts
GET	/api/v1/admin/vehicle-types/:id	admin	yes	admin|super_admin	masterDataController.getVehicleType	master-data.service	master-data.routes.ts
PUT	/api/v1/admin/vehicle-types/:id	admin	yes	admin|super_admin	masterDataController.updateVehicleType	master-data.service	master-data.routes.ts
GET	/api/v1/admin/vendor/approvals	vendor	yes	admin-jwt	ctrl.listProcurementApprovals	vendor.service	-
POST	/api/v1/admin/vendor/approvals/:approvalId/approve	vendor	yes	admin-jwt	ctrl.approveProcurement	vendor.service	-
POST	/api/v1/admin/vendor/approvals/:approvalId/reject	vendor	yes	admin-jwt	ctrl.rejectProcurement	vendor.service	-
GET	/api/v1/admin/vendor/approvals/summary	vendor	yes	admin-jwt	ctrl.getProcurementApprovalsSummary	vendor.service	-
GET	/api/v1/admin/vendor/approvals/tasks	vendor	yes	admin-jwt	ctrl.listProcurementApprovalTasks	vendor.service	-
GET	/api/v1/admin/vendor/approvals/tasks/:id	vendor	yes	admin-jwt	ctrl.getProcurementApprovalTaskById	vendor.service	-
POST	/api/v1/admin/vendor/approvals/tasks/:id/decision	vendor	yes	admin-jwt	ctrl.submitProcurementDecision	vendor.service	-
GET	/api/v1/admin/vendor/certificates	vendor	yes	admin-jwt	ctrl.listCertificates	vendor.service	-
POST	/api/v1/admin/vendor/certificates	vendor	yes	admin-jwt	ctrl.createCertificate	vendor.service	-
DELETE	/api/v1/admin/vendor/certificates/:certificateId	vendor	yes	admin-jwt	ctrl.deleteCertificate	vendor.service	-
GET	/api/v1/admin/vendor/certificates/:certificateId	vendor	yes	admin-jwt	ctrl.getCertificateById	vendor.service	-
PATCH	/api/v1/admin/vendor/certificates/:certificateId	vendor	yes	admin-jwt	ctrl.patchCertificate	vendor.service	-
GET	/api/v1/admin/vendor/dashboard/summary	vendor	yes	admin-jwt	ctrl.getDashboardSummary	vendor.service	-
POST	/api/v1/admin/vendor/inbound/bulk-import	vendor	yes	admin-jwt	ctrl.createBulkImportJob	vendor.service	-
GET	/api/v1/admin/vendor/inbound/bulk-import/:jobId	vendor	yes	admin-jwt	ctrl.getBulkImportJobStatus	vendor.service	-
GET	/api/v1/admin/vendor/inbound/exceptions	vendor	yes	admin-jwt	ctrl.listInboundExceptions	vendor.service	-
POST	/api/v1/admin/vendor/inbound/exceptions	vendor	yes	admin-jwt	ctrl.createInboundException	vendor.service	-
POST	/api/v1/admin/vendor/inbound/exceptions/:exceptionId/resolve	vendor	yes	admin-jwt	ctrl.resolveInboundException	vendor.service	-
GET	/api/v1/admin/vendor/inbound/grn	vendor	yes	admin-jwt	ctrl.listGRNs	vendor.service	-
POST	/api/v1/admin/vendor/inbound/grn	vendor	yes	admin-jwt	ctrl.createGRN	vendor.service	-
GET	/api/v1/admin/vendor/inbound/grn/:grnId	vendor	yes	admin-jwt	ctrl.getGRNById	vendor.service	-
PUT	/api/v1/admin/vendor/inbound/grn/:grnId	vendor	yes	admin-jwt	ctrl.updateGRN	vendor.service	-
GET	/api/v1/admin/vendor/inbound/grns	vendor	yes	admin-jwt	ctrl.listGRNs	vendor.service	-
POST	/api/v1/admin/vendor/inbound/grns	vendor	yes	admin-jwt	ctrl.createGRN	vendor.service	-
GET	/api/v1/admin/vendor/inbound/grns/:grnId	vendor	yes	admin-jwt	ctrl.getGRNById	vendor.service	-
PUT	/api/v1/admin/vendor/inbound/grns/:grnId	vendor	yes	admin-jwt	ctrl.updateGRN	vendor.service	-
POST	/api/v1/admin/vendor/inbound/grns/:grnId/approve	vendor	yes	admin-jwt	ctrl.approveGRN	vendor.service	-
POST	/api/v1/admin/vendor/inbound/grns/:grnId/archive	vendor	yes	admin-jwt	ctrl.archiveGRN	vendor.service	-
POST	/api/v1/admin/vendor/inbound/grns/:grnId/reject	vendor	yes	admin-jwt	ctrl.rejectGRN	vendor.service	-
PATCH	/api/v1/admin/vendor/inbound/grns/:grnId/status	vendor	yes	admin-jwt	ctrl.patchGRNStatus	vendor.service	-
GET	/api/v1/admin/vendor/inbound/overview	vendor	yes	admin-jwt	ctrl.getInboundOverview	vendor.service	-
GET	/api/v1/admin/vendor/inbound/report	vendor	yes	admin-jwt	ctrl.getInboundReport	vendor.service	-
GET	/api/v1/admin/vendor/inbound/rtvs	vendor	yes	admin-jwt	ctrl.listRTVs	vendor.service	-
POST	/api/v1/admin/vendor/inbound/rtvs	vendor	yes	admin-jwt	ctrl.createRTV	vendor.service	-
PATCH	/api/v1/admin/vendor/inbound/rtvs/:rtvId/status	vendor	yes	admin-jwt	ctrl.patchRTVStatus	vendor.service	-
GET	/api/v1/admin/vendor/inbound/shipments	vendor	yes	admin-jwt	ctrl.listShipments	vendor.service	-
POST	/api/v1/admin/vendor/inbound/shipments	vendor	yes	admin-jwt	ctrl.createShipment	vendor.service	-
PATCH	/api/v1/admin/vendor/inbound/shipments/:shipmentId/status	vendor	yes	admin-jwt	ctrl.patchShipmentStatus	vendor.service	-
GET	/api/v1/admin/vendor/inventory	vendor	yes	admin-jwt	ctrl.listVendorInventory	vendor.service	-
GET	/api/v1/admin/vendor/inventory/:vendorId	vendor	yes	admin-jwt	ctrl.getVendorInventorySummary	vendor.service	-
GET	/api/v1/admin/vendor/inventory/:vendorId/aging-alerts	vendor	yes	admin-jwt	ctrl.listVendorAgingAlerts	vendor.service	-
POST	/api/v1/admin/vendor/inventory/:vendorId/aging-alerts/:alertId/ack	vendor	yes	admin-jwt	ctrl.ackVendorAgingAlert	vendor.service	-
GET	/api/v1/admin/vendor/inventory/:vendorId/aging-inventory	vendor	yes	admin-jwt	ctrl.getVendorAgingInventory	vendor.service	-
POST	/api/v1/admin/vendor/inventory/:vendorId/aging-inventory/:itemId/liquidate	vendor	yes	admin-jwt	ctrl.liquidateAgingItem	vendor.service	-
POST	/api/v1/admin/vendor/inventory/:vendorId/aging-inventory/:itemId/return	vendor	yes	admin-jwt	ctrl.returnAgingItem	vendor.service	-
GET	/api/v1/admin/vendor/inventory/:vendorId/kpis	vendor	yes	admin-jwt	ctrl.getVendorInventoryKPIs	vendor.service	-
POST	/api/v1/admin/vendor/inventory/:vendorId/reconcile	vendor	yes	admin-jwt	ctrl.reconcileVendorInventory	vendor.service	-
GET	/api/v1/admin/vendor/inventory/:vendorId/stock	vendor	yes	admin-jwt	ctrl.listVendorStock	vendor.service	-
GET	/api/v1/admin/vendor/inventory/:vendorId/stockouts	vendor	yes	admin-jwt	ctrl.getVendorStockouts	vendor.service	-
POST	/api/v1/admin/vendor/inventory/:vendorId/stockouts/alert-all	vendor	yes	admin-jwt	ctrl.alertAllVendorsStockout	vendor.service	-
POST	/api/v1/admin/vendor/inventory/:vendorId/stockouts/bulk-reorder	vendor	yes	admin-jwt	ctrl.bulkReorderStockouts	vendor.service	-
GET	/api/v1/admin/vendor/inventory/:vendorId/supply-performance	vendor	yes	admin-jwt	ctrl.getVendorSupplyPerformance	vendor.service	-
POST	/api/v1/admin/vendor/inventory/:vendorId/sync	vendor	yes	admin-jwt	ctrl.syncVendorInventory	vendor.service	-
GET	/api/v1/admin/vendor/inventory/hub/aging-alerts	vendor	yes	admin-jwt	ctrl.listHubAgingAlerts	vendor.service	-
GET	/api/v1/admin/vendor/invoices	vendor	yes	admin-jwt	ctrl.listVendorInvoices	vendor.service	-
GET	/api/v1/admin/vendor/invoices/:id	vendor	yes	admin-jwt	ctrl.getVendorInvoiceById	vendor.service	-
POST	/api/v1/admin/vendor/invoices/:id/approve	vendor	yes	admin-jwt	ctrl.approveVendorInvoice	vendor.service	-
POST	/api/v1/admin/vendor/invoices/:id/mark-paid	vendor	yes	admin-jwt	ctrl.markVendorInvoicePaid	vendor.service	-
POST	/api/v1/admin/vendor/invoices/:id/reject	vendor	yes	admin-jwt	ctrl.rejectVendorInvoice	vendor.service	-
GET	/api/v1/admin/vendor/notifications	vendor	yes	admin-jwt	ctrl.listVendorNotifications	vendor.service	-
PATCH	/api/v1/admin/vendor/notifications/:notifId/read	vendor	yes	admin-jwt	ctrl.markVendorNotificationRead	vendor.service	-
PUT	/api/v1/admin/vendor/notifications/:notifId/read	vendor	yes	admin-jwt	ctrl.markVendorNotificationRead	vendor.service	-
POST	/api/v1/admin/vendor/notifications/read-all	vendor	yes	admin-jwt	ctrl.markAllVendorNotificationsRead	vendor.service	-
GET	/api/v1/admin/vendor/payments	vendor	yes	admin-jwt	ctrl.listVendorPayments	vendor.service	-
POST	/api/v1/admin/vendor/payments	vendor	yes	admin-jwt	ctrl.createVendorPayment	vendor.service	-
POST	/api/v1/admin/vendor/payments/:paymentId/cancel	vendor	yes	admin-jwt	ctrl.cancelVendorPayment	vendor.service	-
POST	/api/v1/admin/vendor/public/complete-profile	vendor	yes	admin-jwt	ctrl.completeVendorProfile	vendor.service	-
POST	/api/v1/admin/vendor/public/upload-documents/:vendorId	vendor	yes	admin-jwt	ctrl.uploadVendorDocuments	vendor.service	-
GET	/api/v1/admin/vendor/public/verify-token	vendor	yes	admin-jwt	ctrl.verifyInviteToken	vendor.service	-
GET	/api/v1/admin/vendor/purchase-orders	vendor	yes	admin-jwt	ctrl.listPurchaseOrders	vendor.service	-
POST	/api/v1/admin/vendor/purchase-orders	vendor	yes	admin-jwt	ctrl.createPurchaseOrder	vendor.service	-
DELETE	/api/v1/admin/vendor/purchase-orders/:poId	vendor	yes	admin-jwt	ctrl.deletePurchaseOrder	vendor.service	-
GET	/api/v1/admin/vendor/purchase-orders/:poId	vendor	yes	admin-jwt	ctrl.getPurchaseOrderById	vendor.service	-
PATCH	/api/v1/admin/vendor/purchase-orders/:poId	vendor	yes	admin-jwt	ctrl.updatePurchaseOrder	vendor.service	-
PUT	/api/v1/admin/vendor/purchase-orders/:poId	vendor	yes	admin-jwt	ctrl.updatePurchaseOrder	vendor.service	-
POST	/api/v1/admin/vendor/purchase-orders/:poId/actions	vendor	yes	admin-jwt	ctrl.postPurchaseOrderAction	vendor.service	-
POST	/api/v1/admin/vendor/purchase-orders/:poId/approve	vendor	yes	admin-jwt	ctrl.approvePurchaseOrder	vendor.service	-
GET	/api/v1/admin/vendor/purchase-orders/:poId/events	vendor	yes	admin-jwt	ctrl.getPurchaseOrderEvents	vendor.service	-
POST	/api/v1/admin/vendor/purchase-orders/:poId/reject	vendor	yes	admin-jwt	ctrl.rejectPurchaseOrder	vendor.service	-
POST	/api/v1/admin/vendor/purchase-orders/bulk-upload	vendor	yes	admin-jwt	ctrl.bulkUploadPurchaseOrders	vendor.service	-
GET	/api/v1/admin/vendor/purchase-orders/overview	vendor	yes	admin-jwt	ctrl.getPurchaseOrderOverview	vendor.service	-
GET	/api/v1/admin/vendor/qc	vendor	yes	admin-jwt	ctrl.listQCChecks	vendor.service	-
POST	/api/v1/admin/vendor/qc	vendor	yes	admin-jwt	ctrl.createQCCheck	vendor.service	-
GET	/api/v1/admin/vendor/qc-compliance/audits	vendor	yes	admin-jwt	ctrl.listQCComplianceAudits	vendor.service	-
POST	/api/v1/admin/vendor/qc-compliance/audits	vendor	yes	admin-jwt	ctrl.createQCComplianceAudit	vendor.service	-
DELETE	/api/v1/admin/vendor/qc-compliance/audits/:id	vendor	yes	admin-jwt	ctrl.deleteQCComplianceAudit	vendor.service	-
GET	/api/v1/admin/vendor/qc-compliance/audits/:id	vendor	yes	admin-jwt	ctrl.getQCComplianceAuditById	vendor.service	-
PATCH	/api/v1/admin/vendor/qc-compliance/audits/:id	vendor	yes	admin-jwt	ctrl.updateQCComplianceAudit	vendor.service	-
GET	/api/v1/admin/vendor/qc-compliance/certificates	vendor	yes	admin-jwt	ctrl.listQCComplianceCertificates	vendor.service	-
POST	/api/v1/admin/vendor/qc-compliance/certificates	vendor	yes	admin-jwt	ctrl.createQCComplianceCertificate	vendor.service	-
DELETE	/api/v1/admin/vendor/qc-compliance/certificates/:certId	vendor	yes	admin-jwt	ctrl.deleteQCComplianceCertificate	vendor.service	-
PATCH	/api/v1/admin/vendor/qc-compliance/certificates/:certId	vendor	yes	admin-jwt	ctrl.updateQCComplianceCertificate	vendor.service	-
GET	/api/v1/admin/vendor/qc-compliance/ratings	vendor	yes	admin-jwt	ctrl.listVendorRatings	vendor.service	-
DELETE	/api/v1/admin/vendor/qc-compliance/ratings/:vendorId	vendor	yes	admin-jwt	ctrl.deleteVendorRating	vendor.service	-
PATCH	/api/v1/admin/vendor/qc-compliance/ratings/:vendorId	vendor	yes	admin-jwt	ctrl.updateVendorRating	vendor.service	-
POST	/api/v1/admin/vendor/qc-compliance/ratings/:vendorId/recalculate	vendor	yes	admin-jwt	ctrl.recalculateVendorRating	vendor.service	-
GET	/api/v1/admin/vendor/qc-compliance/temperature	vendor	yes	admin-jwt	ctrl.listQCTemperature	vendor.service	-
POST	/api/v1/admin/vendor/qc-compliance/temperature	vendor	yes	admin-jwt	ctrl.createQCTemperature	vendor.service	-
DELETE	/api/v1/admin/vendor/qc-compliance/temperature/:tempId	vendor	yes	admin-jwt	ctrl.deleteQCTemperature	vendor.service	-
PATCH	/api/v1/admin/vendor/qc-compliance/temperature/:tempId	vendor	yes	admin-jwt	ctrl.updateQCTemperature	vendor.service	-
PUT	/api/v1/admin/vendor/qc/:checkId	vendor	yes	admin-jwt	ctrl.updateQCCheck	vendor.service	-
DELETE	/api/v1/admin/vendor/qc/:qcId	vendor	yes	admin-jwt	ctrl.deleteQCCheck	vendor.service	-
GET	/api/v1/admin/vendor/qc/:qcId	vendor	yes	admin-jwt	ctrl.getQCCheck	vendor.service	-
PATCH	/api/v1/admin/vendor/qc/:qcId	vendor	yes	admin-jwt	ctrl.patchQCCheck	vendor.service	-
GET	/api/v1/admin/vendor/qc/overview	vendor	yes	admin-jwt	ctrl.getQCOverview	vendor.service	-
GET	/api/v1/admin/vendor/reports	vendor	yes	admin-jwt	ctrl.getReports	vendor.service	-
GET	/api/v1/admin/vendor/reports/customers/insights	vendor	yes	admin-jwt	ctrl.getCustomerInsights	vendor.service	-
GET	/api/v1/admin/vendor/reports/customers/top	vendor	yes	admin-jwt	ctrl.getTopCustomers	vendor.service	-
GET	/api/v1/admin/vendor/reports/financial/summary	vendor	yes	admin-jwt	ctrl.getFinancialSummary	vendor.service	-
GET	/api/v1/admin/vendor/reports/orders/analytics	vendor	yes	admin-jwt	ctrl.getOrderAnalytics	vendor.service	-
GET	/api/v1/admin/vendor/reports/products/performance	vendor	yes	admin-jwt	ctrl.getProductPerformance	vendor.service	-
GET	/api/v1/admin/vendor/reports/revenue/category	vendor	yes	admin-jwt	ctrl.getRevenueByCategory	vendor.service	-
GET	/api/v1/admin/vendor/reports/sales/data	vendor	yes	admin-jwt	ctrl.getSalesData	vendor.service	-
GET	/api/v1/admin/vendor/reports/sales/hourly	vendor	yes	admin-jwt	ctrl.getHourlySales	vendor.service	-
GET	/api/v1/admin/vendor/reports/sales/overview	vendor	yes	admin-jwt	ctrl.getSalesOverview	vendor.service	-
GET	/api/v1/admin/vendor/system-gateway/logs	vendor	yes	admin-jwt	ctrl.getSystemGatewayLogs	vendor.service	-
POST	/api/v1/admin/vendor/system-gateway/logs	vendor	yes	admin-jwt	ctrl.createSystemGatewayLog	vendor.service	-
GET	/api/v1/admin/vendor/system-gateway/services	vendor	yes	admin-jwt	ctrl.listSystemGatewayServices	vendor.service	-
POST	/api/v1/admin/vendor/system-gateway/services	vendor	yes	admin-jwt	ctrl.upsertSystemGatewayService	vendor.service	-
GET	/api/v1/admin/vendor/system-gateway/services/:id	vendor	yes	admin-jwt	ctrl.getSystemGatewayServiceById	vendor.service	-
PUT	/api/v1/admin/vendor/system-gateway/services/:id	vendor	yes	admin-jwt	ctrl.upsertSystemGatewayService	vendor.service	-
GET	/api/v1/admin/vendor/utilities/audit-logs	vendor	yes	admin-jwt	ctrl.getVendorAuditLogs	vendor.service	-
POST	/api/v1/admin/vendor/utilities/audit-logs/export	vendor	yes	admin-jwt	ctrl.exportVendorAuditLogs	vendor.service	-
POST	/api/v1/admin/vendor/utilities/bulk-upload	vendor	yes	admin-jwt	ctrl.bulkUploadUtility	vendor.service	-
GET	/api/v1/admin/vendor/utilities/bulk-upload/template	vendor	yes	admin-jwt	ctrl.getBulkUploadTemplate	vendor.service	-
GET	/api/v1/admin/vendor/utilities/contracts	vendor	yes	admin-jwt	ctrl.listUtilityContracts	vendor.service	-
POST	/api/v1/admin/vendor/utilities/contracts	vendor	yes	admin-jwt	ctrl.createUtilityContract	vendor.service	-
DELETE	/api/v1/admin/vendor/utilities/contracts/:contractId	vendor	yes	admin-jwt	ctrl.deleteUtilityContract	vendor.service	-
GET	/api/v1/admin/vendor/utilities/upload-history	vendor	yes	admin-jwt	ctrl.getUploadHistory	vendor.service	-
GET	/api/v1/admin/vendor/vendors	vendor	yes	admin-jwt	ctrl.listVendors	vendor.service	-
POST	/api/v1/admin/vendor/vendors	vendor	yes	admin-jwt	ctrl.createVendor	vendor.service	-
DELETE	/api/v1/admin/vendor/vendors/:vendorId	vendor	yes	admin-jwt	ctrl.archiveVendor	vendor.service	-
GET	/api/v1/admin/vendor/vendors/:vendorId	vendor	yes	admin-jwt	ctrl.getVendorById	vendor.service	-
PATCH	/api/v1/admin/vendor/vendors/:vendorId	vendor	yes	admin-jwt	ctrl.updateVendor	vendor.service	-
PUT	/api/v1/admin/vendor/vendors/:vendorId	vendor	yes	admin-jwt	ctrl.updateVendor	vendor.service	-
POST	/api/v1/admin/vendor/vendors/:vendorId/actions	vendor	yes	admin-jwt	ctrl.postVendorAction	vendor.service	-
GET	/api/v1/admin/vendor/vendors/:vendorId/alerts	vendor	yes	admin-jwt	ctrl.listVendorAlerts	vendor.service	-
POST	/api/v1/admin/vendor/vendors/:vendorId/alerts	vendor	yes	admin-jwt	ctrl.createVendorAlert	vendor.service	-
GET	/api/v1/admin/vendor/vendors/:vendorId/certificates	vendor	yes	admin-jwt	ctrl.listCertificates	vendor.service	-
GET	/api/v1/admin/vendor/vendors/:vendorId/health	vendor	yes	admin-jwt	ctrl.getVendorHealth	vendor.service	-
GET	/api/v1/admin/vendor/vendors/:vendorId/inventory	vendor	yes	admin-jwt	ctrl.listVendorInventory	vendor.service	-
GET	/api/v1/admin/vendor/vendors/:vendorId/invoices	vendor	yes	admin-jwt	ctrl.listVendorInvoices	vendor.service	-
GET	/api/v1/admin/vendor/vendors/:vendorId/notifications	vendor	yes	admin-jwt	ctrl.listVendorNotifications	vendor.service	-
GET	/api/v1/admin/vendor/vendors/:vendorId/performance	vendor	yes	admin-jwt	ctrl.getVendorPerformance	vendor.service	-
GET	/api/v1/admin/vendor/vendors/:vendorId/purchase-orders	vendor	yes	admin-jwt	ctrl.listVendorPurchaseOrders	vendor.service	-
GET	/api/v1/admin/vendor/vendors/:vendorId/qc-checks	vendor	yes	admin-jwt	ctrl.listVendorQCChecks	vendor.service	-
POST	/api/v1/admin/vendor/vendors/:vendorId/qc-checks	vendor	yes	admin-jwt	ctrl.createVendorQCCheck	vendor.service	-
PATCH	/api/v1/admin/vendor/vendors/:vendorId/stage	vendor	yes	admin-jwt	ctrl.updateVendorStage	vendor.service	-
GET	/api/v1/admin/vendor/vendors/email-preview/:templateName	vendor	yes	admin-jwt	ctrl.getEmailTemplatePreview	vendor.service	-
POST	/api/v1/admin/vendor/vendors/send-doc-request-email	vendor	yes	admin-jwt	ctrl.sendDocumentRequestEmail	vendor.service	-
POST	/api/v1/admin/vendor/vendors/send-invite-email	vendor	yes	admin-jwt	ctrl.sendInviteEmail	vendor.service	-
POST	/api/v1/admin/vendor/vendors/send-payment-email	vendor	yes	admin-jwt	ctrl.sendPaymentEmail	vendor.service	-
POST	/api/v1/admin/vendor/vendors/send-rejection-email	vendor	yes	admin-jwt	ctrl.sendRejectionEmail	vendor.service	-
GET	/api/v1/admin/vendor/vendors/summary	vendor	yes	admin-jwt	ctrl.getVendorSummary	vendor.service	-
POST	/api/v1/admin/vendor/webhooks/carrier	vendor	yes	admin-jwt	ctrl.handleCarrierWebhook	vendor.service	-
POST	/api/v1/admin/vendor/webhooks/vendor-signed	vendor	yes	admin-jwt	ctrl.handleVendorSignedWebhook	vendor.service	-
GET	/api/v1/admin/warehouses	admin	yes	admin|super_admin	storeWarehouseController.listWarehouses	store-warehouse.service	store-warehouse.routes.ts
POST	/api/v1/admin/warehouses	admin	yes	admin|super_admin	storeWarehouseController.createWarehouse	store-warehouse.service	store-warehouse.routes.ts
DELETE	/api/v1/admin/warehouses/:id	admin	yes	admin|super_admin	storeWarehouseController.deleteWarehouse	store-warehouse.service	store-warehouse.routes.ts
GET	/api/v1/admin/warehouses/:id	admin	yes	admin|super_admin	storeWarehouseController.getWarehouse	store-warehouse.service	store-warehouse.routes.ts
PUT	/api/v1/admin/warehouses/:id	admin	yes	admin|super_admin	storeWarehouseController.updateWarehouse	store-warehouse.service	store-warehouse.routes.ts
GET	/api/v1/admin/zones	admin	yes	admin|super_admin	masterDataController.listZones	master-data.service	master-data.routes.ts
POST	/api/v1/admin/zones	admin	yes	admin|super_admin	masterDataController.createZone	master-data.service	master-data.routes.ts
DELETE	/api/v1/admin/zones/:id	admin	yes	admin|super_admin	masterDataController.deleteZone	master-data.service	master-data.routes.ts
GET	/api/v1/admin/zones/:id	admin	yes	admin|super_admin	masterDataController.getZone	master-data.service	master-data.routes.ts
PUT	/api/v1/admin/zones/:id	admin	yes	admin|super_admin	masterDataController.updateZone	master-data.service	master-data.routes.ts
GET	/api/v1/customer/addresses	addresses	yes	customer-jwt	addressesController.list	addresses.service	-
POST	/api/v1/customer/addresses	addresses	yes	customer-jwt	addressesController.create	addresses.service	-
DELETE	/api/v1/customer/addresses/:id	addresses	yes	customer-jwt	addressesController.remove	addresses.service	-
PUT	/api/v1/customer/addresses/:id	addresses	yes	customer-jwt	addressesController.update	addresses.service	-
POST	/api/v1/customer/addresses/:id/default	addresses	yes	customer-jwt	addressesController.setDefault	addresses.service	-
GET	/api/v1/customer/addresses/default	addresses	yes	customer-jwt	addressesController.getDefault	addresses.service	-
GET	/api/v1/customer/admin/app-config	app-config	yes	admin-jwt	ctrl.adminGetConfig	app-config.service	-
PUT	/api/v1/customer/admin/app-config	app-config	yes	admin-jwt	ctrl.adminUpdateConfig	app-config.service	-
GET	/api/v1/customer/admin/app-config/cancellation-policies	app-config	yes	admin-jwt	ctrl.listPolicies	app-config.service	-
POST	/api/v1/customer/admin/app-config/cancellation-policies	app-config	yes	admin-jwt	ctrl.createPolicy	app-config.service	-
DELETE	/api/v1/customer/admin/app-config/cancellation-policies/:id	app-config	yes	admin-jwt	ctrl.deletePolicy	app-config.service	-
GET	/api/v1/customer/admin/app-config/cancellation-policies/:id	app-config	yes	admin-jwt	ctrl.getPolicyById	app-config.service	-
PUT	/api/v1/customer/admin/app-config/cancellation-policies/:id	app-config	yes	admin-jwt	ctrl.updatePolicy	app-config.service	-
POST	/api/v1/customer/admin/app-config/reset	app-config	yes	admin-jwt	ctrl.adminResetConfig	app-config.service	-
PUT	/api/v1/customer/admin/app-config/section/:section	app-config	yes	admin-jwt	ctrl.adminUpdateSection	app-config.service	-
GET	/api/v1/customer/admin/banners	banners	no	-	bannersController.listBanners	banners.service	-
POST	/api/v1/customer/admin/banners	banners	no	-	bannersController.createBanner	banners.service	-
DELETE	/api/v1/customer/admin/banners/:id	banners	no	-	bannersController.deleteBanner	banners.service	-
PUT	/api/v1/customer/admin/banners/:id	banners	no	-	bannersController.updateBanner	banners.service	-
POST	/api/v1/customer/admin/banners/reorder	banners	no	-	bannersController.reorderBanners	banners.service	-
GET	/api/v1/customer/admin/cancellation-policies	app-config	yes	admin-jwt	ctrl.listPolicies	app-config.service	-
POST	/api/v1/customer/admin/cancellation-policies	app-config	yes	admin-jwt	ctrl.createPolicy	app-config.service	-
DELETE	/api/v1/customer/admin/cancellation-policies/:id	app-config	yes	admin-jwt	ctrl.deletePolicy	app-config.service	-
GET	/api/v1/customer/admin/cancellation-policies/:id	app-config	yes	admin-jwt	ctrl.getPolicyById	app-config.service	-
PUT	/api/v1/customer/admin/cancellation-policies/:id	app-config	yes	admin-jwt	ctrl.updatePolicy	app-config.service	-
GET	/api/v1/customer/admin/categories	categories	no	-	categoriesController.listCategories	categories.service	-
POST	/api/v1/customer/admin/categories	categories	no	-	categoriesController.createCategory	categories.service	-
DELETE	/api/v1/customer/admin/categories/:id	categories	no	-	categoriesController.deleteCategory	categories.service	-
PUT	/api/v1/customer/admin/categories/:id	categories	no	-	categoriesController.updateCategory	categories.service	-
GET	/api/v1/customer/admin/categories/:id/children	categories	no	-	categoriesController.getSubcategoriesByCategorySlug	categories.service	-
GET	/api/v1/customer/admin/categories/all	categories	no	-	categoriesController.listAllCategories	categories.service	-
POST	/api/v1/customer/admin/categories/reorder	categories	no	-	categoriesController.reorderCategories	categories.service	-
GET	/api/v1/customer/admin/cms/banners	pages	no	-	cmsAdminController.listBanners	cms.service	-
POST	/api/v1/customer/admin/cms/banners	pages	no	-	cmsAdminController.createBanner	cms.service	-
DELETE	/api/v1/customer/admin/cms/banners/:id	pages	no	-	cmsAdminController.deleteBanner	cms.service	-
PUT	/api/v1/customer/admin/cms/banners/:id	pages	no	-	cmsAdminController.updateBanner	cms.service	-
GET	/api/v1/customer/admin/cms/buttons	pages	no	-	cmsAdminController.listButtons	cms.service	-
POST	/api/v1/customer/admin/cms/buttons	pages	no	-	cmsAdminController.createButton	cms.service	-
DELETE	/api/v1/customer/admin/cms/buttons/:id	pages	no	-	cmsAdminController.deleteButton	cms.service	-
PUT	/api/v1/customer/admin/cms/buttons/:id	pages	no	-	cmsAdminController.updateButton	cms.service	-
GET	/api/v1/customer/admin/cms/collections	pages	no	-	cmsAdminController.listCollections	cms.service	-
POST	/api/v1/customer/admin/cms/collections	pages	no	-	cmsAdminController.createCollection	cms.service	-
DELETE	/api/v1/customer/admin/cms/collections/:id	pages	no	-	cmsAdminController.deleteCollection	cms.service	-
PUT	/api/v1/customer/admin/cms/collections/:id	pages	no	-	cmsAdminController.updateCollection	cms.service	-
POST	/api/v1/customer/admin/cms/consolidate-catalog-taxonomy	pages	no	-	cmsAdminController.consolidateCatalogTaxonomy	cms.service	-
GET	/api/v1/customer/admin/cms/home-sections	pages	no	-	cmsAdminController.listHomeSections	cms.service	-
POST	/api/v1/customer/admin/cms/home-sections	pages	no	-	cmsAdminController.createHomeSection	cms.service	-
DELETE	/api/v1/customer/admin/cms/home-sections/:id	pages	no	-	cmsAdminController.deleteHomeSection	cms.service	-
PUT	/api/v1/customer/admin/cms/home-sections/:id	pages	no	-	cmsAdminController.updateHomeSection	cms.service	-
GET	/api/v1/customer/admin/cms/import-history/content-hub	pages	no	-	cmsAdminController.listContentHubImportRuns	cms.service	-
GET	/api/v1/customer/admin/cms/import-jobs/content-hub/:jobId	pages	no	-	cmsAdminController.getContentHubImportJob	cms.service	-
GET	/api/v1/customer/admin/cms/media	pages	no	-	cmsAdminController.listMedia	cms.service	-
POST	/api/v1/customer/admin/cms/media	pages	no	-	cmsAdminController.createMedia	cms.service	-
DELETE	/api/v1/customer/admin/cms/media/:id	pages	no	-	cmsAdminController.deleteMedia	cms.service	-
GET	/api/v1/customer/admin/cms/overview	pages	no	-	cmsAdminController.getOverview	cms.service	-
GET	/api/v1/customer/admin/cms/pages	pages	no	-	cmsAdminController.listPages	cms.service	-
POST	/api/v1/customer/admin/cms/pages	pages	no	-	cmsAdminController.createPage	cms.service	-
DELETE	/api/v1/customer/admin/cms/pages/:id	pages	no	-	cmsAdminController.deletePage	cms.service	-
GET	/api/v1/customer/admin/cms/pages/:id	pages	no	-	cmsAdminController.getPage	cms.service	-
PUT	/api/v1/customer/admin/cms/pages/:id	pages	no	-	cmsAdminController.updatePage	cms.service	-
POST	/api/v1/customer/admin/cms/upload/cms-pages	pages	no	-	cmsAdminController.uploadCmsPages	cms.service	-
POST	/api/v1/customer/admin/cms/upload/content-hub-master	pages	no	-	cmsAdminController.uploadContentHubMaster	cms.service	-
POST	/api/v1/customer/admin/cms/upload/sku-master	pages	no	-	cmsAdminController.uploadSkuMaster	cms.service	-
GET	/api/v1/customer/admin/collections	collections	no	-	listCollections	collections.service	-
POST	/api/v1/customer/admin/collections	collections	no	-	createCollection	collections.service	-
DELETE	/api/v1/customer/admin/collections/:id	collections	no	-	deleteCollection	collections.service	-
PUT	/api/v1/customer/admin/collections/:id	collections	no	-	updateCollection	collections.service	-
GET	/api/v1/customer/admin/coupons	coupons	no	-	couponsController.adminList	coupons.service	-
POST	/api/v1/customer/admin/coupons	coupons	no	-	couponsController.adminCreate	coupons.service	-
DELETE	/api/v1/customer/admin/coupons/:id	coupons	no	-	couponsController.adminRemove	coupons.service	-
GET	/api/v1/customer/admin/coupons/:id	coupons	no	-	couponsController.adminGetById	coupons.service	-
PUT	/api/v1/customer/admin/coupons/:id	coupons	no	-	couponsController.adminUpdate	coupons.service	-
GET	/api/v1/customer/admin/coupons/stats	coupons	no	-	couponsController.adminStats	coupons.service	-
GET	/api/v1/customer/admin/faq	faq	no	-	faqController.adminList	faq.service	-
POST	/api/v1/customer/admin/faq	faq	no	-	faqController.adminCreate	faq.service	-
DELETE	/api/v1/customer/admin/faq/:id	faq	no	-	faqController.adminDelete	faq.service	-
GET	/api/v1/customer/admin/faq/:id	faq	no	-	faqController.adminGetById	faq.service	-
PUT	/api/v1/customer/admin/faq/:id	faq	no	-	faqController.adminUpdate	faq.service	-
GET	/api/v1/customer/admin/faq/categories	faq	no	-	faqController.listCategories	faq.service	-
GET	/api/v1/customer/admin/home/attributes	home	yes	admin-jwt	homeController.listAttributes	home.service	-
POST	/api/v1/customer/admin/home/attributes	home	yes	admin-jwt	homeController.createAttribute	home.service	-
DELETE	/api/v1/customer/admin/home/attributes/:id	home	yes	admin-jwt	homeController.deleteAttribute	home.service	-
PUT	/api/v1/customer/admin/home/attributes/:id	home	yes	admin-jwt	homeController.updateAttribute	home.service	-
GET	/api/v1/customer/admin/home/banners	home	yes	admin-jwt	homeController.listBannersAdmin	home.service	-
POST	/api/v1/customer/admin/home/banners	home	yes	admin-jwt	homeController.createBannerAdmin	home.service	-
DELETE	/api/v1/customer/admin/home/banners/:id	home	yes	admin-jwt	homeController.deleteBannerAdmin	home.service	-
PUT	/api/v1/customer/admin/home/banners/:id	home	yes	admin-jwt	homeController.updateBannerAdmin	home.service	-
POST	/api/v1/customer/admin/home/banners/reorder	home	yes	admin-jwt	homeController.reorderBannersAdmin	home.service	-
GET	/api/v1/customer/admin/home/categories	home	yes	admin-jwt	homeController.listCategoriesAdmin	home.service	-
POST	/api/v1/customer/admin/home/categories	home	yes	admin-jwt	homeController.createCategoryAdmin	home.service	-
DELETE	/api/v1/customer/admin/home/categories/:id	home	yes	admin-jwt	homeController.deleteCategoryAdmin	home.service	-
PUT	/api/v1/customer/admin/home/categories/:id	home	yes	admin-jwt	homeController.updateCategoryAdmin	home.service	-
GET	/api/v1/customer/admin/home/categories/:id/children	home	yes	admin-jwt	homeController.listCategoryChildren	home.service	-
POST	/api/v1/customer/admin/home/categories/reorder	home	yes	admin-jwt	homeController.reorderCategoriesAdmin	home.service	-
DELETE	/api/v1/customer/admin/home/config	home	yes	admin-jwt	homeController.deleteHomeConfig	home.service	-
GET	/api/v1/customer/admin/home/config	home	yes	admin-jwt	homeController.getConfig	home.service	-
POST	/api/v1/customer/admin/home/config	home	yes	admin-jwt	homeController.upsertHomeConfig	home.service	-
PUT	/api/v1/customer/admin/home/config	home	yes	admin-jwt	homeController.updateConfig	home.service	-
GET	/api/v1/customer/admin/home/config/list	home	yes	admin-jwt	homeController.listHomeConfigs	home.service	-
POST	/api/v1/customer/admin/home/config/reset	home	yes	admin-jwt	homeController.resetConfig	home.service	-
GET	/api/v1/customer/admin/home/lifestyle	home	yes	admin-jwt	homeController.listLifestyle	home.service	-
POST	/api/v1/customer/admin/home/lifestyle	home	yes	admin-jwt	homeController.createLifestyle	home.service	-
DELETE	/api/v1/customer/admin/home/lifestyle/:id	home	yes	admin-jwt	homeController.deleteLifestyle	home.service	-
PUT	/api/v1/customer/admin/home/lifestyle/:id	home	yes	admin-jwt	homeController.updateLifestyle	home.service	-
POST	/api/v1/customer/admin/home/lifestyle/reorder	home	yes	admin-jwt	homeController.reorderLifestyle	home.service	-
GET	/api/v1/customer/admin/home/preview	home	yes	admin-jwt	homeController.getBootstrapPreview	home.service	-
GET	/api/v1/customer/admin/home/products	home	yes	admin-jwt	homeController.listProductsAdmin	home.service	-
POST	/api/v1/customer/admin/home/products	home	yes	admin-jwt	homeController.createProductAdmin	home.service	-
DELETE	/api/v1/customer/admin/home/products/:id	home	yes	admin-jwt	homeController.deleteProductAdmin	home.service	-
GET	/api/v1/customer/admin/home/products/:id	home	yes	admin-jwt	homeController.getProductByIdAdmin	home.service	-
PUT	/api/v1/customer/admin/home/products/:id	home	yes	admin-jwt	homeController.updateProductAdmin	home.service	-
POST	/api/v1/customer/admin/home/products/:id/publish	home	yes	admin-jwt	homeController.publishProductAdmin	home.service	-
PATCH	/api/v1/customer/admin/home/products/:id/status	home	yes	admin-jwt	homeController.patchProductStatusAdmin	home.service	-
GET	/api/v1/customer/admin/home/products/:id/variants	home	yes	admin-jwt	homeController.getProductVariantsAdmin	home.service	-
PATCH	/api/v1/customer/admin/home/products/bulk	home	yes	admin-jwt	homeController.bulkUpdateProductsAdmin	home.service	-
PATCH	/api/v1/customer/admin/home/products/bulk-status	home	yes	admin-jwt	homeController.bulkUpdateProductStatusAdmin	home.service	-
GET	/api/v1/customer/admin/home/promoblocks	home	yes	admin-jwt	homeController.listPromoBlocks	home.service	-
POST	/api/v1/customer/admin/home/promoblocks	home	yes	admin-jwt	homeController.createPromoBlock	home.service	-
DELETE	/api/v1/customer/admin/home/promoblocks/:id	home	yes	admin-jwt	homeController.deletePromoBlock	home.service	-
PUT	/api/v1/customer/admin/home/promoblocks/:id	home	yes	admin-jwt	homeController.updatePromoBlock	home.service	-
POST	/api/v1/customer/admin/home/promoblocks/reorder	home	yes	admin-jwt	homeController.reorderPromoBlocks	home.service	-
GET	/api/v1/customer/admin/home/section-definitions	home	yes	admin-jwt	homeController.listSectionDefinitions	home.service	-
POST	/api/v1/customer/admin/home/section-definitions	home	yes	admin-jwt	homeController.createSectionDefinition	home.service	-
DELETE	/api/v1/customer/admin/home/section-definitions/:id	home	yes	admin-jwt	homeController.deleteSectionDefinition	home.service	-
PUT	/api/v1/customer/admin/home/section-definitions/:id	home	yes	admin-jwt	homeController.updateSectionDefinition	home.service	-
POST	/api/v1/customer/admin/home/section-definitions/reorder	home	yes	admin-jwt	homeController.reorderSectionDefinitions	home.service	-
GET	/api/v1/customer/admin/home/sections	home	yes	admin-jwt	homeController.listSections	home.service	-
POST	/api/v1/customer/admin/home/sections	home	yes	admin-jwt	homeController.createSection	home.service	-
DELETE	/api/v1/customer/admin/home/sections/:id	home	yes	admin-jwt	homeController.deleteSection	home.service	-
PUT	/api/v1/customer/admin/home/sections/:id	home	yes	admin-jwt	homeController.updateSection	home.service	-
PATCH	/api/v1/customer/admin/home/sections/:id/products	home	yes	admin-jwt	homeController.updateSectionProducts	home.service	-
POST	/api/v1/customer/admin/home/sections/reorder	home	yes	admin-jwt	homeController.reorderSections	home.service	-
POST	/api/v1/customer/admin/home/upload-product-image	home	yes	admin-jwt	homeController.uploadProductImage	home.service	-
GET	/api/v1/customer/admin/legal/config	legal	no	-	legalController.getAdminConfig	legal.service	-
PUT	/api/v1/customer/admin/legal/config	legal	no	-	legalController.updateAdminConfig	legal.service	-
GET	/api/v1/customer/admin/legal/documents	legal	no	-	legalController.listDocuments	legal.service	-
POST	/api/v1/customer/admin/legal/documents	legal	no	-	legalController.createDocument	legal.service	-
DELETE	/api/v1/customer/admin/legal/documents/:id	legal	no	-	legalController.deleteDocument	legal.service	-
GET	/api/v1/customer/admin/legal/documents/:id	legal	no	-	legalController.getDocument	legal.service	-
PUT	/api/v1/customer/admin/legal/documents/:id	legal	no	-	legalController.updateDocument	legal.service	-
POST	/api/v1/customer/admin/legal/documents/:id/set-current	legal	no	-	legalController.setCurrentDocument	legal.service	-
PUT	/api/v1/customer/admin/merch/inventory/:storeId	store	no	-	updateStoreInventoryAdmin	store.service	-
GET	/api/v1/customer/admin/merch/inventory/:storeId/history	store	no	-	getStoreInventoryHistoryAdmin	store.service	-
POST	/api/v1/customer/admin/merch/inventory/:storeId/replenish	store	no	-	triggerStoreReplenishmentAdmin	store.service	-
POST	/api/v1/customer/admin/merch/inventory/:storeId/sync	store	no	-	syncStoreInventoryAdmin	store.service	-
GET	/api/v1/customer/admin/merch/stores	store	no	-	listStoresAdmin	store.service	-
POST	/api/v1/customer/admin/merch/stores	store	no	-	createStoreAdmin	store.service	-
DELETE	/api/v1/customer/admin/merch/stores/:id	store	no	-	deleteStoreAdmin	store.service	-
PUT	/api/v1/customer/admin/merch/stores/:id	store	no	-	updateStoreAdmin	store.service	-
GET	/api/v1/customer/admin/notifications	notifications	no	-	notificationsController.adminList	notifications.service	-
DELETE	/api/v1/customer/admin/notifications/:id	notifications	no	-	notificationsController.adminRemove	notifications.service	-
POST	/api/v1/customer/admin/notifications/send	notifications	no	-	notificationsController.adminSend	notifications.service	-
GET	/api/v1/customer/admin/notifications/stats	notifications	no	-	notificationsController.adminStats	notifications.service	-
GET	/api/v1/customer/admin/onboarding-pages	onboarding	no	-	onboardingController.adminList	onboarding.service	-
POST	/api/v1/customer/admin/onboarding-pages	onboarding	no	-	onboardingController.adminCreate	onboarding.service	-
DELETE	/api/v1/customer/admin/onboarding-pages/:id	onboarding	no	-	onboardingController.adminRemove	onboarding.service	-
PUT	/api/v1/customer/admin/onboarding-pages/:id	onboarding	no	-	onboardingController.adminUpdate	onboarding.service	-
POST	/api/v1/customer/admin/onboarding-pages/:id/image	onboarding	no	-	onboardingController.adminUploadImage	onboarding.service	-
PUT	/api/v1/customer/admin/onboarding-pages/reorder	onboarding	no	-	onboardingController.adminReorder	onboarding.service	-
GET	/api/v1/customer/admin/pages	pages	no	-	listPages	pages.service	-
POST	/api/v1/customer/admin/pages	pages	no	-	createPage	pages.service	-
DELETE	/api/v1/customer/admin/pages/:id	pages	no	-	deletePage	pages.service	-
GET	/api/v1/customer/admin/pages/:id	pages	no	-	getPageAdmin	pages.service	-
PUT	/api/v1/customer/admin/pages/:id	pages	no	-	updatePage	pages.service	-
GET	/api/v1/customer/app-config	app-config	no	-	ctrl.getPublicConfig	app-config.service	-
POST	/api/v1/customer/auth/link-phone/send-otp	auth	yes	customer-jwt	authController.sendLinkPhoneOtp	auth.service	-
POST	/api/v1/customer/auth/link-phone/verify-otp	auth	yes	customer-jwt	authController.verifyLinkPhoneOtp	auth.service	-
POST	/api/v1/customer/auth/logout	auth	no	-	authController.logout	auth.service	-
POST	/api/v1/customer/auth/resend-otp	auth	no	-	authController.resendOtp	auth.service	-
POST	/api/v1/customer/auth/send-otp	auth	no	-	authController.sendOtp	auth.service	-
POST	/api/v1/customer/auth/verify-otp	auth	no	-	authController.verifyOtpController	auth.service	-
GET	/api/v1/customer/banners/:id	banners	no	-	bannersController.getBannerById	banners.service	-
GET	/api/v1/customer/bootstrap	bootstrap	no	-	getBootstrap	bootstrap.service	-
GET	/api/v1/customer/cart	cart	yes	customer-jwt	cartController.getCart	cart.service	-
DELETE	/api/v1/customer/cart/clear	cart	yes	customer-jwt	cartController.clear	cart.service	-
POST	/api/v1/customer/cart/items	cart	yes	customer-jwt	cartController.addCartItem	cart.service	-
PUT	/api/v1/customer/cart/items	cart	yes	customer-jwt	cartController.updateCartItemByProductVariant	cart.service	-
DELETE	/api/v1/customer/cart/items/:itemId	cart	yes	customer-jwt	cartController.removeCartItem	cart.service	-
PUT	/api/v1/customer/cart/items/:itemId	cart	yes	customer-jwt	cartController.updateCartItem	cart.service	-
POST	/api/v1/customer/cart/merge	cart	yes	customer-jwt	cartController.mergeCart	cart.service	-
GET	/api/v1/customer/categories	categories	no	-	categoriesController.listCategories	categories.service	-
GET	/api/v1/customer/categories/:id	categories	no	-	categoriesController.getCategoryDetail	categories.service	-
GET	/api/v1/customer/categories/:slug/products	categories	no	-	categoriesController.getCategoryProductsBySlug	categories.service	-
GET	/api/v1/customer/categories/:slug/subcategories	categories	no	-	categoriesController.getSubcategoriesByCategorySlug	categories.service	-
GET	/api/v1/customer/collections/:slug	collections	no	-	getCollection	collections.service	-
GET	/api/v1/customer/coupons	coupons	no	-	couponsController.list	coupons.service	-
POST	/api/v1/customer/coupons/redeem	coupons	yes	customer-jwt	couponsController.redeem	coupons.service	-
POST	/api/v1/customer/coupons/validate	coupons	no	-	couponsController.validate	coupons.service	-
GET	/api/v1/customer/delivery/estimate	delivery	no	-	getDeliveryEstimate	delivery.service	-
GET	/api/v1/customer/delivery/fee	delivery	no	-	getDeliveryFee	delivery.service	-
GET	/api/v1/customer/faq	faq	no	-	faqController.list	faq.service	-
POST	/api/v1/customer/faq/:id/feedback	faq	yes	customer-jwt	faqController.submitFeedback	faq.service	-
GET	/api/v1/customer/faq/categories	faq	no	-	faqController.listCategories	faq.service	-
GET	/api/v1/customer/home	home	no	-	homeController.getHome	home.service	-
POST	/api/v1/customer/legal/accept	legal	yes	customer-jwt	legalController.accept	legal.service	-
GET	/api/v1/customer/legal/config	legal	no	-	legalController.getConfig	legal.service	-
GET	/api/v1/customer/legal/license	legal	no	-	legalController.getLicense	legal.service	-
GET	/api/v1/customer/legal/privacy	legal	no	-	legalController.getPrivacy	legal.service	-
GET	/api/v1/customer/legal/terms	legal	no	-	legalController.getTerms	legal.service	-
GET	/api/v1/customer/locations/approximate	locations	no	-	approximate	locations.service	-
GET	/api/v1/customer/locations/suggestions	locations	no	-	suggestions	locations.service	-
GET	/api/v1/customer/notifications	notifications	yes	customer-jwt	notificationsController.list	notifications.service	-
DELETE	/api/v1/customer/notifications/:id	notifications	yes	customer-jwt	notificationsController.deleteOne	notifications.service	-
PUT	/api/v1/customer/notifications/:id/read	notifications	yes	customer-jwt	notificationsController.markOneRead	notifications.service	-
PUT	/api/v1/customer/notifications/:id/unread	notifications	yes	customer-jwt	notificationsController.markOneUnread	notifications.service	-
GET	/api/v1/customer/notifications/preferences	notifications	yes	customer-jwt	notificationsController.getPreferencesHandler	notifications.service	-
PUT	/api/v1/customer/notifications/preferences	notifications	yes	customer-jwt	notificationsController.updatePreferencesHandler	notifications.service	-
PUT	/api/v1/customer/notifications/read-all	notifications	yes	customer-jwt	notificationsController.markAllReadHandler	notifications.service	-
POST	/api/v1/customer/notifications/register-token	notifications	yes	customer-jwt	notificationsController.registerToken	notifications.service	-
POST	/api/v1/customer/notifications/register-web-push	notifications	yes	customer-jwt	notificationsController.registerWebPush	notifications.service	-
POST	/api/v1/customer/notifications/remove-all-tokens	notifications	yes	customer-jwt	notificationsController.removeAllTokens	notifications.service	-
POST	/api/v1/customer/notifications/remove-token	notifications	yes	customer-jwt	notificationsController.removeToken	notifications.service	-
GET	/api/v1/customer/notifications/unread-count	notifications	yes	customer-jwt	notificationsController.unreadCount	notifications.service	-
GET	/api/v1/customer/notifications/vapid-public-key	notifications	no	-	notificationsController.vapidPublicKey	notifications.service	-
POST	/api/v1/customer/onboarding/complete	onboarding	no	-	onboardingController.completeOnboarding	onboarding.service	-
GET	/api/v1/customer/onboarding/pages	onboarding	no	-	onboardingController.getPages	onboarding.service	-
GET	/api/v1/customer/onboarding/pages/:pageNumber	onboarding	no	-	onboardingController.getPageByNumber	onboarding.service	-
GET	/api/v1/customer/onboarding/status	onboarding	no	-	onboardingController.getStatus	onboarding.service	-
GET	/api/v1/customer/orders	orders	yes	customer-jwt	orderController.list	order.service	-
POST	/api/v1/customer/orders	orders	yes	customer-jwt	orderController.create	order.service	-
GET	/api/v1/customer/orders/:id	orders	yes	customer-jwt	orderController.getDetail	order.service	-
GET	/api/v1/customer/orders/:id/can-cancel	orders	yes	customer-jwt	orderController.canCancel	order.service	-
POST	/api/v1/customer/orders/:id/cancel	orders	yes	customer-jwt	orderController.cancel	order.service	-
GET	/api/v1/customer/orders/:id/invoice	invoice	yes	customer-jwt	invoice	invoice.service	-
POST	/api/v1/customer/orders/:id/rate	orders	yes	customer-jwt	orderController.rate	order.service	-
POST	/api/v1/customer/orders/:id/reorder	orders	yes	customer-jwt	orderController.reorder	order.service	-
GET	/api/v1/customer/orders/:id/status	orders	yes	customer-jwt	orderController.status	order.service	-
GET	/api/v1/customer/orders/:id/tracking	orders	yes	customer-jwt	orderController.tracking	order.service	-
PUT	/api/v1/customer/orders/:id/update-status	orders	yes	admin-jwt	orderController.updateStatus	order.service	-
POST	/api/v1/customer/orders/:id/verify-otp	orders	yes	customer-jwt	orderController.verifyOtp	order.service	-
GET	/api/v1/customer/orders/active	orders	yes	customer-jwt	orderController.active	order.service	-
GET	/api/v1/customer/pages/:slug	pages	no	-	getPage	pages.service	-
GET	/api/v1/customer/payments/methods	payments	yes	customer-jwt	controller.getMethods	payments.service	-
POST	/api/v1/customer/payments/methods	payments	yes	customer-jwt	controller.addPaymentMethod	payments.service	-
DELETE	/api/v1/customer/payments/methods/:id	payments	yes	customer-jwt	controller.removePaymentMethod	payments.service	-
PUT	/api/v1/customer/payments/methods/:id	payments	yes	customer-jwt	controller.updatePaymentMethod	payments.service	-
POST	/api/v1/customer/payments/methods/:id/default	payments	yes	customer-jwt	controller.setDefaultMethod	payments.service	-
POST	/api/v1/customer/payments/worldline/abort	payments	yes	customer-jwt	controller.abortWorldlinePayment	payments.service	-
POST	/api/v1/customer/payments/worldline/complete	payments	yes	customer-jwt	controller.completeWorldlinePayment	payments.service	-
POST	/api/v1/customer/payments/worldline/session	payments	yes	customer-jwt	controller.createWorldlineSession	payments.service	-
GET	/api/v1/customer/payments/worldline/status	payments	yes	customer-jwt	controller.getWorldlineStatus	payments.service	-
GET	/api/v1/customer/products/:id	products	no	-	productsController.getProductDetail	products.service	-
GET	/api/v1/customer/products/search	products	no	-	productsController.searchProducts	products.service	-
GET	/api/v1/customer/products/search/suggestions	products	no	-	productsController.searchSuggestions	products.service	-
GET	/api/v1/customer/products/search/trending	products	no	-	productsController.getTrendingSearches	products.service	-
GET	/api/v1/customer/refunds	refunds	yes	customer-jwt	controller.list	refunds.service	-
GET	/api/v1/customer/refunds/:id	refunds	yes	customer-jwt	controller.getById	refunds.service	-
GET	/api/v1/customer/refunds/:id/details	refunds	yes	customer-jwt	controller.getDetails	refunds.service	-
POST	/api/v1/customer/refunds/request	refunds	yes	customer-jwt	controller.createRequest	refunds.service	-
GET	/api/v1/customer/search	products	no	-	searchProducts	search.service	-
GET	/api/v1/customer/search/suggestions	products	no	-	searchSuggestions	search.service	-
GET	/api/v1/customer/search/trending	products	no	-	getTrendingSearches	search.service	-
GET	/api/v1/customer/sections/:key/products	home	no	-	homeController.getSectionProducts	sections.service	-
GET	/api/v1/customer/store/:storeId/inventory	store	no	-	getStoreInventory	store.service	-
POST	/api/v1/customer/store/assign	store	no	-	assignStore	store.service	-
GET	/api/v1/customer/support/tickets	support	yes	customer-jwt	supportController.listMyTickets	support.service	-
POST	/api/v1/customer/support/tickets	support	yes	customer-jwt	supportController.createTicket	support.service	-
GET	/api/v1/customer/support/tickets/:ticketId/messages	support	yes	customer-jwt	supportController.getTicketMessages	support.service	-
POST	/api/v1/customer/support/tickets/:ticketId/reopen	support	yes	customer-jwt	supportController.reopenTicket	support.service	-
GET	/api/v1/customer/support/tickets/active	support	yes	customer-jwt	supportController.getActiveChatTicket	support.service	-
PUT	/api/v1/customer/user/change-password	user	yes	customer-jwt	userController.changePassword	user.service	-
POST	/api/v1/customer/user/phone/resend-otp	user	yes	customer-jwt	authController.resendOtp	user.service	-
POST	/api/v1/customer/user/phone/send-otp	user	yes	customer-jwt	authController.sendLinkPhoneOtp	user.service	-
POST	/api/v1/customer/user/phone/verify-otp	user	yes	customer-jwt	authController.verifyLinkPhoneOtp	user.service	-
GET	/api/v1/customer/user/profile	user	yes	customer-jwt	userController.getProfile	user.service	-
PUT	/api/v1/customer/user/profile	user	yes	customer-jwt	userController.updateProfile	user.service	-
POST	/api/v1/customer/user/profile/avatar	user	yes	customer-jwt	userController.uploadAvatar	user.service	-
GET	/api/v1/customer/wallet/balance	wallet	yes	customer-jwt	controller.getBalance	wallet.service	-
POST	/api/v1/customer/wallet/credit	wallet	yes	customer-jwt	controller.creditForTopUp	wallet.service	-
POST	/api/v1/customer/wallet/debit	wallet	yes	customer-jwt	controller.debitForCheckout	wallet.service	-
POST	/api/v1/customer/wallet/top-up/session	wallet	yes	customer-jwt	controller.initiateTopUp	wallet.service	-
GET	/api/v1/customer/wallet/transactions	wallet	yes	customer-jwt	controller.getTransactions	wallet.service	-
GET	/api/v1/darkstore/alerts	darkstore	yes	admin-jwt	ctrl.getAlerts	darkstore.service	-
GET	/api/v1/darkstore/alerts/:alertId	darkstore	yes	admin-jwt	ctrl.getAlertById	darkstore.service	-
POST	/api/v1/darkstore/alerts/:alertId/action	darkstore	yes	admin-jwt	ctrl.performAlertAction	darkstore.service	-
GET	/api/v1/darkstore/alerts/debug/ids	darkstore	yes	admin-jwt	ctrl.getAlertsDebugIds	darkstore.service	-
DELETE	/api/v1/darkstore/alerts/resolved	darkstore	yes	admin-jwt	ctrl.clearResolvedAlerts	darkstore.service	-
POST	/api/v1/darkstore/alerts/resolved/clear	darkstore	yes	admin-jwt	ctrl.clearResolvedAlerts	darkstore.service	-
POST	/api/v1/darkstore/analytics/export	darkstore	yes	admin-jwt	ctrl.exportReport	darkstore.service	-
GET	/api/v1/darkstore/analytics/fleet-utilization	darkstore	yes	admin-jwt	ctrl.getRiderPerformance	darkstore.service	-
GET	/api/v1/darkstore/analytics/rider-performance	darkstore	yes	admin-jwt	ctrl.getRiderPerformance	darkstore.service	-
GET	/api/v1/darkstore/analytics/sla-adherence	darkstore	yes	admin-jwt	ctrl.getSlaAdherence	darkstore.service	-
GET	/api/v1/darkstore/dashboard/alert-history	darkstore	yes	admin-jwt	ctrl.getAlertHistory	darkstore.service	-
GET	/api/v1/darkstore/dashboard/live-orders	darkstore	yes	admin-jwt	ctrl.getLiveOrders	darkstore.service	-
GET	/api/v1/darkstore/dashboard/refresh	darkstore	yes	admin-jwt	res.json	darkstore.service	-
POST	/api/v1/darkstore/dashboard/refresh	darkstore	yes	admin-jwt	res.json	darkstore.service	-
GET	/api/v1/darkstore/dashboard/rto-alerts	darkstore	yes	admin-jwt	ctrl.getRTOAlerts	darkstore.service	-
GET	/api/v1/darkstore/dashboard/staff-load	darkstore	yes	admin-jwt	ctrl.getStaffLoad	darkstore.service	-
GET	/api/v1/darkstore/dashboard/stock-alerts	darkstore	yes	admin-jwt	ctrl.getStockAlerts	darkstore.service	-
GET	/api/v1/darkstore/dashboard/store-profile	darkstore	yes	admin-jwt	ctrl.getStoreProfile	darkstore.service	-
GET	/api/v1/darkstore/dashboard/summary	darkstore	yes	admin-jwt	ctrl.getDashboardSummary	darkstore.service	-
GET	/api/v1/darkstore/dashboard/warehouse-profile	darkstore	yes	admin-jwt	ctrl.getWarehouseProfile	darkstore.service	-
GET	/api/v1/darkstore/health/checklists	darkstore	yes	admin-jwt	ctrl.getChecklists	darkstore.service	-
PUT	/api/v1/darkstore/health/checklists/:checklistId/items/:itemId	darkstore	yes	admin-jwt	ctrl.updateChecklistItem	darkstore.service	-
POST	/api/v1/darkstore/health/checklists/:checklistId/submit	darkstore	yes	admin-jwt	ctrl.submitChecklist	darkstore.service	-
GET	/api/v1/darkstore/health/equipment	darkstore	yes	admin-jwt	ctrl.getEquipment	darkstore.service	-
GET	/api/v1/darkstore/health/incidents	darkstore	yes	admin-jwt	ctrl.getIncidents	darkstore.service	-
POST	/api/v1/darkstore/health/incidents	darkstore	yes	admin-jwt	ctrl.reportIncident	darkstore.service	-
PUT	/api/v1/darkstore/health/incidents/:incidentId/resolve	darkstore	yes	admin-jwt	ctrl.resolveIncident	darkstore.service	-
GET	/api/v1/darkstore/health/summary	darkstore	yes	admin-jwt	ctrl.getHealthSummary	darkstore.service	-
GET	/api/v1/darkstore/hsd/devices/:deviceId/actions	darkstore	yes	admin-jwt	ctrl.getDeviceHistory	darkstore.service	-
POST	/api/v1/darkstore/hsd/devices/:deviceId/assign	darkstore	yes	admin-jwt	ctrl.assignHSDDevice	darkstore.service	-
POST	/api/v1/darkstore/hsd/devices/:deviceId/control	darkstore	yes	admin-jwt	ctrl.deviceControl	darkstore.service	-
GET	/api/v1/darkstore/hsd/devices/:deviceId/history	darkstore	yes	admin-jwt	ctrl.getDeviceHistory	darkstore.service	-
POST	/api/v1/darkstore/hsd/devices/:deviceId/unassign	darkstore	yes	admin-jwt	ctrl.unassignHSDDevice	darkstore.service	-
POST	/api/v1/darkstore/hsd/devices/bulk-reset	darkstore	yes	admin-jwt	res.json	darkstore.service	-
POST	/api/v1/darkstore/hsd/devices/register	darkstore	yes	admin-jwt	ctrl.registerHSDDevice	darkstore.service	-
GET	/api/v1/darkstore/hsd/fleet	darkstore	yes	admin-jwt	ctrl.getHSDFleetOverview	darkstore.service	-
GET	/api/v1/darkstore/hsd/issues	darkstore	yes	admin-jwt	ctrl.getHSDIssues	darkstore.service	-
POST	/api/v1/darkstore/hsd/issues/report	darkstore	yes	admin-jwt	ctrl.reportHSDIssue	darkstore.service	-
GET	/api/v1/darkstore/hsd/logs	darkstore	yes	admin-jwt	ctrl.getAuditLogs	darkstore.service	-
GET	/api/v1/darkstore/hsd/picker-users	darkstore	yes	admin-jwt	ctrl.getHSDPickerUsers	darkstore.service	-
POST	/api/v1/darkstore/hsd/requisitions	darkstore	yes	admin-jwt	ctrl.createHSDRequisition	darkstore.service	-
POST	/api/v1/darkstore/hsd/sessions/:deviceId/action	darkstore	yes	admin-jwt	ctrl.sessionAction	darkstore.service	-
GET	/api/v1/darkstore/hsd/sessions/live	darkstore	yes	admin-jwt	ctrl.getLiveSessions	darkstore.service	-
GET	/api/v1/darkstore/hsd/users	darkstore	yes	admin-jwt	ctrl.getHSDUserList	darkstore.service	-
GET	/api/v1/darkstore/hsd/users/:userId/device-request-otp	darkstore	yes	admin-jwt	ctrl.getHSDUserOtp	darkstore.service	-
POST	/api/v1/darkstore/hsd/users/:userId/generate-device-otp	darkstore	yes	admin-jwt	ctrl.generateHSDUserOtp	darkstore.service	-
GET	/api/v1/darkstore/inbound/grn	darkstore	yes	admin-jwt	ctrl.getGRNList	darkstore.service	-
GET	/api/v1/darkstore/inbound/grn/:grnId	darkstore	yes	admin-jwt	ctrl.getGRNDetails	darkstore.service	-
POST	/api/v1/darkstore/inbound/grn/:grnId/complete	darkstore	yes	admin-jwt	ctrl.completeGRNProcessing	darkstore.service	-
PUT	/api/v1/darkstore/inbound/grn/:grnId/items/:sku	darkstore	yes	admin-jwt	ctrl.updateGRNItemQuantity	darkstore.service	-
POST	/api/v1/darkstore/inbound/grn/:grnId/start	darkstore	yes	admin-jwt	ctrl.startGRNProcessing	darkstore.service	-
GET	/api/v1/darkstore/inbound/putaway	darkstore	yes	admin-jwt	ctrl.getPutawayTasks	darkstore.service	-
POST	/api/v1/darkstore/inbound/putaway/:taskId/assign	darkstore	yes	admin-jwt	ctrl.assignPutawayTask	darkstore.service	-
POST	/api/v1/darkstore/inbound/putaway/:taskId/complete	darkstore	yes	admin-jwt	ctrl.completePutawayTask	darkstore.service	-
GET	/api/v1/darkstore/inbound/summary	darkstore	yes	admin-jwt	ctrl.getInboundSummary	darkstore.service	-
GET	/api/v1/darkstore/inbound/transfers	darkstore	yes	admin-jwt	ctrl.getInterStoreTransfers	darkstore.service	-
GET	/api/v1/darkstore/inbound/transfers/:transferId	darkstore	yes	admin-jwt	ctrl.getInterStoreTransfers	darkstore.service	-
POST	/api/v1/darkstore/inbound/transfers/:transferId/receive	darkstore	yes	admin-jwt	ctrl.receiveInterStoreTransfer	darkstore.service	-
POST	/api/v1/darkstore/inbound/transfers/sync	darkstore	yes	admin-jwt	ctrl.syncInterStoreTransfers	darkstore.service	-
GET	/api/v1/darkstore/inventory/adjustments	darkstore	yes	admin-jwt	ctrl.getAdjustments	darkstore.service	-
POST	/api/v1/darkstore/inventory/adjustments	darkstore	yes	admin-jwt	ctrl.createAdjustment	darkstore.service	-
GET	/api/v1/darkstore/inventory/audit-log	darkstore	yes	admin-jwt	ctrl.getAuditLog	darkstore.service	-
POST	/api/v1/darkstore/inventory/bulk-import	darkstore	yes	admin-jwt	ctrl.bulkImportInventory	darkstore.service	-
GET	/api/v1/darkstore/inventory/cycle-count	darkstore	yes	admin-jwt	ctrl.getCycleCount	darkstore.service	-
GET	/api/v1/darkstore/inventory/cycle-count/report	darkstore	yes	admin-jwt	ctrl.downloadCycleCountReport	darkstore.service	-
GET	/api/v1/darkstore/inventory/import-template	darkstore	yes	admin-jwt	ctrl.downloadInventoryImportTemplate	darkstore.service	-
PUT	/api/v1/darkstore/inventory/items/:sku	darkstore	yes	admin-jwt	ctrl.updateInventoryItem	darkstore.service	-
GET	/api/v1/darkstore/inventory/product-location/:sku	darkstore	yes	admin-jwt	ctrl.getProductLocation	darkstore.service	-
GET	/api/v1/darkstore/inventory/restock	darkstore	yes	admin-jwt	ctrl.listRestocks	darkstore.service	-
POST	/api/v1/darkstore/inventory/restock	darkstore	yes	admin-jwt	ctrl.createRestock	darkstore.service	-
POST	/api/v1/darkstore/inventory/restock-task	darkstore	yes	admin-jwt	ctrl.createRestockTask	darkstore.service	-
POST	/api/v1/darkstore/inventory/scan	darkstore	yes	admin-jwt	ctrl.scanItem	darkstore.service	-
GET	/api/v1/darkstore/inventory/shelf-view	darkstore	yes	admin-jwt	ctrl.getShelfView	darkstore.service	-
GET	/api/v1/darkstore/inventory/shelves	darkstore	yes	admin-jwt	ctrl.listShelves	darkstore.service	-
POST	/api/v1/darkstore/inventory/shelves	darkstore	yes	admin-jwt	ctrl.createShelf	darkstore.service	-
DELETE	/api/v1/darkstore/inventory/shelves/:shelfId	darkstore	yes	admin-jwt	ctrl.deleteShelf	darkstore.service	-
PUT	/api/v1/darkstore/inventory/shelves/:shelfId	darkstore	yes	admin-jwt	ctrl.updateShelf	darkstore.service	-
GET	/api/v1/darkstore/inventory/stock-levels	darkstore	yes	admin-jwt	ctrl.getStockLevels	darkstore.service	-
DELETE	/api/v1/darkstore/inventory/stock-levels/:sku	darkstore	yes	admin-jwt	ctrl.deleteInventoryItem	darkstore.service	-
PUT	/api/v1/darkstore/inventory/stock-levels/:sku	darkstore	yes	admin-jwt	ctrl.updateStockLevel	darkstore.service	-
PUT	/api/v1/darkstore/inventory/stock-levels/:sku/status	darkstore	yes	admin-jwt	ctrl.changeItemStatus	darkstore.service	-
GET	/api/v1/darkstore/issues	darkstore	yes	admin-jwt	ctrl.listIssues	darkstore.service	-
GET	/api/v1/darkstore/issues/:id	darkstore	yes	admin-jwt	ctrl.getIssueById	darkstore.service	-
PATCH	/api/v1/darkstore/issues/:id	darkstore	yes	admin-jwt	ctrl.updateIssue	darkstore.service	-
GET	/api/v1/darkstore/issues/ops-users	darkstore	yes	admin-jwt	ctrl.getOpsUsers	darkstore.service	-
POST	/api/v1/darkstore/logistics/estimate	darkstore	yes	admin-jwt	ctrl.getLogisticsEstimate	darkstore.service	-
GET	/api/v1/darkstore/logistics/orders	darkstore	yes	admin-jwt	ctrl.listLogisticsOrders	darkstore.service	-
POST	/api/v1/darkstore/logistics/orders	darkstore	yes	admin-jwt	ctrl.createLogisticsOrder	darkstore.service	-
GET	/api/v1/darkstore/logistics/orders/:id	darkstore	yes	admin-jwt	ctrl.getLogisticsOrder	darkstore.service	-
POST	/api/v1/darkstore/logistics/orders/:id/cancel	darkstore	yes	admin-jwt	ctrl.cancelLogisticsOrder	darkstore.service	-
GET	/api/v1/darkstore/logistics/orders/:id/tracking	darkstore	yes	admin-jwt	ctrl.getLogisticsOrderTracking	darkstore.service	-
GET	/api/v1/darkstore/operations/activity-feed	darkstore	yes	admin-jwt	ctrl.getActivityFeed	darkstore.service	-
GET	/api/v1/darkstore/operations/alerts	darkstore	yes	admin-jwt	ctrl.getOperationalAlerts	darkstore.service	-
GET	/api/v1/darkstore/operations/escalation-suggestions	darkstore	yes	admin-jwt	ctrl.getEscalationSuggestions	darkstore.service	-
GET	/api/v1/darkstore/operations/exception-queue	darkstore	yes	admin-jwt	ctrl.getExceptionQueue	darkstore.service	-
GET	/api/v1/darkstore/operations/live-picking	darkstore	yes	admin-jwt	ctrl.getLivePickingMonitor	darkstore.service	-
GET	/api/v1/darkstore/operations/missing-items	darkstore	yes	admin-jwt	ctrl.getMissingItems	darkstore.service	-
GET	/api/v1/darkstore/operations/order-workflow/:orderId	darkstore	yes	admin-jwt	ctrl.getOrderWorkflow	darkstore.service	-
GET	/api/v1/darkstore/operations/pipeline	darkstore	yes	admin-jwt	ctrl.getPipelineStats	darkstore.service	-
GET	/api/v1/darkstore/operations/regional-pipeline	darkstore	yes	admin-jwt	ctrl.getRegionalPipeline	darkstore.service	-
GET	/api/v1/darkstore/operations/sla-monitor	darkstore	yes	admin-jwt	ctrl.getSlaMonitor	darkstore.service	-
GET	/api/v1/darkstore/operations/workflow-sla-metrics	darkstore	yes	admin-jwt	ctrl.getWorkflowSlaMetrics	darkstore.service	-
GET	/api/v1/darkstore/orders	darkstore	yes	admin-jwt	ctrl.getOrders	darkstore.service	-
GET	/api/v1/darkstore/orders/:orderId	darkstore	yes	admin-jwt	ctrl.getOrderById	darkstore.service	-
PATCH	/api/v1/darkstore/orders/:orderId	darkstore	yes	admin-jwt	ctrl.updateOrder	darkstore.service	-
GET	/api/v1/darkstore/orders/:orderId/action-logs	darkstore	yes	admin-jwt	ctrl.getAlertHistory	darkstore.service	-
PATCH	/api/v1/darkstore/orders/:orderId/assign	darkstore	yes	admin-jwt	ctrl.assignOrder	darkstore.service	-
PATCH	/api/v1/darkstore/orders/:orderId/bag-rack	darkstore	yes	admin-jwt	ctrl.updateBagRack	darkstore.service	-
GET	/api/v1/darkstore/orders/:orderId/call-customer	darkstore	yes	admin-jwt	ctrl.getCallCustomerLog	darkstore.service	-
POST	/api/v1/darkstore/orders/:orderId/call-customer	darkstore	yes	admin-jwt	ctrl.callCustomer	darkstore.service	-
POST	/api/v1/darkstore/orders/:orderId/cancel	darkstore	yes	admin-jwt	ctrl.cancelOrder	darkstore.service	-
PATCH	/api/v1/darkstore/orders/:orderId/complete-picking	darkstore	yes	admin-jwt	ctrl.completePicking	darkstore.service	-
GET	/api/v1/darkstore/orders/:orderId/mark-rto	darkstore	yes	admin-jwt	ctrl.getMarkRTOStatus	darkstore.service	-
POST	/api/v1/darkstore/orders/:orderId/mark-rto	darkstore	yes	admin-jwt	ctrl.markRTO	darkstore.service	-
PATCH	/api/v1/darkstore/orders/:orderId/start-picking	darkstore	yes	admin-jwt	ctrl.startPicking	darkstore.service	-
GET	/api/v1/darkstore/outbound/dispatch	darkstore	yes	admin-jwt	ctrl.getReadyForDispatchOrders	darkstore.service	-
POST	/api/v1/darkstore/outbound/dispatch/assign	darkstore	yes	admin-jwt	ctrl.manuallyAssignRider	darkstore.service	-
POST	/api/v1/darkstore/outbound/dispatch/batch	darkstore	yes	admin-jwt	ctrl.batchDispatchOrders	darkstore.service	-
GET	/api/v1/darkstore/outbound/ready-orders	darkstore	yes	admin-jwt	ctrl.getReadyForDispatchOrders	darkstore.service	-
GET	/api/v1/darkstore/outbound/riders	darkstore	yes	admin-jwt	ctrl.getActiveRiders	darkstore.service	-
GET	/api/v1/darkstore/outbound/summary	darkstore	yes	admin-jwt	ctrl.getOutboundSummary	darkstore.service	-
GET	/api/v1/darkstore/outbound/transfers	darkstore	yes	admin-jwt	ctrl.getOutboundTransferRequests	darkstore.service	-
POST	/api/v1/darkstore/outbound/transfers/:requestId/approve	darkstore	yes	admin-jwt	ctrl.approveTransferRequest	darkstore.service	-
GET	/api/v1/darkstore/outbound/transfers/:requestId/fulfillment	darkstore	yes	admin-jwt	ctrl.getTransferFulfillmentStatus	darkstore.service	-
POST	/api/v1/darkstore/outbound/transfers/:requestId/reject	darkstore	yes	admin-jwt	ctrl.rejectTransferRequest	darkstore.service	-
GET	/api/v1/darkstore/outbound/transfers/sla-summary	darkstore	yes	admin-jwt	ctrl.getTransferSLASummary	darkstore.service	-
GET	/api/v1/darkstore/packing/orders/:orderId	darkstore	yes	admin-jwt	ctrl.getPackingOrderDetails	darkstore.service	-
POST	/api/v1/darkstore/packing/orders/:orderId/complete	darkstore	yes	admin-jwt	ctrl.completePackingOrder	darkstore.service	-
POST	/api/v1/darkstore/packing/orders/:orderId/report-damaged	darkstore	yes	admin-jwt	ctrl.reportDamagedItem	darkstore.service	-
POST	/api/v1/darkstore/packing/orders/:orderId/report-missing	darkstore	yes	admin-jwt	ctrl.reportMissingItem	darkstore.service	-
POST	/api/v1/darkstore/packing/orders/:orderId/scan	darkstore	yes	admin-jwt	ctrl.scanPackingItem	darkstore.service	-
GET	/api/v1/darkstore/packing/queue	darkstore	yes	admin-jwt	ctrl.getPackQueue	darkstore.service	-
GET	/api/v1/darkstore/pick-ops	darkstore	yes	admin-jwt	ctrl.getPicklists	darkstore.service	-
GET	/api/v1/darkstore/pickers	darkstore	yes	admin-jwt	ctrl.getStaffRoster	darkstore.service	-
GET	/api/v1/darkstore/pickers/:id/performance	darkstore	yes	admin-jwt	ctrl.getPickerPerformance	darkstore.service	-
GET	/api/v1/darkstore/pickers/available	darkstore	yes	admin-jwt	ctrl.getStaffRoster	darkstore.service	-
GET	/api/v1/darkstore/pickers/live	darkstore	yes	admin-jwt	ctrl.getStaffRoster	darkstore.service	-
GET	/api/v1/darkstore/pickers/performance/summary	darkstore	yes	admin-jwt	ctrl.getPickerPerformanceSummary	darkstore.service	-
GET	/api/v1/darkstore/pickers/registry	darkstore	yes	admin-jwt	ctrl.getPickerRegistry	darkstore.service	-
GET	/api/v1/darkstore/picklists	darkstore	yes	admin-jwt	ctrl.getPicklists	darkstore.service	-
POST	/api/v1/darkstore/picklists	darkstore	yes	admin-jwt	ctrl.createPicklist	darkstore.service	-
GET	/api/v1/darkstore/picklists/:picklistId	darkstore	yes	admin-jwt	ctrl.getPicklistDetails	darkstore.service	-
POST	/api/v1/darkstore/picklists/:picklistId/assign	darkstore	yes	admin-jwt	ctrl.assignPickerToPicklist	darkstore.service	-
POST	/api/v1/darkstore/picklists/:picklistId/complete	darkstore	yes	admin-jwt	ctrl.completePicklist	darkstore.service	-
POST	/api/v1/darkstore/picklists/:picklistId/move-to-packing	darkstore	yes	admin-jwt	ctrl.movePicklistToPacking	darkstore.service	-
POST	/api/v1/darkstore/picklists/:picklistId/pause	darkstore	yes	admin-jwt	ctrl.pausePicklist	darkstore.service	-
POST	/api/v1/darkstore/picklists/:picklistId/progress	darkstore	yes	admin-jwt	ctrl.updatePicklistProgress	darkstore.service	-
POST	/api/v1/darkstore/picklists/:picklistId/start	darkstore	yes	admin-jwt	ctrl.startPicklistPicking	darkstore.service	-
GET	/api/v1/darkstore/qc/checks	darkstore	yes	admin-jwt	ctrl.getComplianceChecks	darkstore.service	-
PUT	/api/v1/darkstore/qc/checks/:itemId	darkstore	yes	admin-jwt	ctrl.toggleComplianceCheck	darkstore.service	-
GET	/api/v1/darkstore/qc/compliance/audit-status	darkstore	yes	admin-jwt	ctrl.getAuditStatus	darkstore.service	-
GET	/api/v1/darkstore/qc/compliance/logs	darkstore	yes	admin-jwt	ctrl.getComplianceLogs	darkstore.service	-
POST	/api/v1/darkstore/qc/compliance/logs	darkstore	yes	admin-jwt	ctrl.addComplianceLog	darkstore.service	-
GET	/api/v1/darkstore/qc/docs	darkstore	yes	admin-jwt	ctrl.getComplianceDocs	darkstore.service	-
GET	/api/v1/darkstore/qc/failures	darkstore	yes	admin-jwt	ctrl.getQCFailures	darkstore.service	-
POST	/api/v1/darkstore/qc/failures/:failureId/resolve	darkstore	yes	admin-jwt	ctrl.resolveQCFailure	darkstore.service	-
GET	/api/v1/darkstore/qc/history	darkstore	yes	admin-jwt	ctrl.getAlertHistory	darkstore.service	-
GET	/api/v1/darkstore/qc/inspections	darkstore	yes	admin-jwt	ctrl.getQCInspections	darkstore.service	-
POST	/api/v1/darkstore/qc/inspections	darkstore	yes	admin-jwt	ctrl.createQCInspection	darkstore.service	-
GET	/api/v1/darkstore/qc/recent-failures	darkstore	yes	admin-jwt	ctrl.getQCFailures	darkstore.service	-
GET	/api/v1/darkstore/qc/rejections	darkstore	yes	admin-jwt	ctrl.getRejections	darkstore.service	-
POST	/api/v1/darkstore/qc/rejections	darkstore	yes	admin-jwt	ctrl.createRejection	darkstore.service	-
GET	/api/v1/darkstore/qc/samples	darkstore	yes	admin-jwt	ctrl.getSampleTests	darkstore.service	-
POST	/api/v1/darkstore/qc/samples	darkstore	yes	admin-jwt	ctrl.createSampleTest	darkstore.service	-
PUT	/api/v1/darkstore/qc/samples/:sampleId	darkstore	yes	admin-jwt	ctrl.updateSampleResult	darkstore.service	-
GET	/api/v1/darkstore/qc/summary	darkstore	yes	admin-jwt	ctrl.getQCSummary	darkstore.service	-
GET	/api/v1/darkstore/qc/temperature	darkstore	yes	admin-jwt	ctrl.getTemperatureLogs	darkstore.service	-
POST	/api/v1/darkstore/qc/temperature	darkstore	yes	admin-jwt	ctrl.createTemperatureLog	darkstore.service	-
GET	/api/v1/darkstore/qc/watchlist	darkstore	yes	admin-jwt	ctrl.getWatchlist	darkstore.service	-
POST	/api/v1/darkstore/qc/watchlist	darkstore	yes	admin-jwt	ctrl.addWatchlistItem	darkstore.service	-
POST	/api/v1/darkstore/qc/watchlist/:sku/log-check	darkstore	yes	admin-jwt	ctrl.logQCCheck	darkstore.service	-
GET	/api/v1/darkstore/reports/compliance	darkstore	yes	admin-jwt	ctrl.getComplianceReport	darkstore.service	-
GET	/api/v1/darkstore/reports/export	darkstore	yes	admin-jwt	ctrl.exportReport	darkstore.service	-
GET	/api/v1/darkstore/reports/inventory	darkstore	yes	admin-jwt	ctrl.getInventoryReport	darkstore.service	-
GET	/api/v1/darkstore/reports/staff	darkstore	yes	admin-jwt	ctrl.getStaffReport	darkstore.service	-
GET	/api/v1/darkstore/settings	darkstore	yes	admin-jwt	ctrl.getSettings	darkstore.service	-
PUT	/api/v1/darkstore/settings	darkstore	yes	admin-jwt	ctrl.updateSettings	darkstore.service	-
GET	/api/v1/darkstore/staff/absences	darkstore	yes	admin-jwt	ctrl.getAbsences	darkstore.service	-
POST	/api/v1/darkstore/staff/absences	darkstore	yes	admin-jwt	ctrl.logAbsence	darkstore.service	-
GET	/api/v1/darkstore/staff/performance	darkstore	yes	admin-jwt	ctrl.getStaffPerformance	darkstore.service	-
GET	/api/v1/darkstore/staff/performance/download	darkstore	yes	admin-jwt	ctrl.downloadStaffPerformance	darkstore.service	-
GET	/api/v1/darkstore/staff/roster	darkstore	yes	admin-jwt	ctrl.getStaffRoster	darkstore.service	-
GET	/api/v1/darkstore/staff/shift-coverage	darkstore	yes	admin-jwt	ctrl.getShiftCoverage	darkstore.service	-
POST	/api/v1/darkstore/staff/shifts/auto-assign-ot	darkstore	yes	admin-jwt	ctrl.autoAssignOT	darkstore.service	-
GET	/api/v1/darkstore/staff/summary	darkstore	yes	admin-jwt	ctrl.getStaffSummary	darkstore.service	-
GET	/api/v1/darkstore/staff/weekly-roster	darkstore	yes	admin-jwt	ctrl.getWeeklyRoster	darkstore.service	-
POST	/api/v1/darkstore/staff/weekly-roster/publish	darkstore	yes	admin-jwt	ctrl.publishRoster	darkstore.service	-
GET	/api/v1/darkstore/utilities/audit-logs	darkstore	yes	admin-jwt	ctrl.getAuditLogs	darkstore.service	-
POST	/api/v1/darkstore/utilities/audit-logs/export	darkstore	yes	admin-jwt	ctrl.exportAuditLogs	darkstore.service	-
POST	/api/v1/darkstore/utilities/inventory/bulk-upload	darkstore	yes	admin-jwt	ctrl.bulkUploadInventory	darkstore.service	-
GET	/api/v1/darkstore/utilities/inventory/upload-template	darkstore	yes	admin-jwt	ctrl.downloadInventoryTemplate	darkstore.service	-
POST	/api/v1/darkstore/utilities/labels/generate	darkstore	yes	admin-jwt	ctrl.generateLabel	darkstore.service	-
POST	/api/v1/darkstore/utilities/system/diagnostics	darkstore	yes	admin-jwt	ctrl.runSystemDiagnostics	darkstore.service	-
GET	/api/v1/darkstore/utilities/system/status	darkstore	yes	admin-jwt	ctrl.getSystemStatus	darkstore.service	-
POST	/api/v1/darkstore/utilities/system/sync	darkstore	yes	admin-jwt	ctrl.forceGlobalSync	darkstore.service	-
GET	/api/v1/diag/hubs	diag-hubs.ts	no	-	inline-handler	-	non-production only
POST	/api/v1/diag/normalize-rider-hub	diag-hubs.ts	no	-	inline-handler	-	non-production only
GET	/api/v1/diag/order-flow	diag-order-flow.ts	no	-	inline-handler	-	non-production only
GET	/api/v1/diag/resolve-hub	diag-hubs.ts	no	-	inline-handler	-	non-production only
PUT	/api/v1/hhd/admin/picker-users/:pickerUserId/link	hhd	partial	ADMIN;hhd-jwt	USER_ROLE.ADMIN	hhd.service	-
POST	/api/v1/hhd/auth/logout	hhd	yes	hhd-jwt	logout	hhd.service	-
GET	/api/v1/hhd/auth/me	hhd	yes	hhd-jwt	getMe	hhd.service	-
POST	/api/v1/hhd/auth/refresh	hhd	no	-	refreshSession	hhd.service	-
POST	/api/v1/hhd/auth/resend-otp	hhd	no	-	resendOTP	hhd.service	-
POST	/api/v1/hhd/auth/send-otp	hhd	no	-	sendOTP	hhd.service	-
POST	/api/v1/hhd/auth/verify-otp	hhd	no	-	verifyOTPHandler	hhd.service	-
GET	/api/v1/hhd/bags/:bagId	hhd	yes	hhd-jwt	getBag	hhd.service	-
PUT	/api/v1/hhd/bags/:bagId	hhd	yes	hhd-jwt	updateBag	hhd.service	-
POST	/api/v1/hhd/bags/scan	hhd	yes	hhd-jwt	scanBag	hhd.service	-
GET	/api/v1/hhd/dashboard	hhd	yes	hhd-jwt	getDashboard	hhd.service	-
GET	/api/v1/hhd/devices/current	hhd	yes	hhd-jwt	getCurrentDevice	hhd.service	-
PUT	/api/v1/hhd/items/:itemId	hhd	yes	hhd-jwt	updateItem	hhd.service	-
PUT	/api/v1/hhd/items/:itemId/not-found	hhd	yes	hhd-jwt	markItemNotFound	hhd.service	-
GET	/api/v1/hhd/items/order/:orderId	hhd	yes	hhd-jwt	getOrderItems	hhd.service	-
POST	/api/v1/hhd/items/scan	hhd	yes	hhd-jwt	scanItem	hhd.service	-
GET	/api/v1/hhd/items/substitutes	hhd	yes	hhd-jwt	getSubstitutes	hhd.service	-
GET	/api/v1/hhd/orders	hhd	yes	hhd-jwt	getOrders	hhd.service	-
POST	/api/v1/hhd/orders	hhd	yes	hhd-jwt	createOrder	hhd.service	-
GET	/api/v1/hhd/orders/:orderId	hhd	yes	hhd-jwt	getOrder	hhd.service	-
PUT	/api/v1/hhd/orders/:orderId/accept	hhd	yes	hhd-jwt	acceptAvailableOrder	hhd.service	-
GET	/api/v1/hhd/orders/:orderId/summary	hhd	yes	hhd-jwt	getOrderSummary	hhd.service	-
GET	/api/v1/hhd/orders/assignorders/status/:status	hhd	yes	hhd-jwt	getAssignOrdersByStatus	hhd.service	-
GET	/api/v1/hhd/orders/available	hhd	yes	hhd-jwt	getAvailableOrders	hhd.service	-
GET	/api/v1/hhd/orders/completed	hhd	yes	hhd-jwt	getCompletedOrders	hhd.service	-
GET	/api/v1/hhd/orders/current	hhd	yes	hhd-jwt	getCurrentOrder	hhd.service	-
POST	/api/v1/hhd/photos	hhd	yes	hhd-jwt	inline-handler	-	-
PUT	/api/v1/hhd/photos/:photoId/verify	hhd	yes	hhd-jwt	verifyPhoto	hhd.service	-
GET	/api/v1/hhd/photos/order/:orderId/bag/:bagId	hhd	yes	hhd-jwt	getPhoto	hhd.service	-
POST	/api/v1/hhd/pick/report-issue	hhd	yes	hhd-jwt	reportIssue	hhd.service	-
GET	/api/v1/hhd/racks/:rackCode	hhd	yes	hhd-jwt	getRack	hhd.service	-
GET	/api/v1/hhd/racks/available	hhd	yes	hhd-jwt	getAvailableRacks	hhd.service	-
POST	/api/v1/hhd/racks/scan	hhd	yes	hhd-jwt	scanRack	hhd.service	-
GET	/api/v1/hhd/scanned-items/:id	hhd	yes	hhd-jwt	getScannedItem	hhd.service	-
GET	/api/v1/hhd/tasks	hhd	yes	hhd-jwt	listTasks	hhd.service	-
PUT	/api/v1/hhd/tasks/:taskId	hhd	yes	hhd-jwt	updateTask	hhd.service	-
GET	/api/v1/hhd/users/contract	hhd	yes	hhd-jwt	getContract	hhd.service	-
GET	/api/v1/hhd/users/employment	hhd	yes	hhd-jwt	getEmployment	hhd.service	-
POST	/api/v1/hhd/users/heartbeat	hhd	yes	hhd-jwt	postHeartbeat	hhd.service	-
GET	/api/v1/hhd/users/linked-picker-profile	hhd	yes	hhd-jwt	getLinkedPickerProfile	hhd.service	-
GET	/api/v1/hhd/users/profile	hhd	yes	hhd-jwt	getProfile	hhd.service	-
PUT	/api/v1/hhd/users/profile	hhd	yes	hhd-jwt	updateProfile	hhd.service	-
GET	/api/v1/logistics/health	logistics	no	-	inline-handler	-	-
POST	/api/v1/logistics/webhooks/porter	logistics	no	-	ingestPorter	logistics.service	-
GET	/api/v1/merch/health	merch	yes	hhd-jwt	inline-handler	-	-
POST	/api/v1/picker/account/delete-request	picker	yes	picker-jwt	ctrl.requestAccountDeletion	picker.service	-
POST	/api/v1/picker/approval/verify-location-otp	picker	yes	picker-jwt	ctrl.verifyLocationOtp	picker.service	-
GET	/api/v1/picker/attendance	picker	yes	picker-jwt	ctrl.getAttendance	picker.service	-
POST	/api/v1/picker/attendance/punch-in	picker	partial	picker-jwt;active-picker	ctrl.punchIn	picker.service	-
POST	/api/v1/picker/attendance/punch-out	picker	partial	picker-jwt;active-picker	ctrl.punchOut	picker.service	-
GET	/api/v1/picker/attendance/stats	picker	yes	picker-jwt	ctrl.getAttendanceStats	picker.service	-
GET	/api/v1/picker/attendance/summary	picker	yes	picker-jwt	ctrl.getAttendanceSummary	picker.service	-
POST	/api/v1/picker/auth/logout	picker	yes	picker-jwt	ctrl.logout	picker.service	-
POST	/api/v1/picker/auth/refresh	picker	yes	picker-jwt	ctrl.refreshToken	picker.service	-
POST	/api/v1/picker/auth/resend-otp	picker	no	-	ctrl.resendOtp	picker.service	-
POST	/api/v1/picker/auth/resend-otp-email	picker	no	-	ctrl.resendOtpEmail	picker.service	-
POST	/api/v1/picker/auth/send-otp	picker	no	-	ctrl.sendOtp	picker.service	-
POST	/api/v1/picker/auth/send-otp-email	picker	no	-	ctrl.sendOtpEmail	picker.service	-
POST	/api/v1/picker/auth/verify-otp	picker	no	-	ctrl.verifyOtp	picker.service	-
POST	/api/v1/picker/auth/verify-otp-email	picker	no	-	ctrl.verifyOtpEmail	picker.service	-
GET	/api/v1/picker/bank-accounts	picker	yes	picker-jwt	ctrl.listBankAccounts	picker.service	-
POST	/api/v1/picker/bank-accounts	picker	yes	picker-jwt	ctrl.addBankAccount	picker.service	-
GET	/api/v1/picker/bank/accounts	picker	yes	picker-jwt	ctrl.listBankAccounts	picker.service	-
POST	/api/v1/picker/bank/accounts	picker	yes	picker-jwt	ctrl.addBankAccount	picker.service	-
PUT	/api/v1/picker/bank/accounts/:accountId	picker	yes	picker-jwt	ctrl.updateBankAccount	picker.service	-
POST	/api/v1/picker/bank/accounts/:accountId/delete	picker	yes	picker-jwt	ctrl.deleteBankAccount	picker.service	-
PUT	/api/v1/picker/bank/accounts/:accountId/set-default	picker	yes	picker-jwt	ctrl.setBankAccountDefault	picker.service	-
POST	/api/v1/picker/bank/verify	picker	yes	picker-jwt	ctrl.verifyBankAccount	picker.service	-
POST	/api/v1/picker/bulk/bag/load	picker	partial	picker-jwt;active-picker	ctrl.loadBulkBag	picker.service	-
GET	/api/v1/picker/bulk/batch	picker	partial	picker-jwt;active-picker	ctrl.getBulkBatch	picker.service	-
GET	/api/v1/picker/bulk/batches	picker	partial	picker-jwt;active-picker	ctrl.listBulkBatches	picker.service	-
GET	/api/v1/picker/bulk/batches/:batchId	picker	partial	picker-jwt;active-picker	ctrl.getBulkBatchDetail	picker.service	-
POST	/api/v1/picker/bulk/start	picker	partial	picker-jwt;active-picker	ctrl.startBulkBatch	picker.service	-
POST	/api/v1/picker/bulk/stops/:stopId/arrive	picker	partial	picker-jwt;active-picker	ctrl.arriveBulkStop	picker.service	-
POST	/api/v1/picker/bulk/stops/:stopId/deliver	picker	partial	picker-jwt;active-picker	ctrl.deliverBulkStop	picker.service	-
POST	/api/v1/picker/bulk/stops/:stopId/fail	picker	partial	picker-jwt;active-picker	ctrl.failBulkStop	picker.service	-
POST	/api/v1/picker/bulk/stops/:stopId/proof-photo	picker	partial	picker-jwt;active-picker	ctrl.uploadBulkStopPhoto	picker.service	-
POST	/api/v1/picker/cash/deposits	picker	partial	picker-jwt;active-picker	ctrl.recordCashDeposit	picker.service	-
GET	/api/v1/picker/cash/summary	picker	partial	picker-jwt;active-picker	ctrl.getCashSummary	picker.service	-
GET	/api/v1/picker/cash/transactions	picker	partial	picker-jwt;active-picker	ctrl.listCashTransactions	picker.service	-
GET	/api/v1/picker/config	picker	no	-	ctrl.getPublicConfig	picker.service	-
GET	/api/v1/picker/config/cancel-reasons	picker	yes	picker-jwt	ctrl.getCancelReasons	picker.service	-
POST	/api/v1/picker/dark-store-login	picker	yes	picker-jwt	ctrl.registerAtDarkStore	picker.service	-
GET	/api/v1/picker/dashboard/today	picker	partial	picker-jwt;active-picker	ctrl.getDashboardToday	picker.service	-
GET	/api/v1/picker/devices/assigned	picker	yes	picker-jwt	ctrl.getAssignedDevice	picker.service	-
POST	/api/v1/picker/devices/collection-complete	picker	yes	picker-jwt	ctrl.acknowledgeDeviceCollection	picker.service	-
POST	/api/v1/picker/devices/return	picker	yes	picker-jwt	ctrl.returnDevice	picker.service	-
POST	/api/v1/picker/devices/upload-condition-photo	picker	yes	picker-jwt	ctrl.uploadDeviceConditionPhoto	picker.service	-
POST	/api/v1/picker/didit/session	picker	yes	picker-jwt	ctrl.createDiditSession	picker.service	-
GET	/api/v1/picker/didit/status	picker	yes	picker-jwt	ctrl.getDiditStatus	picker.service	-
POST	/api/v1/picker/didit/webhook	picker	no	-	ctrl.handleDiditWebhook	picker.service	-
GET	/api/v1/picker/documents	picker	yes	picker-jwt	ctrl.listDocuments	picker.service	-
POST	/api/v1/picker/documents	picker	yes	picker-jwt	ctrl.uploadDocument	picker.service	-
POST	/api/v1/picker/documents/upload	picker	yes	picker-jwt	ctrl.uploadDocument	picker.service	-
GET	/api/v1/picker/faq	picker	no	-	ctrl.listFAQ	picker.service	-
POST	/api/v1/picker/heartbeat	picker	yes	picker-jwt	ctrl.postHeartbeat	picker.service	-
GET	/api/v1/picker/home/summary	picker	yes	picker-jwt	ctrl.getHomeSummary	picker.service	-
GET	/api/v1/picker/incentives/today	picker	partial	picker-jwt;active-picker	ctrl.getIncentivesToday	picker.service	-
POST	/api/v1/picker/issues	picker	yes	picker-jwt	ctrl.reportIssue	picker.service	-
GET	/api/v1/picker/legal/config	picker	no	-	ctrl.getLegalConfig	picker.service	-
GET	/api/v1/picker/legal/privacy	picker	no	-	ctrl.getLegalPrivacy	picker.service	-
GET	/api/v1/picker/legal/terms	picker	no	-	ctrl.getLegalTerms	picker.service	-
GET	/api/v1/picker/locations	picker	yes	picker-jwt	ctrl.getLocations	picker.service	-
GET	/api/v1/picker/locations/:locationId	picker	yes	picker-jwt	ctrl.getLocationById	picker.service	-
GET	/api/v1/picker/locations/current	picker	yes	picker-jwt	ctrl.getCurrentLocation	picker.service	-
POST	/api/v1/picker/locations/ensure-darkstore-verification	picker	yes	picker-jwt	ctrl.ensureDarkstoreVerification	picker.service	-
POST	/api/v1/picker/locations/nearest	picker	yes	picker-jwt	ctrl.getNearestLocation	picker.service	-
POST	/api/v1/picker/locations/save-darkstore-gps	picker	yes	picker-jwt	ctrl.saveDarkstoreGps	picker.service	-
POST	/api/v1/picker/locations/set	picker	yes	picker-jwt	ctrl.setUserLocation	picker.service	-
POST	/api/v1/picker/locations/set-darkstore-from-current	picker	yes	picker-jwt	ctrl.setDarkstoreFromCurrentLocation	picker.service	-
POST	/api/v1/picker/locations/track	picker	yes	picker-jwt	ctrl.trackUserLocation	picker.service	-
POST	/api/v1/picker/locations/validate	picker	yes	picker-jwt	ctrl.validateLocation	picker.service	-
POST	/api/v1/picker/manager/request-otp	picker	yes	picker-jwt	ctrl.requestManagerOtp	picker.service	-
POST	/api/v1/picker/manager/verify-otp	picker	yes	picker-jwt	ctrl.verifyManagerOtp	picker.service	-
GET	/api/v1/picker/notifications	picker	yes	picker-jwt	ctrl.getNotifications	picker.service	-
PUT	/api/v1/picker/notifications/:notificationId/read	picker	yes	picker-jwt	ctrl.markNotificationRead	picker.service	-
PUT	/api/v1/picker/notifications/read-all	picker	yes	picker-jwt	ctrl.markAllNotificationsRead	picker.service	-
POST	/api/v1/picker/onboarding/kit-ack	picker	yes	picker-jwt	ctrl.acknowledgeKit	picker.service	-
GET	/api/v1/picker/onboarding/state	picker	yes	picker-jwt	ctrl.getOnboardingState	picker.service	-
POST	/api/v1/picker/onboarding/submit	picker	yes	picker-jwt	ctrl.submitOnboarding	picker.service	-
GET	/api/v1/picker/performance	picker	yes	picker-jwt	ctrl.getPerformance	picker.service	-
GET	/api/v1/picker/performance/history	picker	yes	picker-jwt	ctrl.getPerformanceHistory	picker.service	-
GET	/api/v1/picker/performance/summary	picker	yes	picker-jwt	ctrl.getPerformanceSummary	picker.service	-
POST	/api/v1/picker/presence/ping	picker	yes	picker-jwt	ctrl.postPresencePing	picker.service	-
GET	/api/v1/picker/profile	picker	yes	picker-jwt	ctrl.getRiderProfile	picker.service	-
PUT	/api/v1/picker/profile	picker	yes	picker-jwt	ctrl.updateRiderProfile	picker.service	-
POST	/api/v1/picker/push-token	picker	yes	picker-jwt	ctrl.registerPushToken	picker.service	-
GET	/api/v1/picker/samples	picker	no	-	ctrl.listSamples	picker.service	-
POST	/api/v1/picker/samples	picker	no	-	ctrl.createSample	picker.service	-
GET	/api/v1/picker/samples/:id	picker	no	-	ctrl.getSampleById	picker.service	-
GET	/api/v1/picker/settings/preferences	picker	yes	picker-jwt	ctrl.getPreferences	picker.service	-
PUT	/api/v1/picker/settings/preferences	picker	yes	picker-jwt	ctrl.updatePreferences	picker.service	-
GET	/api/v1/picker/shared-orders	picker	partial	picker-jwt;active-picker	ctrl.getSharedOrders	picker.service	-
GET	/api/v1/picker/shared-orders/:orderId	picker	partial	picker-jwt;active-picker	ctrl.getSharedOrder	picker.service	-
POST	/api/v1/picker/shared-orders/:orderId/complete	picker	partial	picker-jwt;active-picker	ctrl.completeSharedOrder	picker.service	-
POST	/api/v1/picker/shared-orders/:orderId/proof-photo	picker	partial	picker-jwt;active-picker	ctrl.uploadOrderProofPhoto	picker.service	-
PUT	/api/v1/picker/shared-orders/:orderId/status	picker	partial	picker-jwt;active-picker	ctrl.updateSharedOrderStatus	picker.service	-
GET	/api/v1/picker/shared-orders/assignorders	picker	partial	picker-jwt;active-picker	ctrl.getAssignOrders	picker.service	-
GET	/api/v1/picker/shared-orders/completed	picker	partial	picker-jwt;active-picker	ctrl.getCompletedSharedOrders	picker.service	-
POST	/api/v1/picker/shifts/:shiftId/end	picker	partial	picker-jwt;active-picker	ctrl.endShift	picker.service	-
POST	/api/v1/picker/shifts/:shiftId/start	picker	partial	picker-jwt;active-picker	ctrl.startShift	picker.service	-
GET	/api/v1/picker/shifts/available	picker	yes	picker-jwt	ctrl.listAvailableShifts	picker.service	-
POST	/api/v1/picker/shifts/break/end	picker	partial	picker-jwt;active-picker	ctrl.endBreak	picker.service	-
POST	/api/v1/picker/shifts/break/start	picker	partial	picker-jwt;active-picker	ctrl.startBreak	picker.service	-
POST	/api/v1/picker/shifts/deselect	picker	yes	picker-jwt	ctrl.deselectShift	picker.service	-
POST	/api/v1/picker/shifts/end	picker	partial	picker-jwt;active-picker	ctrl.endShift	picker.service	-
GET	/api/v1/picker/shifts/my	picker	yes	picker-jwt	ctrl.getMyShifts	picker.service	-
GET	/api/v1/picker/shifts/readiness	picker	yes	picker-jwt	ctrl.getShiftReadiness	picker.service	-
POST	/api/v1/picker/shifts/select	picker	yes	picker-jwt	ctrl.selectShift	picker.service	-
POST	/api/v1/picker/shifts/start	picker	partial	picker-jwt;active-picker	ctrl.startShift	picker.service	-
GET	/api/v1/picker/store-otp	picker	yes	picker-jwt	ctrl.getStoreOtp	picker.service	-
GET	/api/v1/picker/stores/nearby	picker	yes	picker-jwt	ctrl.getStoresNearby	picker.service	-
GET	/api/v1/picker/support/chat/messages	picker	yes	picker-jwt	ctrl.getChatMessages	picker.service	-
POST	/api/v1/picker/support/chat/messages	picker	yes	picker-jwt	ctrl.sendChatMessage	picker.service	-
GET	/api/v1/picker/support/tickets	picker	yes	picker-jwt	ctrl.listSupportTickets	picker.service	-
POST	/api/v1/picker/support/tickets	picker	yes	picker-jwt	ctrl.createSupportTicket	picker.service	-
POST	/api/v1/picker/training/assessment	picker	yes	picker-jwt	ctrl.submitTrainingAssessment	picker.service	-
POST	/api/v1/picker/training/complete/:videoId	picker	yes	picker-jwt	ctrl.completeTrainingVideo	picker.service	-
POST	/api/v1/picker/training/modules/:moduleId/complete	picker	yes	picker-jwt	ctrl.completeTrainingModule	picker.service	-
GET	/api/v1/picker/training/progress	picker	yes	picker-jwt	ctrl.getTrainingProgress	picker.service	-
PUT	/api/v1/picker/training/progress	picker	yes	picker-jwt	ctrl.updateTrainingProgress	picker.service	-
GET	/api/v1/picker/training/user-progress	picker	yes	picker-jwt	ctrl.getTrainingUserProgress	picker.service	-
GET	/api/v1/picker/training/videos	picker	no	-	ctrl.listTrainingVideos	picker.service	-
GET	/api/v1/picker/training/videos/:videoId	picker	yes	picker-jwt	ctrl.getTrainingVideoById	picker.service	-
PUT	/api/v1/picker/training/watch-progress	picker	yes	picker-jwt	ctrl.trackWatchProgress	picker.service	-
POST	/api/v1/picker/uploads	picker	yes	picker-jwt	ctrl.uploadFile	picker.service	-
PUT	/api/v1/picker/user/location-type	picker	yes	picker-jwt	ctrl.setLocationType	picker.service	-
GET	/api/v1/picker/user/profile	picker	yes	picker-jwt	ctrl.getProfile	picker.service	-
PUT	/api/v1/picker/user/profile	picker	yes	picker-jwt	ctrl.updateProfile	picker.service	-
GET	/api/v1/picker/user/profile/contract	picker	yes	picker-jwt	ctrl.getUserContract	picker.service	-
PUT	/api/v1/picker/user/profile/contract	picker	yes	picker-jwt	ctrl.updateUserContract	picker.service	-
GET	/api/v1/picker/user/profile/employment	picker	yes	picker-jwt	ctrl.getEmployment	picker.service	-
PUT	/api/v1/picker/user/profile/employment	picker	yes	picker-jwt	ctrl.updateEmployment	picker.service	-
GET	/api/v1/picker/user/profile/link-status	picker	yes	picker-jwt	ctrl.getLinkStatus	picker.service	-
GET	/api/v1/picker/user/profile/overview	picker	yes	picker-jwt	ctrl.getProfileOverview	picker.service	-
PUT	/api/v1/picker/user/upi	picker	yes	picker-jwt	ctrl.setUpi	picker.service	-
POST	/api/v1/picker/verify/face	picker	yes	picker-jwt	ctrl.verifyFace	picker.service	-
GET	/api/v1/picker/wallet	picker	yes	picker-jwt	ctrl.getWallet	picker.service	-
GET	/api/v1/picker/wallet/balance	picker	yes	picker-jwt	ctrl.getWalletBalance	picker.service	-
POST	/api/v1/picker/wallet/deposit	picker	partial	picker-jwt;active-picker	ctrl.recordCashDeposit	picker.service	-
GET	/api/v1/picker/wallet/earnings-breakdown	picker	yes	picker-jwt	ctrl.getEarningsBreakdown	picker.service	-
GET	/api/v1/picker/wallet/history	picker	yes	picker-jwt	ctrl.getWalletHistory	picker.service	-
GET	/api/v1/picker/wallet/transactions	picker	yes	picker-jwt	ctrl.getTransactions	picker.service	-
GET	/api/v1/picker/wallet/transactions/:transactionId	picker	yes	picker-jwt	ctrl.getTransactionById	picker.service	-
POST	/api/v1/picker/wallet/withdraw	picker	yes	picker-jwt	ctrl.requestWithdrawal	picker.service	-
GET	/api/v1/picker/wallet/withdrawal-requests/:requestId	picker	yes	picker-jwt	ctrl.getWithdrawalRequest	picker.service	-
GET	/api/v1/picker/work-locations	picker	no	-	ctrl.listWorkLocations	picker.service	-
GET	/api/v1/production/health	production	yes	hhd-jwt	inline-handler	-	-
GET	/api/v1/rider	rider	yes	admin-jwt	ctrl.listRiders	rider.service	-
POST	/api/v1/rider	rider	yes	admin-jwt	ctrl.createRider	rider.service	-
GET	/api/v1/rider/:riderId	rider	yes	admin-jwt	ctrl.getRiderById	rider.service	-
PUT	/api/v1/rider/:riderId	rider	yes	admin-jwt	ctrl.updateRider	rider.service	-
GET	/api/v1/rider/:riderId/compliance	rider	yes	admin-jwt	ctrl.getRiderCompliance	rider.service	-
GET	/api/v1/rider/:riderId/contract	rider	yes	admin-jwt	ctrl.getRiderContract	rider.service	-
GET	/api/v1/rider/:riderId/location	rider	yes	admin-jwt	ctrl.getRiderLocation	rider.service	-
GET	/api/v1/rider/:riderId/shifts	rider	yes	admin-jwt	ctrl.listRiderShifts	rider.service	-
GET	/api/v1/rider/:riderId/training	rider	yes	admin-jwt	ctrl.getRiderTraining	rider.service	-
GET	/api/v1/rider/audit/logs	rider	yes	admin-jwt	ctrl.listAuditLogs	rider.service	-
GET	/api/v1/rider/compliance	rider	yes	admin-jwt	ctrl.listCompliance	rider.service	-
GET	/api/v1/rider/compliance/:riderId	rider	yes	admin-jwt	ctrl.getRiderCompliance	rider.service	-
POST	/api/v1/rider/compliance/:riderId/suspend	rider	yes	admin-jwt	ctrl.suspendRider	rider.service	-
POST	/api/v1/rider/compliance/:riderId/unsuspend	rider	yes	admin-jwt	ctrl.unsuspendRider	rider.service	-
GET	/api/v1/rider/contracts	rider	yes	admin-jwt	ctrl.listContracts	rider.service	-
GET	/api/v1/rider/contracts/:riderId	rider	yes	admin-jwt	ctrl.getRiderContract	rider.service	-
POST	/api/v1/rider/contracts/:riderId/renew	rider	yes	admin-jwt	ctrl.renewContract	rider.service	-
POST	/api/v1/rider/contracts/:riderId/terminate	rider	yes	admin-jwt	ctrl.terminateContract	rider.service	-
GET	/api/v1/rider/dashboard/counts	rider	yes	admin-jwt	ctrl.getDashboardCounts	rider.service	-
POST	/api/v1/rider/dispatch/assign	rider	yes	admin-jwt	ctrl.assignOrder	rider.service	-
POST	/api/v1/rider/dispatch/auto-assign	rider	yes	admin-jwt	ctrl.autoAssignOrders	rider.service	-
GET	/api/v1/rider/dispatch/auto-assign/rules	rider	yes	admin-jwt	ctrl.getAutoAssignRules	rider.service	-
PUT	/api/v1/rider/dispatch/auto-assign/rules	rider	yes	admin-jwt	ctrl.updateAutoAssignRule	rider.service	-
POST	/api/v1/rider/dispatch/batch-assign	rider	yes	admin-jwt	ctrl.batchAssignOrders	rider.service	-
POST	/api/v1/rider/dispatch/cluster-metrics	rider	yes	admin-jwt	ctrl.computeClusterMetrics	rider.service	-
GET	/api/v1/rider/dispatch/clusters	rider	yes	admin-jwt	ctrl.listClusters	rider.service	-
POST	/api/v1/rider/dispatch/clusters	rider	yes	admin-jwt	ctrl.saveClusters	rider.service	-
DELETE	/api/v1/rider/dispatch/clusters/:clusterId	rider	yes	admin-jwt	ctrl.deleteCluster	rider.service	-
POST	/api/v1/rider/dispatch/clusters/:clusterId/assign	rider	yes	admin-jwt	ctrl.assignCluster	rider.service	-
PUT	/api/v1/rider/dispatch/clusters/:clusterId/orders	rider	yes	admin-jwt	ctrl.updateClusterOrders	rider.service	-
GET	/api/v1/rider/dispatch/group-delivery	rider	yes	admin-jwt	ctrl.listGroupDeliveryOrders	rider.service	-
GET	/api/v1/rider/dispatch/group-delivery/filter-options	rider	yes	admin-jwt	ctrl.getGroupDeliveryFilterOptions	rider.service	-
GET	/api/v1/rider/dispatch/group-orders	rider	yes	admin-jwt	ctrl.groupOrders	rider.service	-
POST	/api/v1/rider/dispatch/manual-order	rider	yes	admin-jwt	ctrl.createManualOrder	rider.service	-
GET	/api/v1/rider/dispatch/map	rider	yes	admin-jwt	ctrl.getMapData	rider.service	-
GET	/api/v1/rider/dispatch/map/orders	rider	yes	admin-jwt	ctrl.getMapOrders	rider.service	-
GET	/api/v1/rider/dispatch/map/riders	rider	yes	admin-jwt	ctrl.getMapRiders	rider.service	-
GET	/api/v1/rider/dispatch/orders/:orderId/assignment	rider	yes	admin-jwt	ctrl.getOrderAssignmentDetails	rider.service	-
GET	/api/v1/rider/dispatch/orders/:orderId/recommendations	rider	yes	admin-jwt	ctrl.getRecommendedRiders	rider.service	-
POST	/api/v1/rider/dispatch/simulate	rider	yes	admin-jwt	ctrl.simulateAutoAssign	rider.service	-
GET	/api/v1/rider/dispatch/unassigned	rider	yes	admin-jwt	ctrl.listUnassignedOrders	rider.service	-
GET	/api/v1/rider/dispatch/unassigned/count	rider	yes	admin-jwt	ctrl.getUnassignedOrdersCount	rider.service	-
GET	/api/v1/rider/distribution	rider	yes	admin-jwt	ctrl.getRiderDistribution	rider.service	-
GET	/api/v1/rider/fleet	rider	yes	admin-jwt	ctrl.listVehicles	rider.service	-
POST	/api/v1/rider/fleet	rider	yes	admin-jwt	ctrl.createVehicle	rider.service	-
DELETE	/api/v1/rider/fleet/:vehicleId	rider	yes	admin-jwt	ctrl.deleteVehicle	rider.service	-
PUT	/api/v1/rider/fleet/:vehicleId	rider	yes	admin-jwt	ctrl.updateVehicle	rider.service	-
GET	/api/v1/rider/fleet/maintenance	rider	yes	admin-jwt	ctrl.listMaintenanceTasks	rider.service	-
POST	/api/v1/rider/fleet/maintenance	rider	yes	admin-jwt	ctrl.createMaintenanceTask	rider.service	-
GET	/api/v1/rider/fleet/maintenance/:taskId	rider	yes	admin-jwt	ctrl.getMaintenanceTaskById	rider.service	-
PUT	/api/v1/rider/fleet/maintenance/:taskId	rider	yes	admin-jwt	ctrl.updateMaintenanceTask	rider.service	-
GET	/api/v1/rider/fleet/summary	rider	yes	admin-jwt	ctrl.getFleetSummary	rider.service	-
GET	/api/v1/rider/fleet/vehicles	rider	yes	admin-jwt	ctrl.listVehicles	rider.service	-
POST	/api/v1/rider/fleet/vehicles	rider	yes	admin-jwt	ctrl.createVehicle	rider.service	-
GET	/api/v1/rider/fleet/vehicles/:vehicleId	rider	yes	admin-jwt	ctrl.getVehicleById	rider.service	-
PUT	/api/v1/rider/fleet/vehicles/:vehicleId	rider	yes	admin-jwt	ctrl.updateVehicle	rider.service	-
GET	/api/v1/rider/health	rider	no	-	res.status	rider.service	-
GET	/api/v1/rider/hr/access	rider	yes	admin-jwt	ctrl.listRiderAccess	rider.service	-
PUT	/api/v1/rider/hr/access/:riderId	rider	yes	admin-jwt	ctrl.updateRiderAccess	rider.service	-
GET	/api/v1/rider/hr/compliance/:riderId/suspension	rider	yes	admin-jwt	ctrl.getRiderSuspension	rider.service	-
PUT	/api/v1/rider/hr/compliance/:riderId/suspension	rider	yes	admin-jwt	ctrl.manageSuspension	rider.service	-
GET	/api/v1/rider/hr/compliance/:riderId/violations	rider	yes	admin-jwt	ctrl.getRiderViolations	rider.service	-
GET	/api/v1/rider/hr/compliance/alerts	rider	yes	admin-jwt	ctrl.listComplianceAlerts	rider.service	-
GET	/api/v1/rider/hr/contracts	rider	yes	admin-jwt	ctrl.listContracts	rider.service	-
GET	/api/v1/rider/hr/contracts/:riderId	rider	yes	admin-jwt	ctrl.getRiderContract	rider.service	-
PUT	/api/v1/rider/hr/contracts/:riderId	rider	yes	admin-jwt	ctrl.updateContract	rider.service	-
POST	/api/v1/rider/hr/contracts/:riderId/renew	rider	yes	admin-jwt	ctrl.renewContract	rider.service	-
POST	/api/v1/rider/hr/contracts/:riderId/terminate	rider	yes	admin-jwt	ctrl.terminateContract	rider.service	-
GET	/api/v1/rider/hr/dashboard/summary	rider	yes	admin-jwt	ctrl.getHRDashboardSummary	rider.service	-
DELETE	/api/v1/rider/hr/devices/:riderId	rider	yes	admin-jwt	ctrl.unassignDevice	rider.service	-
POST	/api/v1/rider/hr/devices/:riderId	rider	yes	admin-jwt	ctrl.assignDevice	rider.service	-
GET	/api/v1/rider/hr/documents	rider	yes	admin-jwt	ctrl.listDocuments	rider.service	-
GET	/api/v1/rider/hr/documents/:documentId	rider	yes	admin-jwt	ctrl.getDocumentById	rider.service	-
PUT	/api/v1/rider/hr/documents/:documentId	rider	yes	admin-jwt	ctrl.reviewDocument	rider.service	-
GET	/api/v1/rider/hr/documents/:documentId/download	rider	yes	admin-jwt	ctrl.downloadDocument	rider.service	-
GET	/api/v1/rider/hr/documents/:documentId/history	rider	yes	admin-jwt	ctrl.getDocumentHistory	rider.service	-
GET	/api/v1/rider/hr/documents/:documentId/rejection-reason	rider	yes	admin-jwt	ctrl.getDocumentRejectionReason	rider.service	-
GET	/api/v1/rider/hr/riders	rider	yes	admin-jwt	ctrl.listHRRiders	rider.service	-
POST	/api/v1/rider/hr/riders	rider	yes	admin-jwt	ctrl.onboardRider	rider.service	-
GET	/api/v1/rider/hr/riders/:riderId	rider	yes	admin-jwt	ctrl.getRiderHR	rider.service	-
PUT	/api/v1/rider/hr/riders/:riderId	rider	yes	admin-jwt	ctrl.updateRiderHR	rider.service	-
POST	/api/v1/rider/hr/riders/:riderId/approve	rider	yes	admin-jwt	ctrl.approveOnboarding	rider.service	-
POST	/api/v1/rider/hr/riders/:riderId/remind	rider	yes	admin-jwt	ctrl.sendRiderReminder	rider.service	-
GET	/api/v1/rider/hr/training	rider	yes	admin-jwt	ctrl.listTraining	rider.service	-
PUT	/api/v1/rider/hr/training/:riderId	rider	yes	admin-jwt	ctrl.markTrainingCompleted	rider.service	-
GET	/api/v1/rider/kit/config	rider	no	-	ctrl.getKitConfig	rider.service	-
POST	/api/v1/rider/kit/config	rider	yes	admin-jwt	ctrl.updateKitConfig	rider.service	-
GET	/api/v1/rider/kit/training-videos	rider	no	-	ctrl.getKitTrainingVideos	rider.service	-
POST	/api/v1/rider/kit/training-videos	rider	yes	admin-jwt	ctrl.createKitTrainingVideo	rider.service	-
DELETE	/api/v1/rider/kit/training-videos/:id	rider	yes	admin-jwt	ctrl.deleteKitTrainingVideo	rider.service	-
PUT	/api/v1/rider/kit/training-videos/:id	rider	yes	admin-jwt	ctrl.updateKitTrainingVideo	rider.service	-
GET	/api/v1/rider/legal/config	rider	no	-	ctrl.getLegalConfig	rider.service	-
GET	/api/v1/rider/legal/privacy	rider	no	-	ctrl.getLegalPrivacy	rider.service	-
GET	/api/v1/rider/legal/terms	rider	no	-	ctrl.getLegalTerms	rider.service	-
GET	/api/v1/rider/notifications	rider	yes	admin-jwt	ctrl.listDashboardNotifications	rider.service	-
PUT	/api/v1/rider/notifications/:notificationId/read	rider	yes	admin-jwt	ctrl.markNotificationRead	rider.service	-
POST	/api/v1/rider/notifications/read-all	rider	yes	admin-jwt	ctrl.markAllNotificationsRead	rider.service	-
GET	/api/v1/rider/orders	rider	yes	admin-jwt	ctrl.listRiderOrders	rider.service	-
POST	/api/v1/rider/orders/:orderId/alert	rider	yes	admin-jwt	ctrl.alertRiderOrder	rider.service	-
POST	/api/v1/rider/orders/:orderId/assign	rider	yes	admin-jwt	ctrl.assignRiderOrder	rider.service	-
GET	/api/v1/rider/search	rider	yes	admin-jwt	ctrl.search	rider.service	-
GET	/api/v1/rider/shifts	rider	yes	admin-jwt	ctrl.listShifts	rider.service	-
POST	/api/v1/rider/shifts	rider	yes	admin-jwt	ctrl.createShift	rider.service	-
DELETE	/api/v1/rider/shifts/:shiftId	rider	yes	admin-jwt	ctrl.deleteShift	rider.service	-
GET	/api/v1/rider/shifts/:shiftId	rider	yes	admin-jwt	ctrl.getShiftById	rider.service	-
PUT	/api/v1/rider/shifts/:shiftId	rider	yes	admin-jwt	ctrl.updateShift	rider.service	-
POST	/api/v1/rider/shifts/:shiftId/assign	rider	yes	admin-jwt	ctrl.adminAssignRiderToShift	rider.service	-
GET	/api/v1/rider/shifts/:shiftId/assignments	rider	yes	admin-jwt	ctrl.getShiftAssignments	rider.service	-
DELETE	/api/v1/rider/shifts/:shiftId/assignments/:riderId	rider	yes	admin-jwt	ctrl.adminUnassignRiderFromShift	rider.service	-
POST	/api/v1/rider/shifts/:shiftId/unassign	rider	yes	admin-jwt	ctrl.adminUnassignRiderFromShift	rider.service	-
GET	/api/v1/rider/shifts/available/list	rider	yes	admin-jwt	ctrl.listAvailableShiftsForRider	rider.service	-
POST	/api/v1/rider/shifts/cancel	rider	yes	admin-jwt	ctrl.cancelShiftForRider	rider.service	-
POST	/api/v1/rider/shifts/end	rider	yes	admin-jwt	ctrl.endShiftForRider	rider.service	-
GET	/api/v1/rider/shifts/filter-options	rider	yes	admin-jwt	ctrl.getShiftFilterOptions	rider.service	-
GET	/api/v1/rider/shifts/my	rider	yes	admin-jwt	ctrl.getMyShiftsForRider	rider.service	-
POST	/api/v1/rider/shifts/select	rider	yes	admin-jwt	ctrl.selectShiftForRider	rider.service	-
POST	/api/v1/rider/shifts/start	rider	yes	admin-jwt	ctrl.startShiftForRider	rider.service	-
GET	/api/v1/rider/summary	rider	yes	admin-jwt	ctrl.getSummary	rider.service	-
GET	/api/v1/rider/support-chat/conversation	support-chat	yes	customer-jwt	controller.riderGetConversation	support-chat.service	-
GET	/api/v1/rider/support-chat/conversation/messages	support-chat	yes	customer-jwt	controller.riderGetMessages	support-chat.service	-
POST	/api/v1/rider/support-chat/conversation/messages	support-chat	yes	customer-jwt	controller.riderSendMessage	support-chat.service	-
POST	/api/v1/rider/support-chat/conversation/read	support-chat	yes	customer-jwt	controller.riderMarkRead	support-chat.service	-
GET	/api/v1/rider/training/:riderId	rider	yes	admin-jwt	ctrl.getRiderTraining	rider.service	-
POST	/api/v1/rider/training/:riderId/modules/:moduleId/complete	rider	yes	admin-jwt	ctrl.markModuleComplete	rider.service	-
DELETE	/api/v1/shared/alerts	shared	yes	admin-jwt	ctrl.clearResolvedAlerts	shared.service	-
GET	/api/v1/shared/alerts	shared	yes	admin-jwt	ctrl.listAlerts	shared.service	-
GET	/api/v1/shared/alerts/:id	shared	yes	admin-jwt	ctrl.getAlertById	shared.service	-
POST	/api/v1/shared/alerts/:id/action	shared	yes	admin-jwt	ctrl.performAlertAction	shared.service	-
PUT	/api/v1/shared/alerts/read-all	shared	yes	admin-jwt	ctrl.markAllAlertsRead	shared.service	-
GET	/api/v1/shared/analytics/dispatch-efficiency	shared	yes	admin-jwt	ctrl.getDispatchEfficiency	shared.service	-
GET	/api/v1/shared/analytics/drill-down	shared	yes	admin-jwt	ctrl.getDrillDown	shared.service	-
GET	/api/v1/shared/analytics/fleet-utilization	shared	yes	admin-jwt	ctrl.getFleetUtilization	shared.service	-
GET	/api/v1/shared/analytics/hub-comparison	shared	yes	admin-jwt	ctrl.getHubComparison	shared.service	-
POST	/api/v1/shared/analytics/reports/export	shared	yes	admin-jwt	ctrl.exportReport	shared.service	-
GET	/api/v1/shared/analytics/reports/schedules	shared	yes	admin-jwt	ctrl.getReportSchedules	shared.service	-
POST	/api/v1/shared/analytics/reports/schedules	shared	yes	admin-jwt	ctrl.createReportSchedule	shared.service	-
GET	/api/v1/shared/analytics/rider-leaderboard	shared	yes	admin-jwt	ctrl.getRiderLeaderboard	shared.service	-
GET	/api/v1/shared/analytics/rider-performance	shared	yes	admin-jwt	ctrl.getRiderPerformance	shared.service	-
GET	/api/v1/shared/analytics/sla-adherence	shared	yes	admin-jwt	ctrl.getSlaAdherence	shared.service	-
POST	/api/v1/shared/approvals/batch-approve	shared	yes	admin-jwt	ctrl.batchApprove	shared.service	-
GET	/api/v1/shared/approvals/queue	shared	yes	admin-jwt	ctrl.listApprovals	shared.service	-
POST	/api/v1/shared/approvals/queue	shared	yes	admin-jwt	ctrl.createApprovalRequest	shared.service	-
GET	/api/v1/shared/approvals/queue/:id	shared	yes	admin-jwt	ctrl.getApprovalById	shared.service	-
POST	/api/v1/shared/approvals/queue/:id/approve	shared	yes	admin-jwt	ctrl.approveRequest	shared.service	-
POST	/api/v1/shared/approvals/queue/:id/reject	shared	yes	admin-jwt	ctrl.rejectRequest	shared.service	-
GET	/api/v1/shared/approvals/summary	shared	yes	admin-jwt	ctrl.getApprovalSummary	shared.service	-
DELETE	/api/v1/shared/bulk-ops/:type	shared	yes	admin-jwt	ctrl.deleteByType	shared.service	-
GET	/api/v1/shared/bulk-ops/export/:type	shared	yes	admin-jwt	ctrl.exportByType	shared.service	-
POST	/api/v1/shared/bulk-ops/import/products	shared	yes	admin-jwt	ctrl.importProducts	shared.service	-
POST	/api/v1/shared/bulk-ops/inventory	shared	yes	admin-jwt	ctrl.bulkInventory	shared.service	-
POST	/api/v1/shared/bulk-ops/orders	shared	yes	admin-jwt	ctrl.bulkOrders	shared.service	-
POST	/api/v1/shared/bulk-ops/products	shared	yes	admin-jwt	ctrl.bulkProducts	shared.service	-
POST	/api/v1/shared/call-logs	shared	yes	admin-jwt	ctrl.createCallLog	shared.service	-
GET	/api/v1/shared/call-logs/by-customer/:customerId	shared	yes	admin-jwt	ctrl.getCallLogsByCustomer	shared.service	-
GET	/api/v1/shared/call-logs/by-order/:orderId	shared	yes	admin-jwt	ctrl.getCallLogsByOrder	shared.service	-
GET	/api/v1/shared/call-logs/by-ticket/:ticketId	shared	yes	admin-jwt	ctrl.getCallLogsByTicket	shared.service	-
POST	/api/v1/shared/communication/broadcasts	shared	yes	admin-jwt	ctrl.createBroadcast	shared.service	-
GET	/api/v1/shared/communication/chats	shared	yes	admin-jwt	ctrl.listChats	shared.service	-
GET	/api/v1/shared/communication/chats/:id	shared	yes	admin-jwt	ctrl.getChatById	shared.service	-
POST	/api/v1/shared/communication/chats/:id/flag	shared	yes	admin-jwt	ctrl.flagChat	shared.service	-
POST	/api/v1/shared/communication/chats/:id/messages	shared	yes	admin-jwt	ctrl.sendChatMessage	shared.service	-
PUT	/api/v1/shared/communication/chats/:id/read	shared	yes	admin-jwt	ctrl.markChatRead	shared.service	-
GET	/api/v1/shared/dashboard/summary	shared	yes	admin-jwt	ctrl.getDashboardSummary	shared.service	-
POST	/api/v1/shared/escalations	shared	yes	admin-jwt	ctrl.createEscalation	shared.service	-
GET	/api/v1/shared/escalations/:id	shared	yes	admin-jwt	ctrl.getEscalationById	shared.service	-
PATCH	/api/v1/shared/escalations/:id	shared	yes	admin-jwt	ctrl.updateEscalation	shared.service	-
PATCH	/api/v1/shared/escalations/:id/assign	shared	yes	admin-jwt	ctrl.assignEscalation	shared.service	-
PATCH	/api/v1/shared/escalations/:id/resolve	shared	yes	admin-jwt	ctrl.resolveEscalation	shared.service	-
GET	/api/v1/shared/escalations/by-team/:team	shared	yes	admin-jwt	ctrl.getEscalationsByTeam	shared.service	-
POST	/api/v1/shared/inventory-sync/bulk	shared	yes	admin-jwt	ctrl.bulkInventorySync	shared.service	-
GET	/api/v1/shared/inventory-sync/status	shared	yes	admin-jwt	ctrl.getInventorySyncStatus	shared.service	-
POST	/api/v1/shared/inventory-sync/store-to-warehouse	shared	yes	admin-jwt	ctrl.syncStoreToWarehouse	shared.service	-
POST	/api/v1/shared/inventory-sync/warehouse-to-store	shared	yes	admin-jwt	ctrl.syncWarehouseToStore	shared.service	-
GET	/api/v1/shared/search	shared	yes	admin-jwt	ctrl.globalSearch	shared.service	-
GET	/api/v1/shared/search/recent	shared	yes	admin-jwt	ctrl.getRecentSearches	shared.service	-
GET	/api/v1/shared/search/suggestions	shared	yes	admin-jwt	ctrl.getSearchSuggestions	shared.service	-
GET	/api/v1/shared/system-health	shared	yes	admin-jwt	ctrl.getSystemHealthSummary	shared.service	-
GET	/api/v1/shared/system-health/devices	shared	yes	admin-jwt	ctrl.listSystemDevices	shared.service	-
GET	/api/v1/shared/system-health/devices/:id	shared	yes	admin-jwt	ctrl.getSystemDeviceById	shared.service	-
GET	/api/v1/shared/system-health/diagnostics/reports/:reportId	shared	yes	admin-jwt	ctrl.getDiagnosticsReport	shared.service	-
POST	/api/v1/shared/system-health/diagnostics/run	shared	yes	admin-jwt	ctrl.runDiagnostics	shared.service	-
GET	/api/v1/shared/workflow/rules	shared	yes	admin-jwt	ctrl.listWorkflowRules	shared.service	-
POST	/api/v1/shared/workflow/rules	shared	yes	admin-jwt	ctrl.createWorkflowRule	shared.service	-
POST	/api/v1/shared/workflow/schedule	shared	yes	admin-jwt	ctrl.scheduleWorkflow	shared.service	-
POST	/api/v1/shared/workflow/trigger	shared	yes	admin-jwt	ctrl.triggerWorkflow	shared.service	-
POST	/api/v1/support/tickets	support	no	-	supportController.createPublicTicket	support.service	-
GET	/api/v1/warehouse/analytics	warehouse	yes	admin-jwt	getAnalytics	warehouse.service	-
GET	/api/v1/warehouse/attendance/live	warehouse	yes	admin-jwt	getLiveAttendance	warehouse.service	-
GET	/api/v1/warehouse/daily-report	warehouse	yes	admin-jwt	getDailyReport	warehouse.service	-
GET	/api/v1/warehouse/devices	warehouse	yes	admin-jwt	listDevices	warehouse.service	-
POST	/api/v1/warehouse/devices	warehouse	yes	admin-jwt	createDevice	warehouse.service	-
PATCH	/api/v1/warehouse/devices/:id	warehouse	yes	admin-jwt	patchDevice	warehouse.service	-
GET	/api/v1/warehouse/equipment/devices	warehouse	yes	admin-jwt	getEquipmentDevices	warehouse.service	-
GET	/api/v1/warehouse/equipment/devices/:id	warehouse	yes	admin-jwt	getEquipmentDeviceDetails	warehouse.service	-
GET	/api/v1/warehouse/equipment/export	warehouse	yes	admin-jwt	exportEquipment	warehouse.service	-
GET	/api/v1/warehouse/equipment/machinery	warehouse	yes	admin-jwt	getMachinery	warehouse.service	-
POST	/api/v1/warehouse/equipment/machinery	warehouse	yes	admin-jwt	addMachinery	warehouse.service	-
GET	/api/v1/warehouse/equipment/machinery/:id	warehouse	yes	admin-jwt	getMachineryDetails	warehouse.service	-
POST	/api/v1/warehouse/equipment/machinery/:id/issue	warehouse	yes	admin-jwt	reportEquipmentIssue	warehouse.service	-
POST	/api/v1/warehouse/equipment/machinery/:id/resolve	warehouse	yes	admin-jwt	resolveEquipmentIssue	warehouse.service	-
GET	/api/v1/warehouse/exceptions	warehouse	yes	admin-jwt	getExceptions	warehouse.service	-
POST	/api/v1/warehouse/exceptions	warehouse	yes	admin-jwt	reportException	warehouse.service	-
GET	/api/v1/warehouse/exceptions/:id	warehouse	yes	admin-jwt	getExceptionDetails	warehouse.service	-
POST	/api/v1/warehouse/exceptions/:id/accept-partial	warehouse	yes	admin-jwt	acceptPartial	warehouse.service	-
POST	/api/v1/warehouse/exceptions/:id/reject-shipment	warehouse	yes	admin-jwt	rejectShipment	warehouse.service	-
PUT	/api/v1/warehouse/exceptions/:id/status	warehouse	yes	admin-jwt	updateExceptionStatus	warehouse.service	-
GET	/api/v1/warehouse/exceptions/export	warehouse	yes	admin-jwt	exportExceptions	warehouse.service	-
GET	/api/v1/warehouse/health	warehouse	yes	admin-jwt	inline-handler	-	-
GET	/api/v1/warehouse/inbound/docks	warehouse	yes	admin-jwt	getDocks	warehouse.service	-
PUT	/api/v1/warehouse/inbound/docks/:id	warehouse	yes	admin-jwt	updateDock	warehouse.service	-
GET	/api/v1/warehouse/inbound/grns	warehouse	yes	admin-jwt	getGRNs	warehouse.service	-
POST	/api/v1/warehouse/inbound/grns	warehouse	yes	admin-jwt	createGRN	warehouse.service	-
GET	/api/v1/warehouse/inbound/grns/:id	warehouse	yes	admin-jwt	getGRNDetails	warehouse.service	-
POST	/api/v1/warehouse/inbound/grns/:id/complete	warehouse	yes	admin-jwt	completeGRN	warehouse.service	-
POST	/api/v1/warehouse/inbound/grns/:id/discrepancy	warehouse	yes	admin-jwt	logGRNDiscrepancy	warehouse.service	-
POST	/api/v1/warehouse/inbound/grns/:id/start	warehouse	yes	admin-jwt	startGRN	warehouse.service	-
GET	/api/v1/warehouse/inbound/grns/export	warehouse	yes	admin-jwt	exportGRNs	warehouse.service	-
GET	/api/v1/warehouse/inbound/summary	warehouse	yes	admin-jwt	getInboundSummary	warehouse.service	-
GET	/api/v1/warehouse/inventory/adjustments	warehouse	yes	admin-jwt	listAdjustments	warehouse.service	-
POST	/api/v1/warehouse/inventory/adjustments	warehouse	yes	admin-jwt	createAdjustment	warehouse.service	-
GET	/api/v1/warehouse/inventory/alerts	warehouse	yes	admin-jwt	listStockAlerts	warehouse.service	-
POST	/api/v1/warehouse/inventory/alerts/:id/reorder	warehouse	yes	admin-jwt	createReorderRequest	warehouse.service	-
POST	/api/v1/warehouse/inventory/alerts/generate	warehouse	yes	admin-jwt	generateStockAlerts	warehouse.service	-
GET	/api/v1/warehouse/inventory/cycle-counts	warehouse	yes	admin-jwt	listCycleCounts	warehouse.service	-
POST	/api/v1/warehouse/inventory/cycle-counts	warehouse	yes	admin-jwt	createCycleCount	warehouse.service	-
GET	/api/v1/warehouse/inventory/cycle-counts/:id	warehouse	yes	admin-jwt	getCycleCountById	warehouse.service	-
PUT	/api/v1/warehouse/inventory/cycle-counts/:id	warehouse	yes	admin-jwt	updateCycleCount	warehouse.service	-
POST	/api/v1/warehouse/inventory/cycle-counts/:id/complete	warehouse	yes	admin-jwt	completeCycleCount	warehouse.service	-
PUT	/api/v1/warehouse/inventory/cycle-counts/:id/complete	warehouse	yes	admin-jwt	completeCycleCount	warehouse.service	-
POST	/api/v1/warehouse/inventory/cycle-counts/:id/start	warehouse	yes	admin-jwt	startCycleCount	warehouse.service	-
PUT	/api/v1/warehouse/inventory/cycle-counts/:id/start	warehouse	yes	admin-jwt	startCycleCount	warehouse.service	-
GET	/api/v1/warehouse/inventory/export	warehouse	yes	admin-jwt	exportInventory	warehouse.service	-
GET	/api/v1/warehouse/inventory/items	warehouse	yes	admin-jwt	listInventoryItems	warehouse.service	-
GET	/api/v1/warehouse/inventory/items/:id	warehouse	yes	admin-jwt	getInventoryItemById	warehouse.service	-
PUT	/api/v1/warehouse/inventory/items/:id	warehouse	yes	admin-jwt	updateInventoryItem	warehouse.service	-
GET	/api/v1/warehouse/inventory/locations	warehouse	yes	admin-jwt	listStorageLocations	warehouse.service	-
GET	/api/v1/warehouse/inventory/locations/:id	warehouse	yes	admin-jwt	getStorageLocationById	warehouse.service	-
GET	/api/v1/warehouse/inventory/meta	warehouse	yes	admin-jwt	getInventoryMeta	warehouse.service	-
POST	/api/v1/warehouse/inventory/reorder	warehouse	yes	admin-jwt	createReorderRequest	warehouse.service	-
POST	/api/v1/warehouse/inventory/stock/:sku/adjust	warehouse	yes	admin-jwt	createAdjustment	warehouse.service	-
GET	/api/v1/warehouse/inventory/summary	warehouse	yes	admin-jwt	getInventorySummary	warehouse.service	-
GET	/api/v1/warehouse/inventory/transfers	warehouse	yes	admin-jwt	listInternalTransfers	warehouse.service	-
POST	/api/v1/warehouse/inventory/transfers	warehouse	yes	admin-jwt	createInternalTransfer	warehouse.service	-
GET	/api/v1/warehouse/inventory/transfers/:id	warehouse	yes	admin-jwt	getInternalTransferById	warehouse.service	-
POST	/api/v1/warehouse/inventory/transfers/:id/complete	warehouse	yes	admin-jwt	updateTransferStatus	warehouse.service	-
PUT	/api/v1/warehouse/inventory/transfers/:id/status	warehouse	yes	admin-jwt	updateTransferStatus	warehouse.service	-
GET	/api/v1/warehouse/metrics	warehouse	yes	admin-jwt	getWarehouseMetrics	warehouse.service	-
GET	/api/v1/warehouse/notifications	warehouse	yes	admin-jwt	listNotifications	warehouse.service	-
PATCH	/api/v1/warehouse/notifications/:id/read	warehouse	yes	admin-jwt	markNotificationRead	warehouse.service	-
POST	/api/v1/warehouse/notifications/read-all	warehouse	yes	admin-jwt	markAllNotificationsRead	warehouse.service	-
GET	/api/v1/warehouse/operations	warehouse	yes	admin-jwt	getOperationsView	warehouse.service	-
GET	/api/v1/warehouse/order-flow	warehouse	yes	admin-jwt	getOrderFlow	warehouse.service	-
GET	/api/v1/warehouse/orders	warehouse	yes	admin-jwt	listOrders	warehouse.service	-
POST	/api/v1/warehouse/orders/:orderId/alert	warehouse	yes	admin-jwt	alertOrder	warehouse.service	-
POST	/api/v1/warehouse/orders/:orderId/assign	warehouse	yes	admin-jwt	assignOrder	warehouse.service	-
GET	/api/v1/warehouse/outbound/batches	warehouse	yes	admin-jwt	listBatches	warehouse.service	-
POST	/api/v1/warehouse/outbound/batches	warehouse	yes	admin-jwt	createBatch	warehouse.service	-
GET	/api/v1/warehouse/outbound/batches/:id	warehouse	yes	admin-jwt	getBatchDetails	warehouse.service	-
GET	/api/v1/warehouse/outbound/consolidated-picks	warehouse	yes	admin-jwt	getConsolidatedPicks	warehouse.service	-
GET	/api/v1/warehouse/outbound/pickers	warehouse	yes	admin-jwt	getPickers	warehouse.service	-
GET	/api/v1/warehouse/outbound/pickers/:id/orders	warehouse	yes	admin-jwt	getPickerOrders	warehouse.service	-
GET	/api/v1/warehouse/outbound/picklists	warehouse	yes	admin-jwt	getPicklists	warehouse.service	-
GET	/api/v1/warehouse/outbound/picklists/:id	warehouse	yes	admin-jwt	getPicklistDetails	warehouse.service	-
POST	/api/v1/warehouse/outbound/picklists/:id/assign	warehouse	yes	admin-jwt	assignPicker	warehouse.service	-
GET	/api/v1/warehouse/outbound/routes/:id/map	warehouse	yes	admin-jwt	getRouteMap	warehouse.service	-
GET	/api/v1/warehouse/outbound/routes/active/map	warehouse	yes	admin-jwt	getActiveRoutes	warehouse.service	-
GET	/api/v1/warehouse/qc/checks	warehouse	yes	admin-jwt	getComplianceChecks	warehouse.service	-
PUT	/api/v1/warehouse/qc/checks/:id	warehouse	yes	admin-jwt	toggleComplianceCheck	warehouse.service	-
GET	/api/v1/warehouse/qc/compliance-docs	warehouse	yes	admin-jwt	getComplianceDocs	warehouse.service	-
GET	/api/v1/warehouse/qc/compliance-docs/:id	warehouse	yes	admin-jwt	getComplianceDoc	warehouse.service	-
GET	/api/v1/warehouse/qc/compliance-docs/:id/download	warehouse	yes	admin-jwt	getComplianceDoc	warehouse.service	-
GET	/api/v1/warehouse/qc/compliance-docs/:id/view	warehouse	yes	admin-jwt	getComplianceDoc	warehouse.service	-
GET	/api/v1/warehouse/qc/inspections	warehouse	yes	admin-jwt	getInspections	warehouse.service	-
POST	/api/v1/warehouse/qc/inspections	warehouse	yes	admin-jwt	createInspection	warehouse.service	-
GET	/api/v1/warehouse/qc/inspections/:id	warehouse	yes	admin-jwt	getInspectionDetails	warehouse.service	-
GET	/api/v1/warehouse/qc/inspections/:id/report	warehouse	yes	admin-jwt	getInspectionDetails	warehouse.service	-
PUT	/api/v1/warehouse/qc/inspections/:id/update	warehouse	yes	admin-jwt	updateInspection	warehouse.service	-
GET	/api/v1/warehouse/qc/rejections	warehouse	yes	admin-jwt	getRejections	warehouse.service	-
POST	/api/v1/warehouse/qc/rejections	warehouse	yes	admin-jwt	logRejection	warehouse.service	-
GET	/api/v1/warehouse/qc/samples	warehouse	yes	admin-jwt	getSamples	warehouse.service	-
POST	/api/v1/warehouse/qc/samples	warehouse	yes	admin-jwt	createSample	warehouse.service	-
GET	/api/v1/warehouse/qc/samples/:id/report	warehouse	yes	admin-jwt	updateSample	warehouse.service	-
PUT	/api/v1/warehouse/qc/samples/:id/update	warehouse	yes	admin-jwt	updateSample	warehouse.service	-
GET	/api/v1/warehouse/qc/temperature-logs	warehouse	yes	admin-jwt	getTemperatureLogs	warehouse.service	-
POST	/api/v1/warehouse/qc/temperature-logs	warehouse	yes	admin-jwt	createTemperatureLog	warehouse.service	-
GET	/api/v1/warehouse/qc/temperature-logs/:id/chart	warehouse	yes	admin-jwt	getTempChart	warehouse.service	-
GET	/api/v1/warehouse/reports/daily	warehouse	yes	admin-jwt	getReportsDaily	warehouse.service	-
GET	/api/v1/warehouse/reports/inventory-by-category	warehouse	yes	admin-jwt	getInventoryByCategory	warehouse.service	-
GET	/api/v1/warehouse/reports/inventory-health	warehouse	yes	admin-jwt	getInventoryHealth	warehouse.service	-
GET	/api/v1/warehouse/reports/inventory-health/export	warehouse	yes	admin-jwt	exportInventoryHealth	warehouse.service	-
GET	/api/v1/warehouse/reports/operational-slas	warehouse	yes	admin-jwt	getOperationalSLAs	warehouse.service	-
GET	/api/v1/warehouse/reports/operational-slas/export	warehouse	yes	admin-jwt	exportSLAMetrics	warehouse.service	-
GET	/api/v1/warehouse/reports/operations-view	warehouse	yes	admin-jwt	getReportsOperationsView	warehouse.service	-
GET	/api/v1/warehouse/reports/output-trends	warehouse	yes	admin-jwt	getOutputTrends	warehouse.service	-
GET	/api/v1/warehouse/reports/productivity	warehouse	yes	admin-jwt	getProductivity	warehouse.service	-
GET	/api/v1/warehouse/reports/productivity/export	warehouse	yes	admin-jwt	exportProductivity	warehouse.service	-
GET	/api/v1/warehouse/reports/storage-utilization	warehouse	yes	admin-jwt	getStorageUtilization	warehouse.service	-
GET	/api/v1/warehouse/staff	warehouse	yes	admin-jwt	listStaff	warehouse.service	-
GET	/api/v1/warehouse/staff/absences	warehouse	yes	admin-jwt	listAbsences	warehouse.service	-
POST	/api/v1/warehouse/staff/absences	warehouse	yes	admin-jwt	logAbsence	warehouse.service	-
GET	/api/v1/warehouse/staff/incentive-criteria	warehouse	yes	admin-jwt	getIncentiveCriteria	warehouse.service	-
GET	/api/v1/warehouse/staff/performance	warehouse	yes	admin-jwt	getStaffPerformance	warehouse.service	-
GET	/api/v1/warehouse/staff/roster/weekly	warehouse	yes	admin-jwt	getWeeklyRoster	warehouse.service	-
POST	/api/v1/warehouse/staff/roster/weekly/publish	warehouse	yes	admin-jwt	publishWeeklyRoster	warehouse.service	-
GET	/api/v1/warehouse/staff/shifts	warehouse	yes	admin-jwt	listShifts	warehouse.service	-
POST	/api/v1/warehouse/staff/shifts	warehouse	yes	admin-jwt	createShift	warehouse.service	-
GET	/api/v1/warehouse/staff/shifts/:id	warehouse	yes	admin-jwt	getShiftById	warehouse.service	-
PUT	/api/v1/warehouse/staff/shifts/:id	warehouse	yes	admin-jwt	updateShift	warehouse.service	-
POST	/api/v1/warehouse/staff/shifts/auto-assign	warehouse	yes	admin-jwt	autoAssignShifts	warehouse.service	-
GET	/api/v1/warehouse/staff/shifts/coverage	warehouse	yes	admin-jwt	getShiftCoverage	warehouse.service	-
GET	/api/v1/warehouse/staff/summary	warehouse	yes	admin-jwt	getStaffSummary	warehouse.service	-
GET	/api/v1/warehouse/transfers	warehouse	yes	admin-jwt	listInterWarehouseTransfers	warehouse.service	-
POST	/api/v1/warehouse/transfers	warehouse	yes	admin-jwt	requestInterWarehouseTransfer	warehouse.service	-
GET	/api/v1/warehouse/transfers/:id	warehouse	yes	admin-jwt	getInterWarehouseTransferDetails	warehouse.service	-
GET	/api/v1/warehouse/transfers/:id/items	warehouse	yes	admin-jwt	getInterWarehouseTransferItems	warehouse.service	-
PUT	/api/v1/warehouse/transfers/:id/status	warehouse	yes	admin-jwt	updateInterWarehouseTransferStatus	warehouse.service	-
GET	/api/v1/warehouse/transfers/export	warehouse	yes	admin-jwt	exportInterWarehouseTransfers	warehouse.service	-
POST	/api/v1/warehouse/utilities/bin-reassignment	warehouse	yes	admin-jwt	reassignBins	warehouse.service	-
POST	/api/v1/warehouse/utilities/generate-labels	warehouse	yes	admin-jwt	generateLabels	warehouse.service	-
GET	/api/v1/warehouse/utilities/logs	warehouse	yes	admin-jwt	getLogs	warehouse.service	-
POST	/api/v1/warehouse/utilities/print-barcodes	warehouse	yes	admin-jwt	printBarcodes	warehouse.service	-
POST	/api/v1/warehouse/utilities/reassign-bins	warehouse	yes	admin-jwt	reassignBins	warehouse.service	-
POST	/api/v1/warehouse/utilities/upload-skus	warehouse	yes	admin-jwt	uploadSKUs	warehouse.service	-
GET	/api/v1/warehouse/utilities/zones	warehouse	yes	admin-jwt	getZones	warehouse.service	-
GET	/api/v1/warehouse/workforce/attendance	warehouse	yes	admin-jwt	getWorkforceAttendance	warehouse.service	-
POST	/api/v1/warehouse/workforce/attendance	warehouse	yes	admin-jwt	logWorkforceAttendance	warehouse.service	-
GET	/api/v1/warehouse/workforce/leave-requests	warehouse	yes	admin-jwt	getLeaveRequests	warehouse.service	-
POST	/api/v1/warehouse/workforce/leave-requests	warehouse	yes	admin-jwt	createLeaveRequest	warehouse.service	-
PUT	/api/v1/warehouse/workforce/leave-requests/:id/status	warehouse	yes	admin-jwt	updateLeaveStatus	warehouse.service	-
GET	/api/v1/warehouse/workforce/performance	warehouse	yes	admin-jwt	getWorkforcePerformance	warehouse.service	-
GET	/api/v1/warehouse/workforce/schedule	warehouse	yes	admin-jwt	getWorkforceSchedule	warehouse.service	-
POST	/api/v1/warehouse/workforce/schedule	warehouse	yes	admin-jwt	createWorkforceSchedule	warehouse.service	-
GET	/api/v1/warehouse/workforce/schedule/:id	warehouse	yes	admin-jwt	getWorkforceSchedule	warehouse.service	-
POST	/api/v1/warehouse/workforce/schedule/:id/assign	warehouse	yes	admin-jwt	assignWorkforceStaff	warehouse.service	-
GET	/api/v1/warehouse/workforce/staff	warehouse	yes	admin-jwt	getWorkforceStaff	warehouse.service	-
POST	/api/v1/warehouse/workforce/staff	warehouse	yes	admin-jwt	addWorkforceStaff	warehouse.service	-
GET	/api/v1/warehouse/workforce/staff/:id	warehouse	yes	admin-jwt	getWorkforceStaffDetails	warehouse.service	-
GET	/api/v1/warehouse/workforce/staff/:id/details	warehouse	yes	admin-jwt	getWorkforceStaffDetails	warehouse.service	-
GET	/api/v1/warehouse/workforce/training	warehouse	yes	admin-jwt	getTrainings	warehouse.service	-
POST	/api/v1/warehouse/workforce/training	warehouse	yes	admin-jwt	createTraining	warehouse.service	-
GET	/api/v1/warehouse/workforce/training/:id	warehouse	yes	admin-jwt	getTrainingDetails	warehouse.service	-
GET	/api/v1/warehouse/workforce/training/:id/details	warehouse	yes	admin-jwt	getTrainingDetails	warehouse.service	-
POST	/api/v1/warehouse/workforce/training/:id/enroll	warehouse	yes	admin-jwt	enrollStaff	warehouse.service	-
GET	/health	health	no	-	inline-handler	-	app.ts
GET	/health/db	health	no	-	inline-handler	-	app.ts
GET	/health/ready	health	no	-	inline-handler	-	app.ts
GET	/healthz	health	no	-	inline-handler	-	app.ts